{"type":"FeatureCollection","features":[{"type":"Feature","properties":{"id":"relation/4185910","nombre":"X-CR02_I","distrito":"Bellavista","tipo":"osm"},"geometry":{"type":"MultiLineString","coordinates":[[[-77.04266,-12.11872],[-77.04154,-12.11619],[-77.03992,-12.11414],[-77.0255,-12.11352],[-77.02633,-12.11359]],[[-77.03699,-12.11402],[-77.03992,-12.11414],[-77.03732,-12.11082]],[[-77.12148,-12.06569],[-77.12685,-12.06359],[-77.12136,-12.06577],[-77.12011,-12.06554],[-77.11975,-12.06561],[-77.12011,-12.06554],[-77.12136,-12.06577]],[[-77.11966,-12.06479],[-77.1192,-12.0648],[-77.11966,-12.06479],[-77.11994,-12.06511],[-77.1199,-12.06542],[-77.11955,-12.0659],[-77.12043,-12.06748],[-77.11956,-12.06594],[-77.11962,-12.06572],[-77.1191,-12.06584],[-77.11881,-12.06558],[-77.11882,-12.06514],[-77.1192,-12.0648]],[[-77.012,-12.11261],[-77.0255,-12.11352],[-77.00004,-12.11179],[-77.00031,-12.11181]],[[-77.1223,-12.07293],[-77.11016,-12.07738],[-77.10448,-12.08054],[-77.08503,-12.08935],[-77.08563,-12.09064],[-77.08485,-12.0907],[-77.08563,-12.09064]],[[-77.07428,-12.09562],[-77.07732,-12.0945],[-77.08485,-12.0907],[-77.07732,-12.0945],[-77.07224,-12.09634],[-77.07245,-12.09692],[-77.07224,-12.09634]],[[-77.00004,-12.11179],[-76.97783,-12.11025],[-76.97867,-12.11031]],[[-77.10788,-12.07866],[-77.10448,-12.08054],[-77.09647,-12.08412]],[[-77.11309,-12.07632],[-77.11053,-12.07724]],[[-76.96263,-12.10297],[-76.96281,-12.10322],[-76.96525,-12.10502],[-76.96532,-12.10488],[-76.96549,-12.10488],[-76.96555,-12.10504],[-76.96542,-12.10515],[-76.96611,-12.10568],[-76.97147,-12.10951],[-76.97276,-12.10988],[-76.97783,-12.11025]],[[-76.96542,-12.10515],[-76.96525,-12.10502]],[[-77.04839,-12.11323],[-77.04861,-12.11325],[-77.04866,-12.11305],[-77.04853,-12.11328],[-77.04835,-12.11315],[-77.04701,-12.11318],[-77.04232,-12.11788]],[[-77.07245,-12.09692],[-77.06321,-12.10017],[-77.06036,-12.10123],[-77.05987,-12.10152],[-77.05914,-12.10214],[-77.0527,-12.10906],[-77.04866,-12.11305]],[[-77.05844,-12.1029],[-77.0583,-12.10306],[-77.05844,-12.1029]],[[-77.07176,-12.09715],[-77.06036,-12.10123],[-77.05938,-12.10188],[-77.05844,-12.1029]],[[-77.0583,-12.10306],[-77.05338,-12.10835]],[[-77.12144,-12.07325],[-77.11325,-12.07626],[-77.12144,-12.07325]],[[-77.12251,-12.07111],[-77.12043,-12.06748],[-77.12334,-12.07254],[-77.12321,-12.07259]],[[-77.13172,-12.06951],[-77.12334,-12.07254]],[[-77.13978,-12.05233],[-77.1396,-12.05272],[-77.13914,-12.05287],[-77.13866,-12.05276],[-77.13841,-12.05236],[-77.1385,-12.05198],[-77.1388,-12.05175],[-77.13922,-12.05173],[-77.13956,-12.05187],[-77.13989,-12.05268],[-77.14227,-12.05563],[-77.14249,-12.05623],[-77.14296,-12.05927],[-77.14308,-12.06087],[-77.14266,-12.06358],[-77.13357,-12.06119],[-77.12745,-12.06335],[-77.13357,-12.06119],[-77.13186,-12.06074]],[[-77.15792,-12.06817],[-77.15669,-12.06729],[-77.15568,-12.06681],[-77.15035,-12.06564],[-77.14266,-12.06358]]]}},{"type":"Feature","properties":{"id":"relation/4185996","nombre":"X-CR04-I","distrito":"Bellavista","tipo":"osm"},"geometry":{"type":"MultiLineString","coordinates":[[[-77.04313,-12.04658],[-77.04289,-12.04678],[-77.04257,-12.04676],[-77.04234,-12.04645],[-77.0424,-12.04617],[-77.04267,-12.04598],[-77.04298,-12.04604],[-77.04317,-12.0463],[-77.04313,-12.04658],[-77.04338,-12.04647],[-77.04418,-12.04654],[-77.07658,-12.04985],[-77.10117,-12.05414]],[[-77.13245,-12.05947],[-77.12735,-12.05903],[-77.12024,-12.05816],[-77.10186,-12.05427]],[[-77.13214,-12.06055],[-77.13233,-12.05953]],[[-77.14868,-12.05971],[-77.14782,-12.06126],[-77.14699,-12.06182],[-77.14673,-12.06371],[-77.14275,-12.06317],[-77.14266,-12.06358],[-77.13186,-12.06074],[-77.13188,-12.06058]],[[-77.16485,-12.07253],[-77.16427,-12.07324],[-77.15792,-12.06817],[-77.15669,-12.06729],[-77.15576,-12.06683],[-77.15035,-12.06564],[-77.14266,-12.06358]],[[-77.15792,-12.06817],[-77.15772,-12.06778],[-77.15795,-12.06743],[-77.15788,-12.06732],[-77.15458,-12.06523],[-77.15131,-12.06384],[-77.15113,-12.06348],[-77.15124,-12.06221],[-77.15112,-12.06189],[-77.14865,-12.05975]]]}},{"type":"Feature","properties":{"id":"relation/4186018","nombre":"X-CR05-I","distrito":"Bellavista","tipo":"osm"},"geometry":{"type":"MultiLineString","coordinates":[[[-77.13294,-12.06793],[-77.12011,-12.06554],[-77.11975,-12.06561],[-77.11994,-12.06511],[-77.11955,-12.06477],[-77.1192,-12.0648],[-77.11896,-12.06497],[-77.11876,-12.06541],[-77.11843,-12.06525],[-77.10711,-12.06331],[-77.10429,-12.06329],[-77.08506,-12.06122],[-77.08455,-12.06129],[-77.0826,-12.06107],[-77.06869,-12.05795],[-77.05753,-12.05578],[-77.05656,-12.0558],[-77.0421,-12.06014],[-77.04205,-12.06]],[[-77.03935,-12.06447],[-77.03943,-12.06478],[-77.03907,-12.06488],[-77.03898,-12.06455],[-77.03914,-12.06443],[-77.03935,-12.06447],[-77.03947,-12.06431],[-77.04128,-12.06088],[-77.04192,-12.06064],[-77.0421,-12.06014]],[[-77.03902,-12.06484],[-77.03632,-12.0644]],[[-77.04143,-12.06077],[-77.04111,-12.06057],[-77.041,-12.0602],[-77.04111,-12.05991],[-77.04142,-12.05971]],[[-77.11975,-12.06561],[-77.1191,-12.06584],[-77.11876,-12.06541]],[[-77.13431,-12.06822],[-77.134,-12.06844],[-77.13353,-12.06842],[-77.13307,-12.06817],[-77.13294,-12.06786],[-77.13317,-12.06762],[-77.13372,-12.0676],[-77.13421,-12.06787],[-77.13431,-12.06822]],[[-77.13537,-12.06165],[-77.13427,-12.06794]],[[-77.13453,-12.05149],[-77.13447,-12.05179],[-77.13422,-12.05198],[-77.13385,-12.0519],[-77.1337,-12.05162],[-77.13383,-12.05129],[-77.1341,-12.05117],[-77.13479,-12.05157],[-77.13949,-12.05181],[-77.13971,-12.05205],[-77.13997,-12.05281],[-77.14227,-12.05563],[-77.14254,-12.05651],[-77.14306,-12.06028],[-77.14306,-12.06117],[-77.14266,-12.06358],[-77.13186,-12.06074]],[[-77.15792,-12.06817],[-77.15669,-12.06729],[-77.15568,-12.06681],[-77.15035,-12.06564],[-77.14266,-12.06358]],[[-77.13978,-12.05233],[-77.1397,-12.05259],[-77.13946,-12.0528],[-77.13901,-12.05286],[-77.13866,-12.05276],[-77.13846,-12.05253],[-77.13843,-12.05221],[-77.13854,-12.05193],[-77.13889,-12.05173]],[[-77.13594,-12.04332],[-77.13429,-12.05094],[-77.13437,-12.05125]]]}},{"type":"Feature","properties":{"id":"relation/4186088","nombre":"X-CR07-I","distrito":"Bellavista","tipo":"osm"},"geometry":{"type":"MultiLineString","coordinates":[[[-77.12667,-12.04193],[-77.12592,-12.0501],[-77.1257,-12.05053],[-77.12615,-12.05053],[-77.12632,-12.05088],[-77.1261,-12.05119],[-77.12565,-12.05111],[-77.12573,-12.05141],[-77.12565,-12.05194],[-77.1252,-12.05263],[-77.12927,-12.05484],[-77.12854,-12.0583],[-77.12858,-12.05847],[-77.13822,-12.0527],[-77.13841,-12.05229]],[[-77.12565,-12.05111],[-77.12554,-12.05082],[-77.1257,-12.05053]],[[-77.12666,-12.04208],[-77.12574,-12.04042],[-77.12136,-12.042],[-77.11556,-12.04272],[-77.10941,-12.04433],[-77.1097,-12.04542],[-77.10962,-12.04583],[-77.10726,-12.04553],[-77.10704,-12.04571],[-77.1041,-12.04544],[-77.09939,-12.04525],[-77.09875,-12.04517],[-77.09903,-12.04475],[-77.09892,-12.0442],[-77.09905,-12.04252],[-77.09892,-12.04196],[-77.0991,-12.03997]],[[-77.10734,-12.04557],[-77.10731,-12.04572],[-77.10716,-12.04568]],[[-77.11966,-12.06479],[-77.11995,-12.06517],[-77.11975,-12.06561],[-77.11928,-12.06584],[-77.11893,-12.06574],[-77.11876,-12.0653],[-77.11908,-12.06488],[-77.11988,-12.06477],[-77.12243,-12.06295],[-77.12253,-12.06307]],[[-77.0983,-12.04846],[-77.06587,-12.04561],[-77.06518,-12.04575],[-77.06444,-12.04549],[-77.05229,-12.04433],[-77.05086,-12.04438],[-77.04341,-12.04371],[-77.04353,-12.04337],[-77.04345,-12.04312],[-77.04278,-12.04295],[-77.04292,-12.04281],[-77.04405,-12.03047],[-77.04683,-12.0307],[-77.0472,-12.03054],[-77.05007,-12.03018],[-77.05177,-12.02964]],[[-77.13307,-12.06817],[-77.13275,-12.06915],[-77.11325,-12.07626],[-77.11176,-12.07244],[-77.11123,-12.07187],[-77.11007,-12.07108],[-77.10955,-12.0701],[-77.10553,-12.07166],[-77.10517,-12.07165],[-77.10495,-12.07147],[-77.10417,-12.06842],[-77.10409,-12.0668],[-77.10474,-12.06316],[-77.1052,-12.05868],[-77.106,-12.05515],[-77.11485,-12.05704],[-77.11515,-12.05358],[-77.11993,-12.05407],[-77.12075,-12.05455],[-77.12189,-12.05578],[-77.12241,-12.0549],[-77.1252,-12.05263]],[[-77.0755,-12.02587],[-77.08008,-12.02421],[-77.0899,-12.01944],[-77.09004,-12.01924],[-77.09135,-12.01856],[-77.09182,-12.01808],[-77.09714,-12.01015],[-77.10404,-11.99602],[-77.10485,-11.9951],[-77.10497,-11.99419],[-77.10631,-11.99139],[-77.1072,-11.99053]],[[-77.09524,-12.01288],[-77.09704,-12.01013],[-77.09852,-12.00718]],[[-77.04341,-12.04371],[-77.0428,-12.04379],[-77.04253,-12.04361],[-77.04248,-12.0432],[-77.04278,-12.04295]],[[-77.11325,-12.07626],[-77.11309,-12.07632]],[[-77.12243,-12.06295],[-77.12153,-12.06145],[-77.12121,-12.06002],[-77.12127,-12.05911],[-77.12156,-12.05821],[-77.12189,-12.05578]],[[-77.12989,-12.06731],[-77.12795,-12.06802],[-77.12167,-12.06681],[-77.12033,-12.06754],[-77.11948,-12.06605],[-77.11914,-12.06584]],[[-77.13294,-12.06793],[-77.12136,-12.06577]],[[-77.13431,-12.06822],[-77.134,-12.06844],[-77.13353,-12.06842],[-77.13307,-12.06817],[-77.13294,-12.06786],[-77.13317,-12.06762],[-77.13372,-12.0676],[-77.13421,-12.06787],[-77.13431,-12.06822],[-77.13587,-12.0679],[-77.13672,-12.06201]],[[-77.13978,-12.05233],[-77.13956,-12.05187],[-77.13901,-12.05172],[-77.13854,-12.05193],[-77.13841,-12.05236],[-77.13866,-12.05276],[-77.13914,-12.05287],[-77.1396,-12.05272],[-77.13978,-12.05233],[-77.13997,-12.05281],[-77.14227,-12.05563],[-77.14249,-12.05623],[-77.14296,-12.05927],[-77.14308,-12.06087],[-77.14266,-12.06358],[-77.13186,-12.06074]],[[-77.15792,-12.06817],[-77.15669,-12.06729],[-77.15568,-12.06681],[-77.15035,-12.06564],[-77.14266,-12.06358]],[[-77.08834,-12.03784],[-77.08762,-12.04056],[-77.08748,-12.04062],[-77.08744,-12.04085],[-77.08604,-12.04016],[-77.08584,-12.04245],[-77.07022,-12.04116],[-77.07008,-12.04125],[-77.06576,-12.0408]],[[-77.08758,-12.04081],[-77.08744,-12.04085]],[[-77.08762,-12.04056],[-77.08764,-12.04068]],[[-77.09413,-12.04081],[-77.08625,-12.03928]],[[-77.09852,-12.04181],[-77.0941,-12.04098]],[[-77.09449,-12.03914],[-77.09378,-12.0424],[-77.09321,-12.0435]],[[-77.09897,-12.04142],[-77.09422,-12.04042]],[[-77.09939,-12.04525],[-77.09868,-12.04523],[-77.09851,-12.04606]],[[-77.09868,-12.04523],[-77.09875,-12.04517]],[[-77.06616,-12.03635],[-77.06573,-12.04118],[-77.05913,-12.04055],[-77.0587,-12.04494]],[[-77.04367,-12.03816],[-77.04354,-12.03937]],[[-77.05585,-12.03089],[-77.05392,-12.03054],[-77.05297,-12.02987],[-77.0526,-12.02985],[-77.05264,-12.02944],[-77.05471,-12.0264],[-77.05725,-12.02815],[-77.0582,-12.02817],[-77.05841,-12.0284],[-77.05845,-12.02868],[-77.05821,-12.02902],[-77.05778,-12.02906],[-77.05753,-12.02885],[-77.05748,-12.02844],[-77.05767,-12.0282]],[[-77.05843,-12.02844],[-77.05904,-12.02926],[-77.05994,-12.02979],[-77.06077,-12.0299],[-77.06268,-12.02968],[-77.065,-12.02926],[-77.0662,-12.02831],[-77.06741,-12.02782],[-77.06879,-12.02798],[-77.06966,-12.02833],[-77.07007,-12.02828],[-77.07099,-12.02776],[-77.07418,-12.0265],[-77.07508,-12.026]]]}},{"type":"Feature","properties":{"id":"relation/4186325","nombre":"X-CR09-I","distrito":"Bellavista","tipo":"osm"},"geometry":{"type":"MultiLineString","coordinates":[[[-77.11824,-12.05022],[-77.06587,-12.04561],[-77.06518,-12.04575],[-77.06444,-12.04549],[-77.05229,-12.04433],[-77.05086,-12.04438],[-77.04341,-12.04371]],[[-77.12666,-12.04208],[-77.12574,-12.04042],[-77.12136,-12.042],[-77.11556,-12.04272],[-77.10941,-12.04433],[-77.1097,-12.04542],[-77.10923,-12.04943]],[[-77.04333,-12.04376],[-77.04312,-12.04422],[-77.04299,-12.04571],[-77.04316,-12.04649],[-77.04289,-12.04678],[-77.04245,-12.04668],[-77.04233,-12.04637],[-77.04246,-12.04609],[-77.04275,-12.04598],[-77.04304,-12.04608]],[[-77.12983,-12.02646],[-77.13115,-12.02714],[-77.12798,-12.02852],[-77.12765,-12.03023],[-77.12766,-12.03093],[-77.12794,-12.03183],[-77.12802,-12.03273],[-77.12769,-12.03426],[-77.12741,-12.03706],[-77.12718,-12.03813],[-77.12656,-12.04458]],[[-77.13142,-12.02503],[-77.13055,-12.02678],[-77.1304,-12.02735]],[[-77.13653,-12.02211],[-77.13581,-12.02223],[-77.13344,-12.02321],[-77.13387,-12.02422],[-77.1317,-12.02509],[-77.13078,-12.02474],[-77.13065,-12.02446],[-77.12985,-12.02409],[-77.12904,-12.02392]],[[-77.13616,-12.02055],[-77.13626,-12.02059],[-77.13696,-12.02449],[-77.13792,-12.02407],[-77.13813,-12.02282]]]}},{"type":"Feature","properties":{"id":"relation/4193499","nombre":"X-CR13-I","distrito":"Bellavista","tipo":"osm"},"geometry":{"type":"MultiLineString","coordinates":[[[-77.12554,-11.99637],[-77.12592,-11.9964],[-77.12627,-11.99668],[-77.12609,-11.9972],[-77.12578,-11.99749],[-77.12147,-11.99917],[-77.12089,-11.99922],[-77.11789,-12.00038],[-77.11677,-12.00115],[-77.11578,-12.00236],[-77.11546,-12.00345],[-77.11456,-12.00499],[-77.11217,-12.00983],[-77.11123,-12.01205],[-77.11111,-12.01292],[-77.11004,-12.01449],[-77.10885,-12.0168],[-77.10854,-12.0172],[-77.10765,-12.01897],[-77.10756,-12.01942],[-77.10675,-12.02092],[-77.10642,-12.02209],[-77.1056,-12.02312],[-77.10525,-12.02382],[-77.10516,-12.02446],[-77.10342,-12.02752],[-77.10307,-12.02789],[-77.09976,-12.03446],[-77.09946,-12.03547],[-77.09933,-12.03924],[-77.09905,-12.04181],[-77.09916,-12.04246],[-77.09902,-12.04432],[-77.09913,-12.04475],[-77.09873,-12.04544],[-77.09847,-12.04822],[-77.09836,-12.05133],[-77.09792,-12.05488],[-77.09722,-12.06265],[-77.09741,-12.06655],[-77.0976,-12.06777],[-77.09915,-12.07271],[-77.10005,-12.07376],[-77.10008,-12.07427],[-77.09383,-12.07731],[-77.09246,-12.07779],[-77.09089,-12.07806],[-77.08185,-12.07828],[-77.08066,-12.07842],[-77.07805,-12.07923],[-77.06579,-12.08368],[-77.06487,-12.0842],[-77.06432,-12.08555],[-77.06295,-12.0867],[-77.05085,-12.09471]],[[-76.94168,-12.05347],[-76.94243,-12.05485],[-76.94372,-12.05614],[-76.95084,-12.05988],[-76.95392,-12.06119],[-76.95877,-12.06187],[-76.96083,-12.06263]],[[-76.98906,-12.07778],[-76.98436,-12.08379],[-76.98398,-12.0857],[-76.98408,-12.086],[-76.98436,-12.08607],[-76.98478,-12.08586],[-76.98487,-12.08554],[-76.98469,-12.08525],[-76.98423,-12.08511],[-76.98147,-12.085],[-76.97059,-12.08363],[-76.9698,-12.0837],[-76.96931,-12.08291],[-76.96749,-12.08174],[-76.96692,-12.08117],[-76.96486,-12.07807],[-76.96364,-12.07567],[-76.96285,-12.07479],[-76.96165,-12.07394],[-76.95655,-12.07159],[-76.95834,-12.06786],[-76.95333,-12.06512],[-76.9519,-12.0635],[-76.94909,-12.06264],[-76.94606,-12.0627],[-76.94206,-12.0606],[-76.94444,-12.05657]],[[-76.95847,-12.06792],[-76.95834,-12.06786],[-76.95841,-12.06772]],[[-76.96957,-12.08334],[-76.96973,-12.08298],[-76.97016,-12.0829],[-76.97045,-12.0832],[-76.97033,-12.08364]],[[-77.0532,-12.09316],[-77.05002,-12.08694],[-77.0493,-12.08582],[-77.04888,-12.08545],[-77.04856,-12.08549],[-77.02681,-12.08251],[-77.02092,-12.08137],[-77.01986,-12.0813],[-77.01843,-12.08154],[-77.01085,-12.0849],[-77.00987,-12.08499],[-76.99878,-12.08335],[-76.99582,-12.08169],[-76.99342,-12.08102],[-76.98894,-12.0777]],[[-77.11859,-11.99949],[-77.12446,-11.9975],[-77.12546,-11.99645]],[[-77.08505,-11.95512],[-77.08356,-11.95491],[-77.0834,-11.95497],[-77.08103,-11.95683],[-77.07603,-11.95938],[-77.07625,-11.96079],[-77.07658,-11.96165],[-77.08325,-11.97654],[-77.0849,-11.97614],[-77.08566,-11.9758],[-77.08725,-11.97435],[-77.08753,-11.97339],[-77.08786,-11.97326],[-77.08814,-11.97334],[-77.08847,-11.97395],[-77.08916,-11.97458],[-77.09185,-11.97686],[-77.10605,-11.98951],[-77.11464,-11.99864],[-77.1155,-11.99923],[-77.11661,-11.99971],[-77.11765,-11.99988],[-77.11856,-11.99951]],[[-77.08361,-11.96182],[-77.08491,-11.95317]]]}},{"type":"Feature","properties":{"id":"relation/4203897","nombre":"X-CR16-I","distrito":"Bellavista","tipo":"osm"},"geometry":{"type":"MultiLineString","coordinates":[[[-77.1063,-12.02136],[-77.10656,-12.02158],[-77.10642,-12.02209],[-77.1056,-12.02312],[-77.10525,-12.02382],[-77.10516,-12.02446],[-77.10342,-12.02752],[-77.10307,-12.02789],[-77.10048,-12.03314],[-77.1001,-12.0336],[-77.09946,-12.03547],[-77.09933,-12.03924],[-77.09904,-12.04197],[-77.09916,-12.04246],[-77.09902,-12.04421],[-77.09913,-12.04475],[-77.09873,-12.04544],[-77.09847,-12.04822],[-77.09836,-12.05133],[-77.09792,-12.05488],[-77.09722,-12.06265],[-77.09741,-12.06655],[-77.0976,-12.06777],[-77.09915,-12.07271],[-77.10005,-12.07376],[-77.10008,-12.07427],[-77.09383,-12.07731],[-77.09246,-12.07779],[-77.09089,-12.07806],[-77.08185,-12.07828],[-77.08066,-12.07842],[-77.07805,-12.07923],[-77.06579,-12.08368],[-77.06487,-12.0842],[-77.06432,-12.08555],[-77.06295,-12.0867],[-77.05085,-12.09471]],[[-76.92293,-12.08009],[-76.91701,-12.07729],[-76.91639,-12.07891],[-76.91584,-12.07871]],[[-76.92311,-12.08013],[-76.92353,-12.08034],[-76.92514,-12.08054],[-76.92742,-12.08171],[-76.92823,-12.08197]],[[-76.95159,-12.07938],[-76.95105,-12.07962],[-76.95043,-12.07959],[-76.94049,-12.07631]],[[-76.92833,-12.08201],[-76.9299,-12.08269],[-76.93067,-12.08288],[-76.93314,-12.08277],[-76.93521,-12.08249],[-76.93539,-12.08238],[-76.93544,-12.08129],[-76.93568,-12.08027],[-76.9361,-12.07931],[-76.93674,-12.07837],[-76.9375,-12.07758],[-76.93828,-12.07701],[-76.94016,-12.07621]],[[-76.98906,-12.07778],[-76.98436,-12.08379],[-76.98398,-12.08563],[-76.98405,-12.08597],[-76.98428,-12.08608],[-76.98474,-12.08589],[-76.98487,-12.08558],[-76.98469,-12.08525],[-76.98423,-12.08511],[-76.98147,-12.085],[-76.97059,-12.08363],[-76.9698,-12.0837],[-76.96931,-12.08291],[-76.96749,-12.08174],[-76.96692,-12.08117],[-76.96486,-12.07807],[-76.96364,-12.07567],[-76.96285,-12.07479],[-76.96165,-12.07394],[-76.9567,-12.07165],[-76.95586,-12.07337],[-76.95585,-12.07375],[-76.95553,-12.07359],[-76.95527,-12.07377],[-76.95529,-12.07408],[-76.95566,-12.07421],[-76.95539,-12.07444],[-76.95434,-12.07667],[-76.95385,-12.07733]],[[-76.95585,-12.07375],[-76.95587,-12.074],[-76.95566,-12.07421]],[[-76.96957,-12.08334],[-76.96973,-12.08298],[-76.97016,-12.0829],[-76.97045,-12.0832],[-76.97033,-12.08364]],[[-77.0532,-12.09316],[-77.05002,-12.08694],[-77.0493,-12.08582],[-77.04888,-12.08545],[-77.04856,-12.08549],[-77.02681,-12.08251],[-77.02092,-12.08137],[-77.01986,-12.0813],[-77.01843,-12.08154],[-77.01085,-12.0849],[-77.00987,-12.08499],[-76.99878,-12.08335],[-76.99582,-12.08169],[-76.99342,-12.08102],[-76.98894,-12.0777]],[[-77.06228,-12.00423],[-77.0629,-12.00453],[-77.07412,-12.00623],[-77.07492,-12.00633],[-77.07686,-12.00624],[-77.08256,-12.00655],[-77.08417,-12.00694],[-77.08556,-12.00773],[-77.0896,-12.01115],[-77.09027,-12.0116],[-77.09303,-12.01228],[-77.09408,-12.01279],[-77.0952,-12.01353],[-77.0959,-12.01411],[-77.09987,-12.01839],[-77.10125,-12.01944],[-77.10568,-12.02163],[-77.10605,-12.02153]],[[-77.0622,-12.00411],[-77.06231,-12.00438],[-77.0622,-12.00462],[-77.06193,-12.00472],[-77.06169,-12.00461],[-77.06158,-12.00436],[-77.06169,-12.00411],[-77.06194,-12.00401],[-77.0622,-12.00411],[-77.06217,-12.00329],[-77.06243,-12.00091],[-77.06295,-11.99768],[-77.06347,-11.9969],[-77.0644,-11.9907],[-77.06459,-11.99036],[-77.06424,-11.99043],[-77.06377,-11.99032],[-77.06358,-11.99005],[-77.06365,-11.98977],[-77.06326,-11.98987],[-77.05721,-11.98894]],[[-77.06365,-11.98977],[-77.06403,-11.98963],[-77.06459,-11.98977],[-77.06472,-11.9901],[-77.06459,-11.99036]],[[-77.042,-11.89987],[-77.03959,-11.90118],[-77.03917,-11.90154],[-77.03683,-11.90509],[-77.03604,-11.90586],[-77.03438,-11.90844],[-77.03679,-11.90934],[-77.03748,-11.90984],[-77.04062,-11.91537],[-77.04144,-11.91772],[-77.04226,-11.92242],[-77.04283,-11.92674],[-77.04314,-11.92803],[-77.04463,-11.93112],[-77.0468,-11.93372],[-77.04893,-11.93677],[-77.04968,-11.93793],[-77.05019,-11.93921],[-77.05058,-11.94418],[-77.04937,-11.94923],[-77.0494,-11.94988],[-77.04973,-11.9504],[-77.0508,-11.95136],[-77.05117,-11.95195],[-77.05583,-11.96579],[-77.05749,-11.96866],[-77.0576,-11.96915],[-77.05755,-11.97207],[-77.05793,-11.97363],[-77.05949,-11.97635],[-77.05991,-11.97652],[-77.06005,-11.97676],[-77.05951,-11.97928],[-77.05955,-11.97987],[-77.05807,-11.98682],[-77.0573,-11.98846],[-77.05721,-11.98907]],[[-77.03438,-11.90844],[-77.03418,-11.90859]],[[-77.04135,-11.90303],[-77.04176,-11.90277],[-77.04214,-11.90215],[-77.04238,-11.90055],[-77.0417,-11.89943],[-77.0393,-11.89789],[-77.04066,-11.89548],[-77.04226,-11.89448],[-77.04159,-11.89408],[-77.04008,-11.89351],[-77.03946,-11.89301]],[[-77.04336,-11.89389],[-77.04226,-11.89448]],[[-77.03892,-11.89239],[-77.03906,-11.89255]],[[-77.04796,-11.89651],[-77.04573,-11.89275],[-77.04461,-11.89143],[-77.04389,-11.89101],[-77.0433,-11.89087],[-77.04278,-11.89091],[-77.0405,-11.89164],[-77.04006,-11.89185],[-77.03912,-11.89262]]]}},{"type":"Feature","properties":{"id":"relation/4204154","nombre":"X-CR19-I","distrito":"Bellavista","tipo":"osm"},"geometry":{"type":"MultiLineString","coordinates":[[[-77.13058,-11.87791],[-77.13022,-11.87775],[-77.12957,-11.87772],[-77.12787,-11.87793],[-77.12712,-11.87834],[-77.12669,-11.87895],[-77.12646,-11.87989],[-77.12629,-11.88433],[-77.12635,-11.88508],[-77.12615,-11.88656],[-77.12624,-11.89161],[-77.12705,-11.89761],[-77.12804,-11.90031],[-77.12828,-11.9014],[-77.12878,-11.90818],[-77.12864,-11.9131],[-77.13062,-11.9319],[-77.13187,-11.94836],[-77.13165,-11.94985],[-77.12653,-11.96525],[-77.12587,-11.96767],[-77.12524,-11.97147],[-77.12506,-11.97601],[-77.12577,-11.99239],[-77.12629,-11.99684],[-77.12578,-11.99749],[-77.12147,-11.99917],[-77.12089,-11.99922],[-77.1177,-12.00047],[-77.11677,-12.00115],[-77.11578,-12.00236],[-77.11546,-12.00345],[-77.11456,-12.00499],[-77.11217,-12.00983],[-77.11123,-12.01205],[-77.11111,-12.01292],[-77.11004,-12.01449],[-77.10885,-12.0168],[-77.10854,-12.0172],[-77.10765,-12.01897],[-77.10756,-12.01942],[-77.10675,-12.02092],[-77.10642,-12.02209],[-77.1056,-12.02312],[-77.10525,-12.02382],[-77.10516,-12.02446],[-77.10342,-12.02752],[-77.10307,-12.02789],[-77.09983,-12.03426],[-77.09946,-12.03547],[-77.09933,-12.03924],[-77.09904,-12.04197],[-77.09916,-12.04246],[-77.09902,-12.04421],[-77.09913,-12.04475],[-77.09873,-12.04544],[-77.09847,-12.04822],[-77.09836,-12.05133],[-77.09792,-12.05488],[-77.09722,-12.06265],[-77.09741,-12.06655],[-77.0976,-12.06777],[-77.09915,-12.07271],[-77.10005,-12.07376],[-77.10008,-12.07427],[-77.09383,-12.07731],[-77.09246,-12.07779],[-77.09089,-12.07806],[-77.08185,-12.07828],[-77.08066,-12.07842],[-77.07805,-12.07923],[-77.06579,-12.08368],[-77.06487,-12.0842],[-77.06432,-12.08555],[-77.06295,-12.0867],[-77.05076,-12.09478],[-77.02169,-12.09079],[-77.01109,-12.08921],[-77.00844,-12.08898],[-77.00364,-12.08831],[-77.0003,-12.11189],[-76.99859,-12.11848],[-76.9984,-12.12005],[-76.99844,-12.12141],[-76.9986,-12.12224],[-77.00095,-12.12819],[-77.00156,-12.12869],[-77.00148,-12.12914],[-77.00103,-12.12935],[-77.00063,-12.12913],[-77.00054,-12.12878],[-77.00076,-12.12842],[-77.00109,-12.12833]],[[-77.13045,-11.8777],[-77.13313,-11.87799],[-77.13409,-11.8777],[-77.13891,-11.87212]],[[-77.13894,-11.87208],[-77.14669,-11.86292],[-77.14905,-11.86036],[-77.15102,-11.85912],[-77.1555,-11.85725],[-77.15668,-11.85686],[-77.15837,-11.85675],[-77.15877,-11.85636],[-77.15914,-11.8557],[-77.15911,-11.85535],[-77.15891,-11.85515],[-77.15366,-11.85201],[-77.15264,-11.84822],[-77.15242,-11.84793],[-77.15127,-11.84713],[-77.15084,-11.84592],[-77.15023,-11.84526],[-77.14997,-11.84426],[-77.14947,-11.84441],[-77.14897,-11.84494],[-77.14742,-11.84535],[-77.14781,-11.84711],[-77.1467,-11.84899],[-77.14528,-11.84808],[-77.14442,-11.84487],[-77.14458,-11.84483],[-77.14337,-11.83998],[-77.14297,-11.83924],[-77.14434,-11.83703],[-77.14475,-11.83669],[-77.14588,-11.83639],[-77.14671,-11.83597],[-77.14977,-11.83538],[-77.15628,-11.83385]],[[-77.15142,-11.8354],[-77.15562,-11.8379],[-77.15588,-11.83908],[-77.15517,-11.84028]],[[-77.16328,-11.83835],[-77.15544,-11.84018],[-77.15492,-11.84072]]]}},{"type":"Feature","properties":{"id":"relation/4204283","nombre":"X-CR20-I","distrito":"Bellavista","tipo":"osm"},"geometry":{"type":"MultiLineString","coordinates":[[[-77.00055,-12.12896],[-76.98733,-12.12791],[-76.98634,-12.12817],[-76.97792,-12.13132]],[[-77.1063,-12.02136],[-77.10656,-12.02158],[-77.10642,-12.02209],[-77.1056,-12.02312],[-77.10525,-12.02382],[-77.10516,-12.02446],[-77.10342,-12.02752],[-77.10307,-12.02789],[-77.10048,-12.03314],[-77.1001,-12.0336],[-77.09946,-12.03547],[-77.09933,-12.03924],[-77.09904,-12.04197],[-77.09916,-12.04246],[-77.09902,-12.04421],[-77.09913,-12.04475],[-77.09873,-12.04544],[-77.09847,-12.04822],[-77.09836,-12.05133],[-77.09792,-12.05488],[-77.09722,-12.06265],[-77.09741,-12.06655],[-77.0976,-12.06777],[-77.09915,-12.07271],[-77.10005,-12.07376],[-77.10008,-12.07427],[-77.09383,-12.07731],[-77.09246,-12.07779],[-77.09089,-12.07806],[-77.08185,-12.07828],[-77.08066,-12.07842],[-77.07805,-12.07923],[-77.06579,-12.08368],[-77.06487,-12.0842],[-77.06432,-12.08555],[-77.06295,-12.0867],[-77.05338,-12.09304],[-77.05844,-12.1029],[-77.0527,-12.10906],[-77.04866,-12.11305],[-77.04863,-12.11323],[-77.04845,-12.11327],[-77.04303,-12.1188],[-77.04282,-12.11868],[-77.04257,-12.11878],[-77.04255,-12.11913],[-77.04273,-12.11925],[-77.04295,-12.11921],[-77.04308,-12.11903],[-77.04303,-12.1188]],[[-76.94444,-12.05717],[-76.94343,-12.05662],[-76.94246,-12.05576],[-76.94116,-12.05375]],[[-76.96957,-12.08334],[-76.96973,-12.08298],[-76.97005,-12.08288],[-76.97035,-12.08302],[-76.97047,-12.08332],[-76.97024,-12.0837],[-76.9698,-12.0837],[-76.96931,-12.08291],[-76.9671,-12.08138],[-76.96496,-12.07823],[-76.96364,-12.07567],[-76.96285,-12.07479],[-76.96165,-12.07394],[-76.95655,-12.07159],[-76.95834,-12.06786],[-76.95333,-12.06512],[-76.9519,-12.0635],[-76.94909,-12.06264],[-76.94606,-12.0627],[-76.94206,-12.0606],[-76.94444,-12.05657]],[[-76.95847,-12.06792],[-76.95834,-12.06786],[-76.95841,-12.06772]],[[-76.97707,-12.12828],[-76.97688,-12.12673],[-76.97714,-12.1182],[-76.97775,-12.11338],[-76.97763,-12.11255],[-76.97787,-12.11053],[-76.97775,-12.11034],[-76.97742,-12.11022],[-76.97276,-12.10988],[-76.97045,-12.1043],[-76.97039,-12.10378],[-76.9706,-12.10293],[-76.96905,-12.0989],[-76.9698,-12.0968],[-76.96806,-12.09501],[-76.96743,-12.09353],[-76.96711,-12.09172],[-76.96699,-12.088],[-76.96709,-12.0873],[-76.9677,-12.08629],[-76.96891,-12.08548],[-76.96949,-12.08483],[-76.96976,-12.08417],[-76.96959,-12.08345]],[[-76.97747,-12.13009],[-76.97788,-12.13112]],[[-77.00109,-12.12833],[-77.00142,-12.12847],[-77.00158,-12.12887],[-77.00141,-12.12922],[-77.00103,-12.12935],[-77.00063,-12.12913],[-77.00054,-12.12878],[-77.00076,-12.12842],[-77.00109,-12.12833]],[[-77.02925,-12.11934],[-77.02931,-12.11969],[-77.0324,-12.12383],[-77.03162,-12.12415],[-77.02949,-12.12454],[-77.00218,-12.12882],[-77.00154,-12.12904]],[[-77.04251,-12.11906],[-77.04041,-12.11908],[-77.04035,-12.11883],[-77.04008,-12.1187],[-77.03983,-12.11884],[-77.03979,-12.11909],[-77.02939,-12.11918],[-77.02926,-12.1192],[-77.02914,-12.11949],[-77.02892,-12.11939],[-77.02897,-12.11897],[-77.02914,-12.11899],[-77.02926,-12.1192]],[[-77.04041,-12.11908],[-77.0401,-12.11932],[-77.03979,-12.11909]],[[-77.12554,-11.99637],[-77.12592,-11.9964],[-77.12627,-11.99668],[-77.12609,-11.9972],[-77.12578,-11.99749],[-77.12147,-11.99917],[-77.12117,-11.99912],[-77.1183,-12.0002],[-77.1175,-12.00059],[-77.11677,-12.00115],[-77.11024,-11.99428],[-77.10944,-11.99499],[-77.1062,-12.00124],[-77.09845,-12.01686],[-77.09987,-12.01839],[-77.10125,-12.01944],[-77.10568,-12.02163],[-77.10605,-12.02153]]]}},{"type":"Feature","properties":{"id":"relation/4204339","nombre":"X-CR23-I","distrito":"Bellavista","tipo":"osm"},"geometry":{"type":"MultiLineString","coordinates":[[[-77.04909,-12.03521],[-77.04682,-12.03592],[-77.04379,-12.03788],[-77.04367,-12.03816],[-77.04347,-12.04013],[-77.04324,-12.04281],[-77.04335,-12.04304],[-77.04297,-12.04294],[-77.04265,-12.043],[-77.04246,-12.04328],[-77.04253,-12.04361],[-77.0428,-12.04379],[-77.04341,-12.04371],[-77.04353,-12.04337],[-77.04335,-12.04304]],[[-77.04333,-12.04376],[-77.04312,-12.04422],[-77.04299,-12.04571],[-77.04316,-12.04649],[-77.04289,-12.04678],[-77.04245,-12.04668],[-77.04233,-12.04637],[-77.04246,-12.04609],[-77.04275,-12.04598],[-77.04304,-12.04608]],[[-77.13108,-11.93707],[-77.13181,-11.94717],[-77.13182,-11.9491],[-77.12653,-11.96525],[-77.12577,-11.96818],[-77.12515,-11.97241],[-77.12506,-11.97601],[-77.12561,-11.98901],[-77.12577,-11.99239],[-77.12629,-11.99684],[-77.12578,-11.99749],[-77.12147,-11.99917],[-77.12089,-11.99922],[-77.1177,-12.00047],[-77.11677,-12.00115],[-77.11578,-12.00236],[-77.11546,-12.00345],[-77.11456,-12.00499],[-77.11217,-12.00983],[-77.11123,-12.01205],[-77.11111,-12.01292],[-77.11004,-12.01449],[-77.10885,-12.0168],[-77.10854,-12.0172],[-77.10765,-12.01897],[-77.10756,-12.01942],[-77.10675,-12.02092],[-77.10642,-12.02209],[-77.1056,-12.02312],[-77.10525,-12.02382],[-77.10516,-12.02446],[-77.10342,-12.02752],[-77.10307,-12.02789],[-77.10048,-12.03314],[-77.1001,-12.0336],[-77.09946,-12.03547],[-77.09924,-12.04021],[-77.1025,-12.04118],[-77.109,-12.04198],[-77.11588,-12.04031],[-77.12075,-12.03976],[-77.12565,-12.03802],[-77.12631,-12.03798],[-77.12718,-12.03813],[-77.12565,-12.03813],[-77.12082,-12.03983],[-77.11588,-12.04042],[-77.10904,-12.04206],[-77.10255,-12.04131],[-77.10038,-12.04069],[-77.099,-12.04063],[-77.09918,-12.03907],[-77.09903,-12.03623],[-77.09884,-12.03608],[-77.09764,-12.03583],[-77.09709,-12.03538],[-77.09444,-12.03006],[-77.07736,-12.03191],[-77.06777,-12.03192],[-77.05861,-12.03308],[-77.05838,-12.03321],[-77.05902,-12.03419],[-77.05786,-12.03485],[-77.05487,-12.03539],[-77.0547,-12.03458],[-77.05414,-12.0332],[-77.05341,-12.0336],[-77.04904,-12.03533]],[[-77.09851,-12.04606],[-77.09865,-12.04527],[-77.09894,-12.04501],[-77.09903,-12.04475],[-77.09892,-12.0442],[-77.09905,-12.0426],[-77.09892,-12.04196],[-77.099,-12.04063],[-77.09862,-12.03998],[-77.08151,-12.03667]],[[-77.07638,-12.03572],[-77.07326,-12.03512],[-77.07126,-12.03496],[-77.06921,-12.03504],[-77.06621,-12.03542]]]}},{"type":"Feature","properties":{"id":"relation/4207525","nombre":"X-CR30-I","distrito":"Bellavista","tipo":"osm"},"geometry":{"type":"MultiLineString","coordinates":[[[-77.13294,-12.06793],[-77.12011,-12.06554],[-77.11975,-12.06561],[-77.11994,-12.06511],[-77.11955,-12.06477],[-77.1192,-12.0648],[-77.11896,-12.06497],[-77.11876,-12.06541],[-77.11843,-12.06525],[-77.10711,-12.06331],[-77.10429,-12.06329],[-77.08506,-12.06122],[-77.08455,-12.06129],[-77.0826,-12.06107],[-77.06869,-12.05795],[-77.05761,-12.05578],[-77.05665,-12.05577],[-77.05172,-12.05724],[-77.05166,-12.05707],[-77.05144,-12.05703],[-77.03942,-12.056],[-77.03958,-12.05428]],[[-77.11975,-12.06561],[-77.1191,-12.06584],[-77.11876,-12.06541]],[[-77.13431,-12.06822],[-77.134,-12.06844],[-77.13353,-12.06842],[-77.13307,-12.06817],[-77.13294,-12.06786],[-77.13317,-12.06762],[-77.13372,-12.0676],[-77.13421,-12.06787],[-77.13431,-12.06822]],[[-77.13537,-12.06165],[-77.13427,-12.06794]],[[-77.13453,-12.05149],[-77.13447,-12.05179],[-77.13422,-12.05198],[-77.13385,-12.0519],[-77.1337,-12.05162],[-77.13383,-12.05129],[-77.1341,-12.05117],[-77.13479,-12.05157],[-77.13949,-12.05181],[-77.13971,-12.05205],[-77.13997,-12.05281],[-77.14227,-12.05563],[-77.14254,-12.05651],[-77.14306,-12.06028],[-77.14306,-12.06117],[-77.14266,-12.06358],[-77.13186,-12.06074]],[[-77.15792,-12.06817],[-77.15669,-12.06729],[-77.15568,-12.06681],[-77.15035,-12.06564],[-77.14266,-12.06358]],[[-77.13978,-12.05233],[-77.1397,-12.05259],[-77.13946,-12.0528],[-77.13901,-12.05286],[-77.13866,-12.05276],[-77.13846,-12.05253],[-77.13843,-12.05221],[-77.13854,-12.05193],[-77.13889,-12.05173]],[[-77.13711,-12.04355],[-77.13594,-12.04332],[-77.13429,-12.05094],[-77.13437,-12.05125]],[[-77.14028,-12.0444],[-77.13862,-12.04386]]]}},{"type":"Feature","properties":{"id":"relation/4207599","nombre":"X-CR31-I","distrito":"Bellavista","tipo":"osm"},"geometry":{"type":"MultiLineString","coordinates":[[[-77.04266,-12.11872],[-77.04154,-12.11619],[-77.03732,-12.11082]],[[-77.03992,-12.11414],[-77.02652,-12.1136],[-76.97276,-12.10988],[-76.97045,-12.1043],[-76.97039,-12.10378],[-76.9706,-12.10293],[-76.96908,-12.099],[-76.97015,-12.09895],[-76.97252,-12.09804],[-76.97328,-12.09794],[-76.97392,-12.09344],[-76.97317,-12.08515],[-76.97324,-12.08399]],[[-77.1223,-12.07293],[-77.11016,-12.07738],[-77.10448,-12.08054],[-77.08503,-12.08935],[-77.08563,-12.09064],[-77.08465,-12.09073],[-77.07732,-12.0945],[-77.07224,-12.09634],[-77.07245,-12.09692],[-77.06321,-12.10017],[-77.06008,-12.10139],[-77.05938,-12.10188],[-77.05324,-12.1085],[-77.04866,-12.11305],[-77.04863,-12.11323],[-77.04701,-12.11318],[-77.04232,-12.11788]],[[-77.08178,-12.07887],[-77.08296,-12.08468],[-77.08383,-12.08689],[-77.08503,-12.08935]],[[-77.12685,-12.06359],[-77.12136,-12.06577],[-77.12011,-12.06554],[-77.11975,-12.06561],[-77.11995,-12.06517],[-77.11966,-12.06479],[-77.1192,-12.0648],[-77.11878,-12.06522],[-77.11881,-12.06558],[-77.11906,-12.06583],[-77.11962,-12.06572],[-77.11959,-12.066],[-77.12334,-12.07254],[-77.12321,-12.07259]],[[-77.13172,-12.06951],[-77.12334,-12.07254]],[[-77.11975,-12.06561],[-77.11962,-12.06572]],[[-77.13453,-12.05149],[-77.13447,-12.05179],[-77.13422,-12.05198],[-77.13385,-12.0519],[-77.1337,-12.05162],[-77.13383,-12.05129],[-77.1341,-12.05117],[-77.13479,-12.05157],[-77.13949,-12.05181],[-77.13971,-12.05205],[-77.13997,-12.05281],[-77.14227,-12.05563],[-77.14254,-12.05651],[-77.14306,-12.06028],[-77.14306,-12.06117],[-77.14266,-12.06358],[-77.13357,-12.06119],[-77.12745,-12.06335]],[[-77.13357,-12.06119],[-77.13186,-12.06074]],[[-77.15792,-12.06817],[-77.15669,-12.06729],[-77.15568,-12.06681],[-77.15035,-12.06564],[-77.14266,-12.06358]],[[-77.13978,-12.05233],[-77.1397,-12.05259],[-77.13946,-12.0528],[-77.13901,-12.05286],[-77.13866,-12.05276],[-77.13846,-12.05253],[-77.13843,-12.05221],[-77.13854,-12.05193],[-77.13889,-12.05173]],[[-77.13646,-12.05057],[-77.13438,-12.05049],[-77.13427,-12.05105],[-77.13437,-12.05125]]]}},{"type":"Feature","properties":{"id":"relation/4210264","nombre":"X-CR32-I","distrito":"Bellavista","tipo":"osm"},"geometry":{"type":"MultiLineString","coordinates":[[[-77.09646,-11.88574],[-77.09623,-11.88452],[-77.09677,-11.88294],[-77.09757,-11.88134],[-77.09844,-11.88046],[-77.09973,-11.88062],[-77.10121,-11.87992],[-77.10185,-11.87986],[-77.10309,-11.87805],[-77.10417,-11.87796],[-77.10486,-11.87828],[-77.10604,-11.87773],[-77.10767,-11.87647],[-77.10883,-11.87587],[-77.10839,-11.87452],[-77.10923,-11.87415],[-77.11037,-11.87224],[-77.11359,-11.8697],[-77.1134,-11.86836],[-77.11356,-11.86802],[-77.11396,-11.86774],[-77.11453,-11.86772],[-77.11542,-11.86825],[-77.11707,-11.86865],[-77.11777,-11.86895],[-77.12463,-11.8728],[-77.12645,-11.87317],[-77.1271,-11.87301],[-77.12727,-11.8731],[-77.1268,-11.87584],[-77.12692,-11.87772],[-77.12646,-11.87989],[-77.12629,-11.88433],[-77.12638,-11.8845],[-77.12614,-11.88717],[-77.12626,-11.8885],[-77.12624,-11.89161],[-77.12705,-11.89761],[-77.12825,-11.90116],[-77.12878,-11.90818],[-77.12864,-11.9131],[-77.13062,-11.9319],[-77.13187,-11.94836],[-77.13165,-11.94985],[-77.12653,-11.96525],[-77.12587,-11.96767],[-77.12524,-11.97147],[-77.12506,-11.97601],[-77.12577,-11.99239],[-77.12629,-11.99684],[-77.12578,-11.99749],[-77.12147,-11.99917],[-77.12089,-11.99922],[-77.1177,-12.00047],[-77.11677,-12.00115],[-77.11578,-12.00236],[-77.11546,-12.00345],[-77.11456,-12.00499],[-77.11217,-12.00983],[-77.11123,-12.01205],[-77.11111,-12.01292],[-77.11004,-12.01449],[-77.10885,-12.0168],[-77.10854,-12.0172],[-77.10765,-12.01897],[-77.10756,-12.01942],[-77.10675,-12.02092],[-77.10642,-12.02209],[-77.1056,-12.02312],[-77.10525,-12.02382],[-77.10516,-12.02446],[-77.10342,-12.02752],[-77.10307,-12.02789],[-77.09983,-12.03426],[-77.09946,-12.03547],[-77.09933,-12.03924],[-77.09904,-12.04197],[-77.09916,-12.04246],[-77.09902,-12.04421],[-77.09913,-12.04475],[-77.09873,-12.04544],[-77.09847,-12.04822],[-77.09836,-12.05133],[-77.09792,-12.05488],[-77.09722,-12.06265],[-77.09741,-12.06655],[-77.0976,-12.06777],[-77.09915,-12.07271],[-77.10005,-12.07376],[-77.10008,-12.07427],[-77.09383,-12.07731],[-77.09246,-12.07779],[-77.09089,-12.07806],[-77.08185,-12.07828],[-77.08066,-12.07842],[-77.07805,-12.07923],[-77.06579,-12.08368],[-77.06487,-12.0842],[-77.06432,-12.08555],[-77.06295,-12.0867],[-77.05338,-12.09304]],[[-77.03918,-12.06442],[-77.03945,-12.06461],[-77.03943,-12.06478],[-77.03924,-12.06492],[-77.03899,-12.0648],[-77.03898,-12.06455],[-77.03935,-12.06428],[-77.04119,-12.06084],[-77.04101,-12.06012],[-77.04116,-12.05985],[-77.04142,-12.05971]],[[-77.04205,-12.06],[-77.04209,-12.06037],[-77.04192,-12.06064],[-77.04161,-12.06078],[-77.04123,-12.06068]],[[-77.05772,-12.09017],[-77.05604,-12.08774],[-77.05158,-12.08416],[-77.0521,-12.0832],[-77.0495,-12.08221],[-77.0485,-12.08199],[-77.04697,-12.08212],[-77.0461,-12.08236],[-77.04582,-12.0827],[-77.04372,-12.08194],[-77.04273,-12.08114],[-77.04234,-12.08046],[-77.04218,-12.07969],[-77.04206,-12.07585],[-77.04175,-12.07363],[-77.03948,-12.06855],[-77.03888,-12.06505]]]}},{"type":"Feature","properties":{"id":"relation/4210468","nombre":"X-CR34-I","distrito":"Bellavista","tipo":"osm"},"geometry":{"type":"MultiLineString","coordinates":[[[-77.1063,-12.02136],[-77.10656,-12.02158],[-77.10642,-12.02209],[-77.1056,-12.02312],[-77.10525,-12.02382],[-77.10516,-12.02446],[-77.10342,-12.02752],[-77.10307,-12.02789],[-77.10048,-12.03314],[-77.1001,-12.0336],[-77.09946,-12.03547],[-77.09933,-12.03924],[-77.09904,-12.04197],[-77.09916,-12.04246],[-77.09902,-12.04421],[-77.09913,-12.04475],[-77.09873,-12.04544],[-77.09847,-12.04822],[-77.09836,-12.05133],[-77.09792,-12.05488],[-77.09722,-12.06265],[-77.09741,-12.06655],[-77.0976,-12.06777],[-77.09915,-12.07271],[-77.10005,-12.07376],[-77.10008,-12.07427],[-77.09383,-12.07731],[-77.09246,-12.07779],[-77.09089,-12.07806],[-77.08185,-12.07828],[-77.08066,-12.07842],[-77.07805,-12.07923],[-77.06579,-12.08368],[-77.06487,-12.0842],[-77.06432,-12.08555],[-77.06295,-12.0867],[-77.05338,-12.09304]],[[-77.06228,-12.00423],[-77.0629,-12.00453],[-77.07412,-12.00623],[-77.07492,-12.00633],[-77.07686,-12.00624],[-77.08256,-12.00655],[-77.08417,-12.00694],[-77.08556,-12.00773],[-77.0896,-12.01115],[-77.09027,-12.0116],[-77.09303,-12.01228],[-77.09408,-12.01279],[-77.0952,-12.01353],[-77.0959,-12.01411],[-77.09987,-12.01839],[-77.10125,-12.01944],[-77.10568,-12.02163],[-77.10605,-12.02153]],[[-77.0622,-12.00411],[-77.06231,-12.00438],[-77.0622,-12.00462],[-77.06193,-12.00472],[-77.06169,-12.00461],[-77.06158,-12.00436],[-77.06169,-12.00411],[-77.06194,-12.00401],[-77.0622,-12.00411],[-77.06217,-12.00329],[-77.06243,-12.00091],[-77.06295,-11.99768],[-77.06347,-11.9969],[-77.0644,-11.9907],[-77.06459,-11.99036],[-77.06424,-11.99043],[-77.06377,-11.99032],[-77.06358,-11.99005],[-77.06365,-11.98977],[-77.06326,-11.98987],[-77.05711,-11.98892],[-77.05826,-11.98414],[-77.0588,-11.98345],[-77.05955,-11.97987],[-77.05951,-11.97928],[-77.06005,-11.97676],[-77.05991,-11.97652],[-77.05949,-11.97635],[-77.05793,-11.97363],[-77.05755,-11.97207],[-77.0576,-11.96915],[-77.05749,-11.96866],[-77.05583,-11.96579],[-77.05117,-11.95195],[-77.0508,-11.95136],[-77.04973,-11.9504],[-77.0494,-11.94988],[-77.04937,-11.94923],[-77.05058,-11.94418],[-77.05019,-11.93921],[-77.04968,-11.93793],[-77.04893,-11.93677],[-77.0468,-11.93372],[-77.04463,-11.93112],[-77.04314,-11.92803],[-77.04283,-11.92674],[-77.04226,-11.92242],[-77.04144,-11.91772],[-77.04062,-11.91537],[-77.03748,-11.90984],[-77.03679,-11.90934],[-77.03438,-11.90844],[-77.03599,-11.90594],[-77.03683,-11.90509],[-77.03942,-11.90129],[-77.04817,-11.89657]],[[-77.06365,-11.98977],[-77.06403,-11.98963],[-77.06459,-11.98977],[-77.06472,-11.9901],[-77.06459,-11.99036]],[[-77.03438,-11.90844],[-77.03418,-11.90859]],[[-77.12454,-11.8231],[-77.11941,-11.82885],[-77.07486,-11.86456],[-77.07393,-11.86562],[-77.06972,-11.87199],[-77.06934,-11.87321],[-77.06924,-11.87429],[-77.06769,-11.90205],[-77.06787,-11.90334],[-77.06953,-11.9069],[-77.07321,-11.91233],[-77.07371,-11.91324],[-77.07393,-11.91412],[-77.0739,-11.91558],[-77.07247,-11.93072],[-77.06977,-11.93036],[-77.06823,-11.92979],[-77.06654,-11.92861],[-77.06546,-11.92735],[-77.0481,-11.89644]],[[-77.12502,-11.82255],[-77.12498,-11.82347]],[[-77.13161,-11.82882],[-77.12625,-11.82429],[-77.12504,-11.82341]],[[-77.13318,-11.83022],[-77.13167,-11.8289]],[[-77.12895,-11.82645],[-77.13384,-11.82088]]]}},{"type":"Feature","properties":{"id":"relation/4211259","nombre":"X-CR37-I","distrito":"Bellavista","tipo":"osm"},"geometry":{"type":"MultiLineString","coordinates":[[[-76.96177,-12.03089],[-76.96229,-12.0296],[-76.96232,-12.02846]],[[-76.96269,-12.0371],[-76.96455,-12.03271],[-76.96466,-12.03279]],[[-76.95573,-12.02966],[-76.95996,-12.03032],[-76.96087,-12.03056],[-76.96241,-12.0312],[-76.96455,-12.03271]],[[-76.9713,-12.04068],[-76.9628,-12.03715]],[[-76.97428,-12.04495],[-76.97263,-12.04869],[-76.96942,-12.04734],[-76.96892,-12.0473],[-76.96887,-12.04694],[-76.96855,-12.04674],[-76.97211,-12.03847]],[[-76.96885,-12.04876],[-76.96892,-12.0473]],[[-76.97894,-12.0471],[-76.97425,-12.04504]],[[-76.97776,-12.04644],[-76.97911,-12.04703]],[[-76.97772,-12.04652],[-76.97823,-12.04558],[-76.97978,-12.04462],[-76.97926,-12.04382],[-76.97959,-12.0436],[-76.98083,-12.04123],[-76.98076,-12.04072]],[[-77.01057,-12.05727],[-77.00864,-12.05881],[-77.00769,-12.05996],[-77.00671,-12.06072],[-77.00601,-12.06102],[-77.00597,-12.06083],[-77.00686,-12.05994],[-77.00732,-12.05882],[-77.00443,-12.05521],[-77.00414,-12.05466],[-77.00371,-12.0529],[-77.00345,-12.05228],[-76.99797,-12.04446],[-76.99765,-12.04368],[-76.99746,-12.04274],[-76.99751,-12.04029],[-76.99766,-12.04034],[-76.99775,-12.04023],[-76.99761,-12.03994],[-76.99745,-12.03996],[-76.99742,-12.04013],[-76.99677,-12.04007],[-76.99537,-12.04029],[-76.99285,-12.03991],[-76.99048,-12.03975],[-76.98965,-12.03984],[-76.9879,-12.03958],[-76.9857,-12.03987],[-76.98085,-12.04097]],[[-76.99751,-12.04029],[-76.99742,-12.04013]],[[-77.04142,-12.05971],[-77.04106,-12.05998],[-77.04101,-12.06036],[-77.03688,-12.05991],[-77.03567,-12.0603],[-77.03522,-12.05991],[-77.0348,-12.05977],[-77.01657,-12.05741],[-77.01462,-12.05666],[-77.01345,-12.05522]],[[-77.12058,-12.06797],[-77.11708,-12.06994],[-77.11618,-12.07032],[-77.11654,-12.07124],[-77.11197,-12.07293],[-77.11273,-12.07495],[-77.10942,-12.07632],[-77.10389,-12.07936],[-77.0979,-12.08204],[-77.09848,-12.08323],[-77.08453,-12.08959],[-77.08415,-12.0899],[-77.07719,-12.09348],[-77.07079,-12.09576],[-77.04194,-12.06076],[-77.04135,-12.06074],[-77.04101,-12.06036]],[[-77.04205,-12.06],[-77.04209,-12.06037],[-77.04185,-12.0607]],[[-77.12542,-12.05276],[-77.12513,-12.05322],[-77.12484,-12.0552],[-77.12912,-12.05559],[-77.12854,-12.0583],[-77.12873,-12.05868],[-77.12522,-12.06106],[-77.11994,-12.06511],[-77.11966,-12.06479],[-77.11944,-12.06476],[-77.11886,-12.06508],[-77.11876,-12.06541],[-77.11886,-12.06566],[-77.11914,-12.06584],[-77.11962,-12.06572],[-77.11959,-12.066],[-77.12068,-12.06791]],[[-77.11994,-12.06511],[-77.1199,-12.06542],[-77.11962,-12.06572]],[[-77.10637,-12.04194],[-77.10633,-12.04237],[-77.10715,-12.04248],[-77.10697,-12.04376],[-77.10743,-12.04382],[-77.10747,-12.04351],[-77.10762,-12.04353],[-77.10734,-12.04557],[-77.10979,-12.04585],[-77.11097,-12.04587],[-77.11164,-12.04573],[-77.11576,-12.04319],[-77.11592,-12.04319],[-77.11579,-12.04579],[-77.11601,-12.04575],[-77.11638,-12.04599],[-77.1167,-12.04657],[-77.11841,-12.04755],[-77.11825,-12.05012],[-77.12525,-12.05074],[-77.12562,-12.05061],[-77.12554,-12.05082],[-77.12565,-12.05111],[-77.1261,-12.05119],[-77.12566,-12.05226],[-77.12531,-12.0527]],[[-77.12562,-12.05061],[-77.12596,-12.05046],[-77.12627,-12.05064],[-77.12631,-12.05094],[-77.1261,-12.05119]],[[-77.10721,-12.04554],[-77.10735,-12.04559],[-77.10731,-12.04572],[-77.10716,-12.04568],[-77.10721,-12.04554]]]}},{"type":"Feature","properties":{"id":"relation/4213726","nombre":"X-CR38-I","distrito":"Bellavista","tipo":"osm"},"geometry":{"type":"MultiLineString","coordinates":[[[-76.97324,-12.08399],[-76.97317,-12.08515],[-76.97392,-12.09344],[-76.97328,-12.09794],[-76.97252,-12.09804],[-76.97015,-12.09895],[-76.96908,-12.099],[-76.9706,-12.10293],[-76.97039,-12.10378],[-76.97045,-12.1043],[-76.97276,-12.10988],[-77.02652,-12.1136],[-77.03992,-12.11414],[-77.03732,-12.11082]],[[-77.13172,-12.06951],[-77.12334,-12.07254],[-77.11959,-12.066],[-77.11962,-12.06572],[-77.11906,-12.06583],[-77.11881,-12.06558],[-77.11878,-12.06522],[-77.1192,-12.0648],[-77.11966,-12.06479],[-77.11995,-12.06517],[-77.11975,-12.06561],[-77.12011,-12.06554],[-77.12136,-12.06577],[-77.12685,-12.06359]],[[-77.11975,-12.06561],[-77.11962,-12.06572]],[[-77.13453,-12.05149],[-77.13447,-12.05179],[-77.13422,-12.05198],[-77.13385,-12.0519],[-77.1337,-12.05162],[-77.13383,-12.05129],[-77.1341,-12.05117],[-77.13479,-12.05157],[-77.13889,-12.05173],[-77.13847,-12.05205],[-77.13841,-12.05236],[-77.13855,-12.05266],[-77.13887,-12.05285],[-77.13938,-12.05283],[-77.13965,-12.05266],[-77.13978,-12.05233],[-77.13997,-12.05281],[-77.14227,-12.05563],[-77.14254,-12.05651],[-77.14306,-12.06028],[-77.14306,-12.06117],[-77.14266,-12.06358],[-77.15035,-12.06564],[-77.15568,-12.06681],[-77.15669,-12.06729],[-77.15792,-12.06817]],[[-77.13978,-12.05233],[-77.1397,-12.05259],[-77.13946,-12.0528],[-77.13901,-12.05286],[-77.13866,-12.05276],[-77.13841,-12.05229],[-77.1385,-12.05198],[-77.1388,-12.05175],[-77.13949,-12.05181],[-77.13978,-12.05233],[-77.13949,-12.05181],[-77.13889,-12.05173]],[[-77.13594,-12.04332],[-77.13429,-12.05094],[-77.13437,-12.05125]],[[-77.12745,-12.06335],[-77.13357,-12.06119],[-77.13186,-12.06074]],[[-77.14266,-12.06358],[-77.13357,-12.06119]],[[-77.12334,-12.07254],[-77.12321,-12.07259]],[[-77.1223,-12.07293],[-77.11016,-12.07738],[-77.10448,-12.08054],[-77.08503,-12.08935],[-77.08563,-12.09064],[-77.08465,-12.09073],[-77.07732,-12.0945],[-77.07224,-12.09634],[-77.07245,-12.09692],[-77.06321,-12.10017],[-77.06008,-12.10139],[-77.05938,-12.10188],[-77.05324,-12.1085],[-77.04866,-12.11305],[-77.04863,-12.11323],[-77.04701,-12.11318],[-77.04232,-12.11788]],[[-77.08178,-12.07887],[-77.08296,-12.08468],[-77.08383,-12.08689],[-77.08503,-12.08935]],[[-77.04266,-12.11872],[-77.04154,-12.11619],[-77.03992,-12.11414]]]}},{"type":"Feature","properties":{"id":"relation/4213753","nombre":"X-CR39-I","distrito":"Bellavista","tipo":"osm"},"geometry":{"type":"MultiLineString","coordinates":[[[-77.04266,-12.11872],[-77.04154,-12.11619],[-77.03732,-12.11082]],[[-76.97033,-12.08364],[-76.97003,-12.08376],[-76.96971,-12.08364],[-76.96957,-12.08334],[-76.96973,-12.08298],[-76.97005,-12.08288],[-76.97035,-12.08302],[-76.97047,-12.08332],[-76.97033,-12.08364],[-76.97513,-12.08425]],[[-77.03992,-12.11414],[-77.02652,-12.1136],[-76.97276,-12.10988],[-76.97045,-12.1043],[-76.97039,-12.10378],[-76.9706,-12.10293],[-76.96908,-12.099],[-76.97015,-12.09895],[-76.97252,-12.09804],[-76.97328,-12.09794],[-76.97392,-12.09344],[-76.97317,-12.08515],[-76.97324,-12.08399]],[[-77.1223,-12.07293],[-77.11016,-12.07738],[-77.10448,-12.08054],[-77.08503,-12.08935],[-77.08563,-12.09064],[-77.08465,-12.09073],[-77.07732,-12.0945],[-77.07163,-12.09656],[-77.07206,-12.09706],[-77.06321,-12.10017],[-77.06008,-12.10139],[-77.05938,-12.10188],[-77.05324,-12.1085],[-77.04866,-12.11305],[-77.04863,-12.11323],[-77.04701,-12.11318],[-77.04232,-12.11788]],[[-77.08178,-12.07887],[-77.08296,-12.08468],[-77.08383,-12.08689],[-77.08503,-12.08935]],[[-77.12685,-12.06359],[-77.12136,-12.06577],[-77.12011,-12.06554],[-77.11975,-12.06561],[-77.11995,-12.06517],[-77.11966,-12.06479],[-77.1192,-12.0648],[-77.11878,-12.06522],[-77.11881,-12.06558],[-77.11906,-12.06583],[-77.11962,-12.06572],[-77.11959,-12.066],[-77.12334,-12.07254],[-77.12321,-12.07259]],[[-77.13172,-12.06951],[-77.12334,-12.07254]],[[-77.11975,-12.06561],[-77.11962,-12.06572]],[[-77.13453,-12.05149],[-77.13447,-12.05179],[-77.13422,-12.05198],[-77.13385,-12.0519],[-77.1337,-12.05162],[-77.13383,-12.05129],[-77.1341,-12.05117],[-77.13479,-12.05157],[-77.13949,-12.05181],[-77.13971,-12.05205],[-77.13997,-12.05281],[-77.14227,-12.05563],[-77.14254,-12.05651],[-77.14306,-12.06028],[-77.14306,-12.06117],[-77.14266,-12.06358],[-77.13357,-12.06119],[-77.12745,-12.06335]],[[-77.13357,-12.06119],[-77.13186,-12.06074]],[[-77.15792,-12.06817],[-77.15669,-12.06729],[-77.15568,-12.06681],[-77.15035,-12.06564],[-77.14266,-12.06358]],[[-77.13978,-12.05233],[-77.1397,-12.05259],[-77.13946,-12.0528],[-77.13901,-12.05286],[-77.13866,-12.05276],[-77.13846,-12.05253],[-77.13843,-12.05221],[-77.13854,-12.05193],[-77.13889,-12.05173]]]}},{"type":"Feature","properties":{"id":"relation/4213873","nombre":"X-CR40-I","distrito":"Bellavista","tipo":"osm"},"geometry":{"type":"MultiLineString","coordinates":[[[-77.14294,-12.06098],[-77.14268,-12.05835],[-77.14228,-12.05604],[-77.13992,-12.05299],[-77.13914,-12.05287],[-77.13953,-12.05276],[-77.13976,-12.05243],[-77.13971,-12.05205],[-77.13933,-12.05175],[-77.1388,-12.05175],[-77.13845,-12.05213],[-77.13843,-12.0519],[-77.13828,-12.05181],[-77.13479,-12.05166],[-77.13405,-12.05198],[-77.13347,-12.05157],[-77.12678,-12.05097],[-77.12623,-12.05109],[-77.12631,-12.0507],[-77.12596,-12.05046],[-77.12562,-12.05061],[-77.12557,-12.051],[-77.12514,-12.05082],[-77.07251,-12.04619],[-77.06587,-12.04561],[-77.06518,-12.04575],[-77.06444,-12.04549],[-77.05229,-12.04433],[-77.05086,-12.04438],[-77.04341,-12.04371],[-77.04353,-12.04337],[-77.0434,-12.04308],[-77.04288,-12.04293],[-77.04253,-12.04311],[-77.04246,-12.04344],[-77.04267,-12.04374],[-77.04319,-12.0438],[-77.04341,-12.04371]],[[-77.12623,-12.05109],[-77.12589,-12.05123],[-77.12557,-12.051]],[[-77.13372,-12.05172],[-77.13377,-12.05135],[-77.1341,-12.05117],[-77.13444,-12.05132],[-77.13452,-12.0517]],[[-77.13914,-12.05287],[-77.1386,-12.05271],[-77.13843,-12.05245],[-77.13845,-12.05213]],[[-77.14673,-12.06371],[-77.14263,-12.06314],[-77.14276,-12.06207]]]}},{"type":"Feature","properties":{"id":"relation/4214218","nombre":"X-CR41-I","distrito":"Bellavista","tipo":"osm"},"geometry":{"type":"MultiLineString","coordinates":[[[-77.04313,-12.04658],[-77.04344,-12.04647],[-77.05071,-12.04722],[-77.05092,-12.0451],[-77.05098,-12.04437],[-77.04341,-12.04371]],[[-77.12829,-11.8519],[-77.12851,-11.852],[-77.12862,-11.85221],[-77.12811,-11.86684],[-77.12692,-11.87307],[-77.12727,-11.8731],[-77.1268,-11.87584],[-77.12692,-11.87772],[-77.12646,-11.87989],[-77.12629,-11.88433],[-77.12635,-11.88508],[-77.12615,-11.88656],[-77.12626,-11.8885],[-77.1262,-11.89057],[-77.12632,-11.89232],[-77.12705,-11.89761],[-77.12825,-11.90116],[-77.12878,-11.90818],[-77.12864,-11.9131],[-77.13062,-11.9319],[-77.13187,-11.94836],[-77.13165,-11.94985],[-77.12653,-11.96525],[-77.12587,-11.96767],[-77.12524,-11.97147],[-77.12506,-11.97601],[-77.12577,-11.99239],[-77.12629,-11.99684],[-77.12578,-11.99749],[-77.12147,-11.99917],[-77.12089,-11.99922],[-77.1177,-12.00047],[-77.11677,-12.00115],[-77.11578,-12.00236],[-77.11546,-12.00345],[-77.11456,-12.00499],[-77.11217,-12.00983],[-77.11123,-12.01205],[-77.11111,-12.01292],[-77.11004,-12.01449],[-77.10885,-12.0168],[-77.10854,-12.0172],[-77.10765,-12.01897],[-77.10756,-12.01942],[-77.10675,-12.02092],[-77.10642,-12.02209],[-77.1056,-12.02312],[-77.10525,-12.02382],[-77.10516,-12.02446],[-77.10342,-12.02752],[-77.10307,-12.02789],[-77.09983,-12.03426],[-77.09946,-12.03547],[-77.09933,-12.03924],[-77.09904,-12.04197],[-77.09916,-12.04246],[-77.09902,-12.04421],[-77.09913,-12.04475],[-77.09873,-12.04544],[-77.09846,-12.04847],[-77.06587,-12.04561],[-77.06518,-12.04575],[-77.06444,-12.04549],[-77.05229,-12.04433],[-77.05098,-12.04437]],[[-77.12841,-11.85958],[-77.12495,-11.85951],[-77.12508,-11.8538],[-77.12857,-11.85383]]]}},{"type":"Feature","properties":{"id":"relation/4214222","nombre":"X-CR42-I","distrito":"Bellavista","tipo":"osm"},"geometry":{"type":"MultiLineString","coordinates":[[[-77.05047,-12.0496],[-77.05098,-12.04437],[-77.04341,-12.04371],[-77.04353,-12.04337],[-77.0434,-12.04308],[-77.04288,-12.04293],[-77.04253,-12.04311],[-77.04246,-12.04344],[-77.04267,-12.04374],[-77.04319,-12.0438],[-77.04341,-12.04371]],[[-77.0983,-12.04846],[-77.06587,-12.04561],[-77.06518,-12.04575],[-77.06444,-12.04549],[-77.05229,-12.04433],[-77.05098,-12.04437]],[[-77.1063,-12.02136],[-77.10656,-12.02158],[-77.10642,-12.02209],[-77.1056,-12.02312],[-77.10525,-12.02382],[-77.10516,-12.02446],[-77.10342,-12.02752],[-77.10307,-12.02789],[-77.10048,-12.03314],[-77.1001,-12.0336],[-77.09946,-12.03547],[-77.09933,-12.03924],[-77.09904,-12.04197],[-77.09916,-12.04246],[-77.09902,-12.04421],[-77.09913,-12.04475],[-77.09873,-12.04544],[-77.09847,-12.04822],[-77.09836,-12.05133],[-77.09792,-12.05488],[-77.09722,-12.06265],[-77.09741,-12.06655],[-77.0976,-12.06777],[-77.09915,-12.07271],[-77.10005,-12.07376],[-77.10008,-12.07427],[-77.09383,-12.07731],[-77.09246,-12.07779],[-77.09089,-12.07806],[-77.08185,-12.07828],[-77.08066,-12.07842],[-77.07805,-12.07923],[-77.06617,-12.08354],[-77.06584,-12.08264],[-77.06503,-12.08321],[-77.06459,-12.082],[-77.0664,-12.08122],[-77.0654,-12.07886],[-77.06164,-12.07234],[-77.0612,-12.06835],[-77.06066,-12.06796],[-77.0605,-12.06761],[-77.06055,-12.0672],[-77.06088,-12.06673],[-77.05898,-12.06115],[-77.05842,-12.05866],[-77.05798,-12.05761],[-77.05748,-12.05564],[-77.05533,-12.05257],[-77.05374,-12.04913],[-77.05046,-12.0497]],[[-77.06163,-12.00836],[-77.06485,-12.00901],[-77.07168,-12.01125],[-77.07896,-12.01245],[-77.08007,-12.01248],[-77.08162,-12.01284],[-77.08294,-12.0129],[-77.08396,-12.01279],[-77.0893,-12.01163],[-77.09027,-12.0116],[-77.09246,-12.01208],[-77.09408,-12.01279],[-77.09538,-12.01366],[-77.09987,-12.01839],[-77.10116,-12.01938],[-77.10568,-12.02163],[-77.10605,-12.02153]],[[-77.06099,-12.0082],[-77.06131,-12.00813],[-77.06159,-12.00829],[-77.06166,-12.00861],[-77.06152,-12.00885],[-77.06119,-12.00895],[-77.0609,-12.00879],[-77.06082,-12.00851],[-77.06099,-12.0082],[-77.0601,-12.00822],[-77.05396,-12.00734],[-77.05503,-12.0013],[-77.05541,-11.99834],[-77.05543,-11.99638],[-77.05559,-11.99582],[-77.05698,-11.99355],[-77.05729,-11.99281],[-77.05737,-11.99204],[-77.05714,-11.98862],[-77.05826,-11.98414],[-77.0588,-11.98345],[-77.05955,-11.97987],[-77.05951,-11.97928],[-77.06002,-11.97668],[-77.05991,-11.97652],[-77.05964,-11.97649],[-77.05942,-11.9767],[-77.05949,-11.97824],[-77.05895,-11.98004],[-77.04691,-11.97667],[-77.04763,-11.97384],[-77.04322,-11.9726],[-77.04145,-11.97078]],[[-77.04763,-11.97384],[-77.05134,-11.97487]],[[-77.04108,-11.97037],[-77.04162,-11.96991],[-77.0402,-11.96809],[-77.03904,-11.96745],[-77.0382,-11.96659],[-77.03759,-11.96638]]]}},{"type":"Feature","properties":{"id":"relation/4217348","nombre":"X-CR44-I","distrito":"Bellavista","tipo":"osm"},"geometry":{"type":"MultiLineString","coordinates":[[[-76.88817,-12.0334],[-76.88772,-12.03212],[-76.88595,-12.02832],[-76.88625,-12.02296],[-76.88603,-12.02263],[-76.88593,-12.01902],[-76.88575,-12.01885],[-76.88389,-12.01834],[-76.88512,-12.0145],[-76.91856,-12.02539],[-76.91999,-12.02598],[-76.92268,-12.0276],[-76.92382,-12.02857],[-76.93577,-12.04262],[-76.93639,-12.04314],[-76.95615,-12.05102],[-76.97127,-12.0575],[-76.97151,-12.05749],[-76.97347,-12.05665],[-76.97393,-12.05631],[-76.97452,-12.0555],[-76.97602,-12.05224],[-76.97722,-12.05068],[-76.98557,-12.04328],[-76.98656,-12.04224],[-76.98741,-12.04094],[-76.98797,-12.03969],[-76.9893,-12.03514],[-76.99017,-12.03362],[-76.99122,-12.03229],[-76.99319,-12.03061],[-76.99532,-12.02938],[-76.99613,-12.02908],[-76.99717,-12.02896],[-76.99816,-12.02913],[-77.00497,-12.0317],[-77.00796,-12.03336],[-77.00976,-12.0346],[-77.01506,-12.03909],[-77.01689,-12.04033],[-77.02153,-12.04259],[-77.02247,-12.04292],[-77.02411,-12.0432],[-77.02861,-12.04309],[-77.02948,-12.04292],[-77.03162,-12.042],[-77.03358,-12.04092],[-77.03549,-12.04015],[-77.03723,-12.03873],[-77.03828,-12.0381],[-77.04494,-12.03608],[-77.04691,-12.03573],[-77.04966,-12.03488],[-77.05168,-12.03407],[-77.05381,-12.033],[-77.05465,-12.03247],[-77.05571,-12.03155],[-77.05636,-12.03217],[-77.05748,-12.03178],[-77.0582,-12.03294],[-77.06778,-12.03169],[-77.07738,-12.03184],[-77.09438,-12.02987],[-77.09573,-12.02957],[-77.09656,-12.02889],[-77.101,-12.01997],[-77.09818,-12.01707],[-77.10464,-12.00401],[-77.10937,-11.9949],[-77.11034,-11.99411],[-77.11267,-11.99662],[-77.11403,-11.99409],[-77.1143,-11.9881]],[[-77.12104,-11.99835],[-77.12062,-11.99735],[-77.11993,-11.99637],[-77.11896,-11.9955],[-77.11793,-11.99494],[-77.11608,-11.99439],[-77.11364,-11.99526]],[[-77.11495,-11.98715],[-77.11587,-11.98575],[-77.11594,-11.98508],[-77.11458,-11.98202],[-77.1145,-11.98142],[-77.11494,-11.97894],[-77.11784,-11.97396]],[[-77.1095,-12.00278],[-77.11267,-11.99662]],[[-76.88624,-12.02278],[-76.88609,-12.02276]],[[-76.8815,-12.02491],[-76.90524,-12.02827]]]}},{"type":"Feature","properties":{"id":"relation/4218929","nombre":"X-CR45-I","distrito":"Bellavista","tipo":"osm"},"geometry":{"type":"MultiLineString","coordinates":[[[-77.04313,-12.04658],[-77.04289,-12.04678],[-77.04257,-12.04676],[-77.04234,-12.04645],[-77.0424,-12.04617],[-77.04267,-12.04598],[-77.04298,-12.04604],[-77.04317,-12.0463],[-77.04313,-12.04658],[-77.04338,-12.04647],[-77.04418,-12.04654],[-77.07525,-12.04971],[-77.07659,-12.05001],[-77.0815,-12.05067],[-77.10117,-12.05414]],[[-77.13245,-12.05947],[-77.12735,-12.05903],[-77.12024,-12.05816],[-77.10186,-12.05427]],[[-77.13217,-12.06047],[-77.13233,-12.05953]],[[-77.14868,-12.05971],[-77.14782,-12.06126],[-77.14699,-12.06182],[-77.14673,-12.06371],[-77.14275,-12.06317],[-77.14266,-12.06358],[-77.13186,-12.06074],[-77.13188,-12.06058],[-77.13208,-12.06055],[-77.13264,-12.06065]],[[-77.14865,-12.05975],[-77.15112,-12.06189],[-77.15124,-12.06221],[-77.15113,-12.06348],[-77.15131,-12.06384],[-77.15458,-12.06523],[-77.15788,-12.06732],[-77.15795,-12.06743],[-77.15772,-12.06778],[-77.15792,-12.06817],[-77.15669,-12.06729],[-77.15568,-12.06681],[-77.15035,-12.06564],[-77.14266,-12.06358]]]}},{"type":"Feature","properties":{"id":"relation/4218937","nombre":"X-CR46-I","distrito":"Bellavista","tipo":"osm"},"geometry":{"type":"MultiLineString","coordinates":[[[-77.04313,-12.04658],[-77.04289,-12.04678],[-77.04257,-12.04676],[-77.04234,-12.04645],[-77.0424,-12.04617],[-77.04267,-12.04598],[-77.04298,-12.04604],[-77.04317,-12.0463],[-77.04313,-12.04658],[-77.04338,-12.04647],[-77.04418,-12.04654],[-77.07658,-12.04985],[-77.10117,-12.05414]],[[-77.13245,-12.05947],[-77.12735,-12.05903],[-77.12024,-12.05816],[-77.10186,-12.05427]],[[-77.13217,-12.06047],[-77.13233,-12.05953]],[[-77.14868,-12.05971],[-77.14782,-12.06126],[-77.14699,-12.06182],[-77.14673,-12.06371],[-77.14275,-12.06317],[-77.14266,-12.06358],[-77.13186,-12.06074],[-77.13188,-12.06058],[-77.13208,-12.06055],[-77.13264,-12.06065]],[[-77.16427,-12.07324],[-77.15792,-12.06817],[-77.15604,-12.06695],[-77.15035,-12.06564],[-77.14266,-12.06358]],[[-77.15792,-12.06817],[-77.15772,-12.06778],[-77.15795,-12.06743],[-77.15788,-12.06732],[-77.15458,-12.06523],[-77.15131,-12.06384],[-77.15113,-12.06348],[-77.15124,-12.06221],[-77.15112,-12.06189],[-77.14865,-12.05975]]]}},{"type":"Feature","properties":{"id":"relation/4218948","nombre":"X-CR47-I","distrito":"Bellavista","tipo":"osm"},"geometry":{"type":"MultiLineString","coordinates":[[[-77.13294,-12.06793],[-77.12011,-12.06554],[-77.11975,-12.06561],[-77.11994,-12.06511],[-77.11955,-12.06477],[-77.1192,-12.0648],[-77.11896,-12.06497],[-77.11876,-12.06541],[-77.11843,-12.06525],[-77.10711,-12.06331],[-77.10429,-12.06329],[-77.08506,-12.06122],[-77.08455,-12.06129],[-77.0826,-12.06107],[-77.06869,-12.05795],[-77.05761,-12.05578],[-77.05665,-12.05577],[-77.05172,-12.05724],[-77.05166,-12.05707],[-77.05144,-12.05703],[-77.03942,-12.056],[-77.03958,-12.05428],[-77.04062,-12.05437]],[[-77.11975,-12.06561],[-77.1191,-12.06584],[-77.11876,-12.06541]],[[-77.13431,-12.06822],[-77.134,-12.06844],[-77.13353,-12.06842],[-77.13307,-12.06817],[-77.13294,-12.06786],[-77.13317,-12.06762],[-77.13372,-12.0676],[-77.13421,-12.06787],[-77.13431,-12.06822]],[[-77.13537,-12.06165],[-77.13427,-12.06794]],[[-77.11842,-12.04775],[-77.11825,-12.05012],[-77.12525,-12.05074],[-77.12596,-12.05046],[-77.12678,-12.05088],[-77.13306,-12.05143],[-77.13377,-12.05135],[-77.13376,-12.05178],[-77.13412,-12.05199],[-77.13447,-12.05179],[-77.13453,-12.05149],[-77.13922,-12.05173],[-77.13956,-12.05187],[-77.13989,-12.05268],[-77.14227,-12.05563],[-77.14249,-12.05623],[-77.14296,-12.05927],[-77.14308,-12.06087],[-77.14266,-12.06358],[-77.13186,-12.06074]],[[-77.15792,-12.06817],[-77.15669,-12.06729],[-77.15568,-12.06681],[-77.15035,-12.06564],[-77.14266,-12.06358]],[[-77.13978,-12.05233],[-77.1397,-12.05259],[-77.13946,-12.0528],[-77.13901,-12.05286],[-77.13866,-12.05276],[-77.13846,-12.05253],[-77.13843,-12.05221],[-77.13854,-12.05193],[-77.13889,-12.05173]],[[-77.13377,-12.05135],[-77.13417,-12.05118],[-77.13453,-12.05149]],[[-77.12631,-12.0507],[-77.12623,-12.05109],[-77.12589,-12.05123],[-77.12557,-12.051],[-77.12562,-12.05061]]]}},{"type":"Feature","properties":{"id":"relation/4218959","nombre":"X-CR48-I","distrito":"Bellavista","tipo":"osm"},"geometry":{"type":"MultiLineString","coordinates":[[[-77.13294,-12.06793],[-77.12011,-12.06554],[-77.11975,-12.06561],[-77.11994,-12.06511],[-77.11955,-12.06477],[-77.1192,-12.0648],[-77.11896,-12.06497],[-77.11876,-12.06541],[-77.11843,-12.06525],[-77.10711,-12.06331],[-77.10429,-12.06329],[-77.08506,-12.06122],[-77.08455,-12.06129],[-77.0826,-12.06107],[-77.06869,-12.05795],[-77.05761,-12.05578],[-77.05665,-12.05577],[-77.05172,-12.05724],[-77.05166,-12.05707],[-77.05144,-12.05703],[-77.03942,-12.056],[-77.03958,-12.05428],[-77.04062,-12.05437]],[[-77.11975,-12.06561],[-77.1191,-12.06584],[-77.11876,-12.06541]],[[-77.13431,-12.06822],[-77.134,-12.06844],[-77.13353,-12.06842],[-77.13307,-12.06817],[-77.13294,-12.06786],[-77.13317,-12.06762],[-77.13372,-12.0676],[-77.13421,-12.06787],[-77.13431,-12.06822]],[[-77.13537,-12.06165],[-77.13427,-12.06794]],[[-77.13453,-12.05149],[-77.13447,-12.05179],[-77.13422,-12.05198],[-77.13385,-12.0519],[-77.1337,-12.05162],[-77.13383,-12.05129],[-77.1341,-12.05117],[-77.13479,-12.05157],[-77.13949,-12.05181],[-77.13971,-12.05205],[-77.13997,-12.05281],[-77.14227,-12.05563],[-77.14254,-12.05651],[-77.14306,-12.06028],[-77.14306,-12.06117],[-77.14266,-12.06358],[-77.13186,-12.06074]],[[-77.15792,-12.06817],[-77.15669,-12.06729],[-77.15568,-12.06681],[-77.15035,-12.06564],[-77.14266,-12.06358]],[[-77.13978,-12.05233],[-77.1397,-12.05259],[-77.13946,-12.0528],[-77.13901,-12.05286],[-77.13866,-12.05276],[-77.13846,-12.05253],[-77.13843,-12.05221],[-77.13854,-12.05193],[-77.13889,-12.05173]],[[-77.13438,-12.05049],[-77.13427,-12.05105],[-77.13437,-12.05125]]]}},{"type":"Feature","properties":{"id":"relation/4218962","nombre":"X-CR49-I","distrito":"Bellavista","tipo":"osm"},"geometry":{"type":"MultiLineString","coordinates":[[[-77.0983,-12.04846],[-77.06587,-12.04561],[-77.06518,-12.04575],[-77.06444,-12.04549],[-77.05229,-12.04433],[-77.05086,-12.04438],[-77.04341,-12.04371]],[[-77.04249,-12.05084],[-77.04602,-12.05059],[-77.05374,-12.04913],[-77.05533,-12.05257],[-77.05629,-12.05381],[-77.05753,-12.05578],[-77.06869,-12.05795],[-77.0826,-12.06107],[-77.08455,-12.06129],[-77.08506,-12.06122],[-77.10429,-12.06329],[-77.10711,-12.06331],[-77.11843,-12.06525],[-77.11876,-12.06541],[-77.11896,-12.06497],[-77.1192,-12.0648],[-77.11955,-12.06477],[-77.11994,-12.06511],[-77.11975,-12.06561],[-77.12011,-12.06554],[-77.13294,-12.06793]],[[-77.11975,-12.06561],[-77.1191,-12.06584],[-77.11876,-12.06541]],[[-77.04576,-12.04389],[-77.04529,-12.04889]],[[-77.13431,-12.06822],[-77.134,-12.06844],[-77.13353,-12.06842],[-77.13307,-12.06817],[-77.13294,-12.06786],[-77.13317,-12.06762],[-77.13372,-12.0676],[-77.13421,-12.06787],[-77.13431,-12.06822]],[[-77.13537,-12.06165],[-77.13427,-12.06794]],[[-77.13453,-12.05149],[-77.13447,-12.05179],[-77.13422,-12.05198],[-77.13385,-12.0519],[-77.1337,-12.05162],[-77.13383,-12.05129],[-77.1341,-12.05117],[-77.13479,-12.05157],[-77.13949,-12.05181],[-77.13971,-12.05205],[-77.13997,-12.05281],[-77.14227,-12.05563],[-77.14254,-12.05651],[-77.14306,-12.06028],[-77.14306,-12.06117],[-77.14266,-12.06358],[-77.13186,-12.06074]],[[-77.15792,-12.06817],[-77.15669,-12.06729],[-77.15568,-12.06681],[-77.15035,-12.06564],[-77.14266,-12.06358]],[[-77.13978,-12.05233],[-77.1397,-12.05259],[-77.13946,-12.0528],[-77.13901,-12.05286],[-77.13866,-12.05276],[-77.13846,-12.05253],[-77.13843,-12.05221],[-77.13854,-12.05193],[-77.13889,-12.05173]],[[-77.13562,-12.0492],[-77.13443,-12.05027],[-77.13428,-12.051],[-77.13437,-12.05125]]]}},{"type":"Feature","properties":{"id":"relation/4220163","nombre":"X-CR51-I","distrito":"Bellavista","tipo":"osm"},"geometry":{"type":"MultiLineString","coordinates":[[[-77.06172,-12.00409],[-77.06158,-12.00436],[-77.06169,-12.00461],[-77.06193,-12.00472],[-77.0622,-12.00462],[-77.06231,-12.00438],[-77.06223,-12.00413],[-77.06198,-12.00401],[-77.06172,-12.00409],[-77.06368,-11.9912],[-77.06351,-11.99025],[-77.0632,-11.98998],[-77.05706,-11.98905],[-77.05688,-11.98887],[-77.05691,-11.9883],[-77.05903,-11.97982],[-77.05895,-11.98004]],[[-77.04475,-11.89156],[-77.04373,-11.89095],[-77.04313,-11.89087],[-77.04237,-11.89103],[-77.04014,-11.8918],[-77.03787,-11.8937]],[[-77.04213,-11.89456],[-77.04155,-11.8942],[-77.03998,-11.89359],[-77.03882,-11.89246]],[[-77.04336,-11.89389],[-77.04073,-11.89539],[-77.0393,-11.89789],[-77.04161,-11.89936],[-77.04193,-11.89974],[-77.03958,-11.901],[-77.03904,-11.90146],[-77.0367,-11.90501],[-77.03584,-11.90589],[-77.03418,-11.90848],[-77.03679,-11.90947],[-77.03743,-11.90996],[-77.04048,-11.91537],[-77.04103,-11.91667],[-77.04134,-11.91783],[-77.04217,-11.92254],[-77.04275,-11.92708],[-77.04312,-11.92834],[-77.04452,-11.93118],[-77.04686,-11.934],[-77.04946,-11.93776],[-77.04998,-11.93885],[-77.05026,-11.94044],[-77.05048,-11.94426],[-77.04933,-11.94895],[-77.04928,-11.94986],[-77.04955,-11.95035],[-77.05072,-11.95141],[-77.051,-11.95182],[-77.05573,-11.96577],[-77.05739,-11.96869],[-77.0575,-11.96916],[-77.05742,-11.9718],[-77.0576,-11.97302],[-77.05797,-11.97399],[-77.05921,-11.97612],[-77.0595,-11.97705],[-77.05947,-11.97838],[-77.05903,-11.97982]],[[-77.04135,-11.90303],[-77.04176,-11.90277],[-77.04222,-11.90194],[-77.0424,-11.90061],[-77.04193,-11.89974]],[[-77.10572,-12.02219],[-77.10571,-12.02195],[-77.10541,-12.02171],[-77.1014,-12.01979],[-77.10049,-12.01913],[-77.09943,-12.0182],[-77.09595,-12.01448],[-77.09484,-12.0135],[-77.09286,-12.01244],[-77.08999,-12.0117],[-77.08548,-12.0079],[-77.08411,-12.00708],[-77.08263,-12.00671],[-77.07673,-12.00639],[-77.07443,-12.00642],[-77.06222,-12.0046]],[[-77.10948,-12.07939],[-77.11105,-12.0784],[-77.11365,-12.07766],[-77.11168,-12.07264],[-77.11135,-12.07217],[-77.11,-12.07125],[-77.10943,-12.07029],[-77.1036,-12.07256],[-77.09929,-12.07459],[-77.09899,-12.07409],[-77.09902,-12.07274],[-77.09761,-12.06832],[-77.09726,-12.06618],[-77.09712,-12.06196],[-77.09823,-12.0515],[-77.09829,-12.04861],[-77.09851,-12.04606],[-77.09865,-12.04527],[-77.09894,-12.04501],[-77.09903,-12.04475],[-77.09892,-12.0442],[-77.09905,-12.04252],[-77.09892,-12.04196],[-77.09933,-12.0355],[-77.10006,-12.03339],[-77.10044,-12.03297],[-77.10303,-12.02776],[-77.1033,-12.02745],[-77.10508,-12.02427],[-77.1057,-12.02227]]]}},{"type":"Feature","properties":{"id":"relation/4220287","nombre":"X-CR52-I","distrito":"Bellavista","tipo":"osm"},"geometry":{"type":"MultiLineString","coordinates":[[[-77.13294,-12.06793],[-77.12011,-12.06554],[-77.11975,-12.06561],[-77.11994,-12.06511],[-77.11955,-12.06477],[-77.1192,-12.0648],[-77.11896,-12.06497],[-77.11876,-12.06541],[-77.11843,-12.06525],[-77.10711,-12.06331],[-77.10429,-12.06329],[-77.08506,-12.06122],[-77.08455,-12.06129],[-77.0826,-12.06107],[-77.06869,-12.05795],[-77.05753,-12.05578],[-77.05656,-12.0558],[-77.0421,-12.06014],[-77.04205,-12.06]],[[-77.03902,-12.06484],[-77.03637,-12.06447],[-77.0364,-12.06408]],[[-77.03243,-12.09087],[-77.03518,-12.07228],[-77.03543,-12.06973],[-77.03632,-12.0644]],[[-77.03935,-12.06447],[-77.03943,-12.06478],[-77.03907,-12.06488],[-77.03898,-12.06455],[-77.03914,-12.06443],[-77.03935,-12.06447],[-77.03947,-12.06431],[-77.04128,-12.06088],[-77.04192,-12.06064],[-77.0421,-12.06014]],[[-77.04143,-12.06077],[-77.04111,-12.06057],[-77.041,-12.0602],[-77.04111,-12.05991],[-77.04142,-12.05971]],[[-77.11975,-12.06561],[-77.1191,-12.06584],[-77.11876,-12.06541]],[[-77.13431,-12.06822],[-77.134,-12.06844],[-77.13353,-12.06842],[-77.13307,-12.06817],[-77.13294,-12.06786],[-77.13317,-12.06762],[-77.13372,-12.0676],[-77.13421,-12.06787],[-77.13431,-12.06822]],[[-77.13537,-12.06165],[-77.13427,-12.06794]],[[-77.13453,-12.05149],[-77.13447,-12.05179],[-77.13422,-12.05198],[-77.13385,-12.0519],[-77.1337,-12.05162],[-77.13383,-12.05129],[-77.1341,-12.05117],[-77.13479,-12.05157],[-77.13949,-12.05181],[-77.13971,-12.05205],[-77.13997,-12.05281],[-77.14227,-12.05563],[-77.14254,-12.05651],[-77.14306,-12.06028],[-77.14306,-12.06117],[-77.14266,-12.06358],[-77.13186,-12.06074]],[[-77.15792,-12.06817],[-77.15669,-12.06729],[-77.15568,-12.06681],[-77.15035,-12.06564],[-77.14266,-12.06358]],[[-77.13978,-12.05233],[-77.1397,-12.05259],[-77.13946,-12.0528],[-77.13901,-12.05286],[-77.13866,-12.05276],[-77.13846,-12.05253],[-77.13843,-12.05221],[-77.13854,-12.05193],[-77.13889,-12.05173]],[[-77.13438,-12.05049],[-77.13427,-12.05105],[-77.13437,-12.05125]]]}},{"type":"Feature","properties":{"id":"relation/4220334","nombre":"X-CR53-I","distrito":"Bellavista","tipo":"osm"},"geometry":{"type":"MultiLineString","coordinates":[[[-77.1063,-12.02136],[-77.10656,-12.02158],[-77.10642,-12.02209],[-77.1056,-12.02312],[-77.10525,-12.02382],[-77.10516,-12.02446],[-77.10342,-12.02752],[-77.10307,-12.02789],[-77.10048,-12.03314],[-77.1001,-12.0336],[-77.09946,-12.03547],[-77.09933,-12.03924],[-77.09904,-12.04197],[-77.09916,-12.04246],[-77.09902,-12.04421],[-77.09913,-12.04475],[-77.09873,-12.04544],[-77.09847,-12.04822],[-77.09836,-12.05133],[-77.09792,-12.05488],[-77.09722,-12.06265],[-77.09741,-12.06655],[-77.09774,-12.06829],[-77.09922,-12.07287],[-77.0999,-12.07349],[-77.10085,-12.07364],[-77.10418,-12.07219],[-77.11581,-12.06764],[-77.11626,-12.06743],[-77.11868,-12.06561],[-77.11886,-12.06508],[-77.1192,-12.0648],[-77.11966,-12.06479],[-77.11994,-12.06511],[-77.11984,-12.06551],[-77.11939,-12.06582],[-77.11906,-12.06583],[-77.11877,-12.06549]],[[-77.11962,-12.06572],[-77.11956,-12.06594],[-77.11979,-12.06635],[-77.12393,-12.07354]],[[-77.06163,-12.00836],[-77.06485,-12.00901],[-77.07168,-12.01125],[-77.07896,-12.01245],[-77.08007,-12.01248],[-77.08162,-12.01284],[-77.08294,-12.0129],[-77.08396,-12.01279],[-77.0893,-12.01163],[-77.09027,-12.0116],[-77.09246,-12.01208],[-77.09408,-12.01279],[-77.09538,-12.01366],[-77.09987,-12.01839],[-77.10116,-12.01938],[-77.10568,-12.02163],[-77.10605,-12.02153]],[[-77.06099,-12.0082],[-77.06131,-12.00813],[-77.06159,-12.00829],[-77.06166,-12.00861],[-77.06152,-12.00885],[-77.06119,-12.00895],[-77.0609,-12.00879],[-77.06082,-12.00851],[-77.06099,-12.0082],[-77.0601,-12.00822],[-77.05396,-12.00734],[-77.05503,-12.0013],[-77.05541,-11.99834],[-77.05543,-11.99638],[-77.05559,-11.99582],[-77.05698,-11.99355],[-77.05729,-11.99281],[-77.05737,-11.99204],[-77.05714,-11.98862],[-77.05826,-11.98414],[-77.0588,-11.98345],[-77.05955,-11.97987],[-77.05951,-11.97928],[-77.06002,-11.97668],[-77.05991,-11.97652],[-77.05964,-11.97649],[-77.05942,-11.9767],[-77.05949,-11.97824],[-77.05895,-11.98004],[-77.04691,-11.97667],[-77.04763,-11.97384],[-77.04314,-11.97256],[-77.04145,-11.97078],[-77.04266,-11.96967],[-77.04213,-11.96948],[-77.04112,-11.97042]],[[-77.04763,-11.97384],[-77.05134,-11.97487]]]}},{"type":"Feature","properties":{"id":"relation/4220382","nombre":"X-CR54-I","distrito":"Bellavista","tipo":"osm"},"geometry":{"type":"MultiLineString","coordinates":[[[-77.11533,-12.04987],[-77.11477,-12.0588],[-77.11518,-12.05965],[-77.11892,-12.06468],[-77.11913,-12.0648],[-77.11966,-12.06479],[-77.11989,-12.06502],[-77.11995,-12.06525],[-77.11975,-12.06561],[-77.11914,-12.06584],[-77.11886,-12.06566],[-77.11876,-12.0653],[-77.1192,-12.0648]],[[-76.96465,-12.05511],[-76.96445,-12.05496],[-76.96468,-12.05444],[-76.96689,-12.04999],[-76.96769,-12.04799],[-76.96871,-12.04644],[-76.97211,-12.03847]],[[-76.96269,-12.0371],[-76.96455,-12.03271]],[[-76.9713,-12.04068],[-76.9628,-12.03715]],[[-76.96541,-12.05513],[-76.96488,-12.05505],[-76.96449,-12.05521]],[[-77.06596,-12.08999],[-77.06301,-12.09236],[-77.06202,-12.09296],[-77.06113,-12.09324],[-77.05731,-12.09393],[-77.0543,-12.09527],[-77.02169,-12.09079],[-77.01109,-12.08921],[-77.00844,-12.08898],[-76.991,-12.08654],[-76.98729,-12.08587],[-76.98512,-12.08516],[-76.98147,-12.085],[-76.97059,-12.08363],[-76.96991,-12.08375],[-76.96964,-12.08355],[-76.96931,-12.08291],[-76.96749,-12.08174],[-76.96692,-12.08117],[-76.96486,-12.07807],[-76.96357,-12.07558],[-76.96419,-12.07431],[-76.96456,-12.07283],[-76.96464,-12.07164],[-76.96451,-12.06659],[-76.96508,-12.06353],[-76.96534,-12.0625],[-76.96599,-12.0615],[-76.96805,-12.05643],[-76.96576,-12.05528]],[[-76.96957,-12.08334],[-76.96973,-12.08298],[-76.97016,-12.0829],[-76.97045,-12.0832],[-76.97033,-12.08364]],[[-77.06973,-12.09274],[-77.06823,-12.08881],[-77.06596,-12.08965]],[[-77.07075,-12.09237],[-77.06857,-12.09315]],[[-77.1223,-12.07293],[-77.11016,-12.07738],[-77.10448,-12.08054],[-77.08503,-12.08935],[-77.08563,-12.09064],[-77.08485,-12.0907],[-77.08443,-12.08989],[-77.08413,-12.08961],[-77.08306,-12.08725],[-77.07658,-12.09058],[-77.07644,-12.09031],[-77.07176,-12.092]],[[-77.08178,-12.07887],[-77.08296,-12.08468],[-77.08383,-12.08689],[-77.08503,-12.08935]],[[-77.11962,-12.06572],[-77.11959,-12.066],[-77.12334,-12.07254],[-77.12321,-12.07259]],[[-77.13172,-12.06951],[-77.12334,-12.07254]],[[-77.10946,-12.04699],[-77.10924,-12.04934],[-77.11825,-12.05012]],[[-77.10634,-12.04908],[-77.10924,-12.04934]]]}},{"type":"Feature","properties":{"id":"relation/4220430","nombre":"X-CR56-I","distrito":"Bellavista","tipo":"osm"},"geometry":{"type":"MultiLineString","coordinates":[[[-77.04581,-12.04344],[-77.05085,-12.04391],[-77.05148,-12.04415],[-77.0523,-12.04425],[-77.06131,-12.04511],[-77.09831,-12.04838],[-77.09861,-12.04539],[-77.09903,-12.04475],[-77.09892,-12.0442],[-77.09905,-12.04252],[-77.09892,-12.04196],[-77.09918,-12.03907],[-77.09932,-12.03562],[-77.09973,-12.03419],[-77.10006,-12.03339],[-77.10044,-12.03297],[-77.10303,-12.02776],[-77.1033,-12.02745],[-77.10508,-12.02427],[-77.10591,-12.02174],[-77.10612,-12.02144],[-77.10656,-12.02117],[-77.10746,-12.01948],[-77.10762,-12.01874],[-77.10839,-12.01713],[-77.10879,-12.01673],[-77.11032,-12.01359],[-77.11097,-12.01296],[-77.11121,-12.01179],[-77.11215,-12.0096],[-77.11315,-12.00775],[-77.11432,-12.00515],[-77.1155,-12.00316],[-77.11553,-12.00266],[-77.1157,-12.00231],[-77.11655,-12.00111],[-77.11812,-12.00006],[-77.11859,-11.99949],[-77.12458,-11.99744],[-77.12586,-11.99593],[-77.12592,-11.99538],[-77.12553,-11.99188],[-77.12488,-11.97568],[-77.12493,-11.97319],[-77.12521,-11.97035],[-77.12581,-11.96717],[-77.12637,-11.9652],[-77.13132,-11.95022],[-77.13168,-11.94837],[-77.13107,-11.93978],[-77.1307,-11.93687],[-77.1304,-11.93159],[-77.13002,-11.92848],[-77.12902,-11.9225],[-77.12875,-11.91888],[-77.1283,-11.91206],[-77.12863,-11.90771],[-77.12816,-11.90116],[-77.12697,-11.89762],[-77.12597,-11.8902],[-77.12602,-11.88826],[-77.12591,-11.88652],[-77.12619,-11.88464],[-77.1265,-11.87672],[-77.12696,-11.8741]],[[-77.12696,-11.87406],[-77.12688,-11.87351],[-77.12673,-11.87337],[-77.12439,-11.87282],[-77.11754,-11.86898],[-77.11602,-11.86849],[-77.11392,-11.86815],[-77.11354,-11.86853],[-77.11373,-11.86947],[-77.11365,-11.86979],[-77.11043,-11.87235],[-77.10932,-11.87428],[-77.10853,-11.8746],[-77.10899,-11.87591],[-77.1077,-11.87659],[-77.10609,-11.87783],[-77.10483,-11.87841],[-77.10408,-11.87807],[-77.10309,-11.87819],[-77.10189,-11.87996],[-77.10121,-11.88004],[-77.09982,-11.88072],[-77.09852,-11.88058],[-77.09775,-11.88133],[-77.09677,-11.88294],[-77.09623,-11.88452],[-77.09646,-11.88574]],[[-77.05102,-12.04395],[-77.05085,-12.04575]],[[-77.05469,-12.04611],[-77.04692,-12.04537],[-77.0467,-12.0478],[-77.0465,-12.04779],[-77.04649,-12.04791],[-77.04654,-12.04843],[-77.04271,-12.04818]]]}},{"type":"Feature","properties":{"id":"relation/4222134","nombre":"X-CR57-I","distrito":"Bellavista","tipo":"osm"},"geometry":{"type":"MultiLineString","coordinates":[[[-77.099,-12.03617],[-77.09777,-12.03589],[-77.09709,-12.03538],[-77.09444,-12.03006],[-77.07988,-12.03169],[-77.07521,-12.03198]],[[-77.1145,-11.94317],[-77.11866,-11.94207],[-77.12244,-11.93929],[-77.1247,-11.93836],[-77.12622,-11.93846],[-77.12702,-11.93822],[-77.1273,-11.93808],[-77.12782,-11.93727],[-77.12882,-11.93712],[-77.12982,-11.93622],[-77.13092,-11.93609],[-77.13112,-11.93757],[-77.13181,-11.94717],[-77.13182,-11.9491],[-77.12653,-11.96525],[-77.12577,-11.96818],[-77.12515,-11.97241],[-77.12506,-11.97601],[-77.12561,-11.98901],[-77.12577,-11.99239],[-77.12629,-11.99684],[-77.12578,-11.99749],[-77.12147,-11.99917],[-77.12089,-11.99922],[-77.1177,-12.00047],[-77.11677,-12.00115],[-77.11578,-12.00236],[-77.11546,-12.00345],[-77.11456,-12.00499],[-77.11217,-12.00983],[-77.11123,-12.01205],[-77.11111,-12.01292],[-77.11004,-12.01449],[-77.10885,-12.0168],[-77.10854,-12.0172],[-77.10765,-12.01897],[-77.10756,-12.01942],[-77.10675,-12.02092],[-77.10642,-12.02209],[-77.1056,-12.02312],[-77.10525,-12.02382],[-77.10516,-12.02446],[-77.10342,-12.02752],[-77.10307,-12.02789],[-77.10048,-12.03314],[-77.1001,-12.0336],[-77.09946,-12.03547],[-77.09945,-12.0365]],[[-77.04909,-12.03521],[-77.04445,-12.03634],[-77.03833,-12.03819],[-77.03729,-12.03881],[-77.03555,-12.04023],[-77.03363,-12.04101],[-77.03213,-12.04188],[-77.02948,-12.04302],[-77.02807,-12.04321],[-77.02355,-12.04328],[-77.02145,-12.04271],[-77.01824,-12.04123],[-77.01634,-12.04016],[-77.01499,-12.03919],[-77.00949,-12.03458],[-77.00636,-12.03261],[-77.00509,-12.03195],[-76.99986,-12.03017]],[[-77.0742,-12.03195],[-77.06777,-12.03192],[-77.05861,-12.03308],[-77.05838,-12.03321],[-77.05902,-12.03419],[-77.05786,-12.03485],[-77.05487,-12.03539],[-77.0547,-12.03458],[-77.05414,-12.0332],[-77.05341,-12.0336],[-77.04904,-12.03533]]]}},{"type":"Feature","properties":{"id":"relation/4222786","nombre":"X-CR58-I","distrito":"Bellavista","tipo":"osm"},"geometry":{"type":"MultiLineString","coordinates":[[[-77.12114,-11.99246],[-77.12136,-11.99291],[-77.12094,-11.99314],[-77.12146,-11.99441],[-77.12382,-11.9935],[-77.12553,-11.99332],[-77.12488,-11.97568],[-77.12508,-11.97146],[-77.12559,-11.96816],[-77.12637,-11.9652],[-77.13161,-11.94908],[-77.13162,-11.94719],[-77.13107,-11.93978],[-77.1307,-11.93687],[-77.13067,-11.93611],[-77.13092,-11.93609]],[[-77.1145,-11.94317],[-77.11866,-11.94207],[-77.12244,-11.93929],[-77.1247,-11.93836],[-77.12622,-11.93846],[-77.12702,-11.93822],[-77.1273,-11.93808],[-77.12773,-11.93732],[-77.12882,-11.93712],[-77.12971,-11.93626],[-77.13067,-11.93611]],[[-77.12287,-11.99807],[-77.12146,-11.99441]],[[-77.12104,-11.99835],[-77.12062,-11.99735],[-77.11993,-11.99637],[-77.11916,-11.99565],[-77.11829,-11.9951],[-77.11841,-11.99488],[-77.11863,-11.99502],[-77.11965,-11.99438],[-77.12121,-11.99381]],[[-77.09916,-12.03933],[-77.09932,-12.03562],[-77.1,-12.03352],[-77.10044,-12.03297],[-77.10303,-12.02776],[-77.1033,-12.02745],[-77.10508,-12.02427],[-77.10591,-12.02174],[-77.10612,-12.02144],[-77.10656,-12.02117],[-77.10746,-12.01948],[-77.10762,-12.01874],[-77.10839,-12.01713],[-77.10879,-12.01673],[-77.11032,-12.01359],[-77.11097,-12.01296],[-77.11121,-12.01179],[-77.11215,-12.0096],[-77.11315,-12.00775],[-77.11432,-12.00515],[-77.1155,-12.00316],[-77.11553,-12.00266],[-77.1157,-12.00231],[-77.11655,-12.00111],[-77.11812,-12.00006],[-77.11856,-11.99951],[-77.12112,-11.9986]],[[-77.04593,-12.03569],[-77.04873,-12.03514],[-77.05287,-12.03348],[-77.05446,-12.0326],[-77.05573,-12.03154],[-77.05636,-12.03217],[-77.05748,-12.03178],[-77.0582,-12.03294],[-77.06778,-12.03169],[-77.07738,-12.03184],[-77.09451,-12.02986],[-77.09716,-12.03526],[-77.09758,-12.03565],[-77.09807,-12.03583],[-77.09961,-12.03594],[-77.09979,-12.03624],[-77.09975,-12.03662]],[[-76.92071,-12.02641],[-76.92268,-12.0276],[-76.92382,-12.02857],[-76.93577,-12.04262],[-76.93639,-12.04314],[-76.95615,-12.05102],[-76.97127,-12.0575],[-76.97164,-12.05746],[-76.97291,-12.05691],[-76.97393,-12.05631],[-76.97452,-12.0555],[-76.97602,-12.05224],[-76.97722,-12.05068],[-76.98557,-12.04328],[-76.98656,-12.04224],[-76.98741,-12.04094],[-76.98797,-12.03969],[-76.9893,-12.03514],[-76.99017,-12.03362],[-76.99122,-12.03229],[-76.99319,-12.03061],[-76.99532,-12.02938],[-76.99613,-12.02908],[-76.99717,-12.02896],[-76.99816,-12.02913],[-77.00497,-12.0317],[-77.00582,-12.03214],[-77.00796,-12.03336],[-77.00976,-12.0346],[-77.01506,-12.03909],[-77.01689,-12.04033],[-77.02153,-12.04259],[-77.02289,-12.04302],[-77.02452,-12.0432],[-77.02861,-12.04309],[-77.02948,-12.04292],[-77.03162,-12.042],[-77.03358,-12.04092],[-77.03549,-12.04015],[-77.03802,-12.03822]]]}},{"type":"Feature","properties":{"id":"relation/4222791","nombre":"X-CR61-I","distrito":"Bellavista","tipo":"osm"},"geometry":{"type":"MultiLineString","coordinates":[[[-77.04313,-12.04658],[-77.04289,-12.04678],[-77.04257,-12.04676],[-77.04234,-12.04645],[-77.0424,-12.04617],[-77.04267,-12.04598],[-77.04298,-12.04604],[-77.04317,-12.0463],[-77.04313,-12.04658],[-77.04344,-12.04647],[-77.05071,-12.04722],[-77.05092,-12.0451],[-77.05098,-12.04437],[-77.04341,-12.04371]],[[-77.10171,-11.87354],[-77.10177,-11.87344],[-77.10266,-11.87355],[-77.10443,-11.87479],[-77.10533,-11.87502],[-77.10696,-11.87501],[-77.109,-11.87432],[-77.1093,-11.87406],[-77.11031,-11.87229],[-77.11359,-11.8697],[-77.11363,-11.86948],[-77.11338,-11.86859],[-77.11343,-11.86824],[-77.11375,-11.86785],[-77.11432,-11.86768],[-77.11542,-11.86825],[-77.11707,-11.86865],[-77.11795,-11.86903],[-77.12463,-11.8728],[-77.12645,-11.87317],[-77.1271,-11.87301],[-77.12727,-11.8731],[-77.1268,-11.87584],[-77.12692,-11.87772],[-77.12646,-11.87989],[-77.12629,-11.88433],[-77.12638,-11.8845],[-77.12614,-11.88717],[-77.12626,-11.8885],[-77.12624,-11.89161],[-77.12705,-11.89761],[-77.12825,-11.90116],[-77.12878,-11.90818],[-77.12864,-11.9131],[-77.13062,-11.9319],[-77.13187,-11.94836],[-77.13165,-11.94985],[-77.12653,-11.96525],[-77.12587,-11.96767],[-77.12524,-11.97147],[-77.12506,-11.97601],[-77.12577,-11.99239],[-77.12629,-11.99684],[-77.12578,-11.99749],[-77.12147,-11.99917],[-77.12089,-11.99922],[-77.1177,-12.00047],[-77.11677,-12.00115],[-77.11578,-12.00236],[-77.11546,-12.00345],[-77.11456,-12.00499],[-77.11217,-12.00983],[-77.11123,-12.01205],[-77.11111,-12.01292],[-77.11004,-12.01449],[-77.10885,-12.0168],[-77.10854,-12.0172],[-77.10765,-12.01897],[-77.10756,-12.01942],[-77.10675,-12.02092],[-77.10642,-12.02209],[-77.1056,-12.02312],[-77.10525,-12.02382],[-77.10516,-12.02446],[-77.10342,-12.02752],[-77.10307,-12.02789],[-77.09983,-12.03426],[-77.09946,-12.03547],[-77.09933,-12.03924],[-77.09904,-12.04197],[-77.09916,-12.04246],[-77.09902,-12.04421],[-77.09913,-12.04475],[-77.09873,-12.04544],[-77.09846,-12.04847],[-77.06587,-12.04561],[-77.06518,-12.04575],[-77.06444,-12.04549],[-77.05229,-12.04433],[-77.05098,-12.04437]]]}},{"type":"Feature","properties":{"id":"relation/4223687","nombre":"X-CR65-I","distrito":"Bellavista","tipo":"osm"},"geometry":{"type":"MultiLineString","coordinates":[[[-77.04077,-11.91625],[-77.0394,-11.91681],[-77.03782,-11.91685],[-77.03751,-11.9167],[-77.03635,-11.91546],[-77.03559,-11.91508],[-77.03055,-11.91514],[-77.02927,-11.91437],[-77.02382,-11.91316],[-77.02066,-11.91304],[-77.01879,-11.91331],[-77.01545,-11.91351],[-77.00963,-11.91356],[-77.00721,-11.91251],[-77.00463,-11.91248]],[[-77.06172,-12.00409],[-77.06158,-12.00436],[-77.06169,-12.00461],[-77.06193,-12.00472],[-77.0622,-12.00462],[-77.06231,-12.00438],[-77.06223,-12.00413],[-77.06198,-12.00401],[-77.06172,-12.00409],[-77.0637,-11.99141],[-77.06355,-11.99037],[-77.0632,-11.98998],[-77.05703,-11.98905],[-77.05686,-11.98884],[-77.05818,-11.98309],[-77.05947,-11.97838],[-77.05954,-11.97769],[-77.05945,-11.97679],[-77.05911,-11.97593],[-77.05797,-11.97399],[-77.0576,-11.97302],[-77.05742,-11.9718],[-77.0575,-11.96916],[-77.05739,-11.96869],[-77.05573,-11.96577],[-77.051,-11.95182],[-77.05072,-11.95141],[-77.04955,-11.95035],[-77.04928,-11.94986],[-77.04933,-11.94895],[-77.05048,-11.94426],[-77.05026,-11.94044],[-77.05005,-11.93904],[-77.04946,-11.93776],[-77.04686,-11.934],[-77.04452,-11.93118],[-77.04312,-11.92834],[-77.04275,-11.92708],[-77.04217,-11.92254],[-77.04134,-11.91783],[-77.04086,-11.9162]],[[-77.10572,-12.02219],[-77.10571,-12.02195],[-77.10541,-12.02171],[-77.1014,-12.01979],[-77.10049,-12.01913],[-77.09943,-12.0182],[-77.09595,-12.01448],[-77.09484,-12.0135],[-77.09286,-12.01244],[-77.08999,-12.0117],[-77.08548,-12.0079],[-77.08411,-12.00708],[-77.08263,-12.00671],[-77.07673,-12.00639],[-77.07443,-12.00642],[-77.06222,-12.0046]],[[-77.10948,-12.07939],[-77.11101,-12.07842],[-77.11053,-12.07724],[-77.10448,-12.08054],[-77.08503,-12.08935],[-77.08563,-12.09064],[-77.08531,-12.09071],[-77.08485,-12.0907],[-77.08443,-12.08989],[-77.08413,-12.08961],[-77.08306,-12.08725],[-77.07658,-12.09058],[-77.07644,-12.09031],[-77.07385,-12.09125],[-77.07029,-12.08188],[-77.07923,-12.07863],[-77.08082,-12.07821],[-77.09061,-12.07793],[-77.09219,-12.0777],[-77.0933,-12.07734],[-77.09821,-12.07499],[-77.09879,-12.0743],[-77.09903,-12.07372],[-77.09905,-12.07289],[-77.09738,-12.06734],[-77.09709,-12.06252],[-77.09823,-12.0515],[-77.09829,-12.04861],[-77.09851,-12.04606],[-77.09865,-12.04527],[-77.09894,-12.04501],[-77.09903,-12.04475],[-77.09892,-12.0442],[-77.09905,-12.04252],[-77.09892,-12.04196],[-77.09918,-12.03907],[-77.09932,-12.03562],[-77.10006,-12.03339],[-77.10044,-12.03297],[-77.10303,-12.02776],[-77.1033,-12.02745],[-77.10508,-12.02427],[-77.1057,-12.02227]],[[-77.08178,-12.07887],[-77.08296,-12.08468],[-77.08383,-12.08689],[-77.08503,-12.08935]],[[-77.11101,-12.07842],[-77.11378,-12.07761]]]}},{"type":"Feature","properties":{"id":"relation/4223798","nombre":"X-CR69-I","distrito":"Bellavista","tipo":"osm"},"geometry":{"type":"MultiLineString","coordinates":[[[-77.06172,-12.00409],[-77.06158,-12.00436],[-77.06169,-12.00461],[-77.06193,-12.00472],[-77.0622,-12.00462],[-77.06231,-12.00438],[-77.06223,-12.00413],[-77.06198,-12.00401],[-77.06172,-12.00409],[-77.06368,-11.9912],[-77.06351,-11.99025],[-77.0632,-11.98998],[-77.05706,-11.98905],[-77.05688,-11.98887],[-77.05691,-11.9883],[-77.05903,-11.97982],[-77.05895,-11.98004]],[[-77.05903,-11.97982],[-77.05947,-11.97838],[-77.0595,-11.97705],[-77.05921,-11.97612],[-77.05797,-11.97399],[-77.0576,-11.97302],[-77.05742,-11.9718],[-77.0575,-11.96916],[-77.05739,-11.96869],[-77.05573,-11.96577],[-77.051,-11.95182],[-77.05072,-11.95141],[-77.04955,-11.95035],[-77.04928,-11.94986],[-77.04933,-11.94895],[-77.05048,-11.94426],[-77.0501,-11.93923],[-77.04946,-11.93776],[-77.04686,-11.934],[-77.04452,-11.93118],[-77.04312,-11.92834],[-77.04275,-11.92708],[-77.04217,-11.92254],[-77.04134,-11.91783],[-77.04079,-11.91603],[-77.03743,-11.90996],[-77.03666,-11.90941],[-77.03314,-11.90802],[-77.03257,-11.90761],[-77.0321,-11.90705],[-77.03062,-11.90376],[-77.03033,-11.89943],[-77.02868,-11.89349],[-77.0281,-11.89234],[-77.02685,-11.89046],[-77.02591,-11.88942],[-77.02385,-11.88766],[-77.02334,-11.88682],[-77.02324,-11.88582],[-77.02368,-11.88322],[-77.02347,-11.88229],[-77.0227,-11.88142],[-77.01979,-11.87994],[-77.01772,-11.87779],[-77.01554,-11.87353],[-77.01375,-11.87043],[-77.01148,-11.86696]],[[-77.10572,-12.02219],[-77.10571,-12.02195],[-77.10541,-12.02171],[-77.1014,-12.01979],[-77.10049,-12.01913],[-77.09943,-12.0182],[-77.09595,-12.01448],[-77.09484,-12.0135],[-77.09286,-12.01244],[-77.08999,-12.0117],[-77.08548,-12.0079],[-77.08411,-12.00708],[-77.08263,-12.00671],[-77.07673,-12.00639],[-77.07443,-12.00642],[-77.06222,-12.0046]],[[-77.06611,-12.08338],[-77.07923,-12.07863],[-77.08056,-12.07826],[-77.08183,-12.0781],[-77.09061,-12.07793],[-77.09219,-12.0777],[-77.0933,-12.07734],[-77.09821,-12.07499],[-77.09869,-12.07447],[-77.09899,-12.0739],[-77.09905,-12.07289],[-77.09738,-12.06734],[-77.09709,-12.06252],[-77.09823,-12.0515],[-77.09829,-12.04861],[-77.09851,-12.04606],[-77.09865,-12.04527],[-77.09894,-12.04501],[-77.09903,-12.04475],[-77.09892,-12.0442],[-77.09905,-12.04252],[-77.09892,-12.04196],[-77.09918,-12.03907],[-77.09932,-12.03562],[-77.10006,-12.03339],[-77.10044,-12.03297],[-77.10303,-12.02776],[-77.1033,-12.02745],[-77.10508,-12.02427],[-77.1057,-12.02227]]]}},{"type":"Feature","properties":{"id":"relation/4223946","nombre":"X-CR24-I","distrito":"Bellavista","tipo":"osm"},"geometry":{"type":"MultiLineString","coordinates":[[[-77.1524,-11.83487],[-77.16871,-11.83081]],[[-77.12674,-11.84971],[-77.12632,-11.84939],[-77.12624,-11.84914],[-77.12653,-11.84736],[-77.1337,-11.85149],[-77.1343,-11.85155],[-77.13557,-11.85122],[-77.13596,-11.85081],[-77.14121,-11.84219],[-77.14244,-11.84012],[-77.14259,-11.8396],[-77.14305,-11.83916],[-77.14453,-11.83682],[-77.14588,-11.83639],[-77.14671,-11.83597],[-77.14977,-11.83538],[-77.15628,-11.83385]],[[-77.11533,-11.8419],[-77.11894,-11.84562],[-77.11983,-11.84771],[-77.12061,-11.84859],[-77.12311,-11.84954],[-77.12541,-11.84937],[-77.12674,-11.84971],[-77.12763,-11.85038],[-77.12921,-11.85202],[-77.12956,-11.85255],[-77.12961,-11.85308],[-77.12881,-11.85207],[-77.12833,-11.85166],[-77.12813,-11.85167],[-77.12812,-11.85178],[-77.12846,-11.85195],[-77.12862,-11.85221],[-77.12811,-11.86684],[-77.12692,-11.87307]],[[-77.12744,-11.87151],[-77.12845,-11.86615],[-77.12896,-11.86225],[-77.12914,-11.86177],[-77.13012,-11.86036],[-77.13034,-11.85965],[-77.12973,-11.85453],[-77.12954,-11.85348],[-77.12922,-11.85265]],[[-77.12956,-11.85255],[-77.12995,-11.85357],[-77.13045,-11.85956],[-77.13022,-11.86036],[-77.12904,-11.86222],[-77.12847,-11.8666],[-77.12756,-11.87153]],[[-77.13044,-11.85914],[-77.13031,-11.8592]],[[-77.12727,-11.8731],[-77.1268,-11.87584],[-77.12692,-11.87772],[-77.12646,-11.87989],[-77.12629,-11.88433],[-77.12638,-11.8845],[-77.12614,-11.88717],[-77.12626,-11.8885],[-77.12624,-11.89161],[-77.12705,-11.89761],[-77.12825,-11.90116],[-77.12878,-11.90818],[-77.12864,-11.9131],[-77.13062,-11.9319],[-77.13187,-11.94836],[-77.13165,-11.94985],[-77.12653,-11.96525],[-77.12587,-11.96767],[-77.12524,-11.97147],[-77.12506,-11.97601],[-77.12577,-11.99239],[-77.12629,-11.99684],[-77.12578,-11.99749],[-77.12147,-11.99917],[-77.12117,-11.99912],[-77.1183,-12.0002],[-77.1175,-12.00059],[-77.11677,-12.00115],[-77.11024,-11.99428],[-77.10944,-11.99499],[-77.1062,-12.00124],[-77.09845,-12.01686],[-77.09987,-12.01839],[-77.1015,-12.01958],[-77.09682,-12.02894],[-77.09633,-12.02948],[-77.09576,-12.02983],[-77.09488,-12.03002],[-77.07736,-12.03191],[-77.06777,-12.03192],[-77.05861,-12.03308],[-77.05838,-12.03321],[-77.05741,-12.03179],[-77.05488,-12.03273],[-77.05341,-12.0336],[-77.04904,-12.03533]],[[-77.04909,-12.03521],[-77.04445,-12.03634],[-77.03833,-12.03819],[-77.03729,-12.03881],[-77.03555,-12.04023],[-77.03363,-12.04101],[-77.03213,-12.04188],[-77.02948,-12.04302],[-77.02807,-12.04321],[-77.02355,-12.04328],[-77.02145,-12.04271],[-77.01824,-12.04123],[-77.01634,-12.04016],[-77.01499,-12.03919],[-77.00949,-12.03458],[-77.00748,-12.03325],[-77.00509,-12.03195],[-76.99811,-12.02929],[-76.99712,-12.02915],[-76.99596,-12.02935],[-76.99404,-12.03032],[-76.99263,-12.03127],[-76.9911,-12.03278],[-76.99031,-12.03374],[-76.98975,-12.03465],[-76.98927,-12.03575],[-76.98801,-12.04012],[-76.98736,-12.04141],[-76.98665,-12.04244],[-76.98574,-12.04338],[-76.97771,-12.05049],[-76.97656,-12.05174],[-76.97555,-12.05362],[-76.97462,-12.05615],[-76.97453,-12.05678],[-76.97491,-12.05827],[-76.97461,-12.05913],[-76.95626,-12.05117],[-76.93653,-12.04333],[-76.93572,-12.04272],[-76.92458,-12.02963],[-76.92284,-12.02782],[-76.91929,-12.02576],[-76.91351,-12.02385],[-76.91277,-12.02612],[-76.91817,-12.02677],[-76.9201,-12.02656]],[[-76.91277,-12.02612],[-76.89404,-12.02373]],[[-76.89135,-12.03238],[-76.89175,-12.03223],[-76.8917,-12.03302],[-76.8909,-12.03398],[-76.8909,-12.03469],[-76.89063,-12.03508],[-76.89097,-12.03567]],[[-76.89522,-12.01796],[-76.8928,-12.02971],[-76.89191,-12.03144],[-76.89187,-12.03206],[-76.89175,-12.03223]]]}},{"type":"Feature","properties":{"id":"relation/4224043","nombre":"X-CR25-I","distrito":"Bellavista","tipo":"osm"},"geometry":{"type":"MultiLineString","coordinates":[[[-77.04904,-12.03533],[-77.05341,-12.0336],[-77.05488,-12.03273],[-77.05741,-12.03179],[-77.05838,-12.03321],[-77.05861,-12.03308],[-77.06777,-12.03192],[-77.07736,-12.03191],[-77.09488,-12.03002],[-77.09576,-12.02983],[-77.09633,-12.02948],[-77.09682,-12.02894],[-77.1015,-12.01958],[-77.09987,-12.01839],[-77.09845,-12.01686],[-77.1062,-12.00124],[-77.10944,-11.99499],[-77.11024,-11.99428],[-77.11664,-12.00102]],[[-76.88817,-12.0334],[-76.88772,-12.03212],[-76.88595,-12.02832],[-76.88625,-12.02296],[-76.88603,-12.02263],[-76.88593,-12.01902],[-76.88575,-12.01885],[-76.88389,-12.01834],[-76.88512,-12.0145]],[[-76.90029,-12.02308],[-76.89733,-12.02276],[-76.8966,-12.02237],[-76.89311,-12.02165],[-76.89014,-12.02048],[-76.88829,-12.02001],[-76.88593,-12.01902]],[[-76.88624,-12.02278],[-76.88609,-12.02276]],[[-76.89273,-12.02993],[-76.88627,-12.02906]],[[-76.89522,-12.01796],[-76.8928,-12.02971],[-76.89191,-12.03144],[-76.8917,-12.03302],[-76.8909,-12.03398],[-76.8909,-12.03469],[-76.89063,-12.03508],[-76.89097,-12.03567]],[[-77.04909,-12.03521],[-77.04445,-12.03634],[-77.03833,-12.03819],[-77.03729,-12.03881],[-77.03555,-12.04023],[-77.03363,-12.04101],[-77.03213,-12.04188],[-77.02948,-12.04302],[-77.02807,-12.04321],[-77.02355,-12.04328],[-77.02145,-12.04271],[-77.01824,-12.04123],[-77.01634,-12.04016],[-77.01499,-12.03919],[-77.00949,-12.03458],[-77.00748,-12.03325],[-77.00509,-12.03195],[-76.99811,-12.02929],[-76.99712,-12.02915],[-76.99596,-12.02935],[-76.99404,-12.03032],[-76.99263,-12.03127],[-76.9911,-12.03278],[-76.99031,-12.03374],[-76.98975,-12.03465],[-76.98927,-12.03575],[-76.98801,-12.04012],[-76.98736,-12.04141],[-76.98665,-12.04244],[-76.98574,-12.04338],[-76.97771,-12.05049],[-76.97656,-12.05174],[-76.97555,-12.05362],[-76.97462,-12.05615],[-76.97453,-12.05678],[-76.97491,-12.05827],[-76.97461,-12.05913],[-76.95626,-12.05117],[-76.93638,-12.04325],[-76.93572,-12.04272],[-76.92327,-12.02818],[-76.92142,-12.02693],[-76.91951,-12.02585],[-76.91351,-12.02385],[-76.91277,-12.02612],[-76.89404,-12.02373]],[[-76.9201,-12.02656],[-76.91817,-12.02677],[-76.91277,-12.02612]]]}},{"type":"Feature","properties":{"id":"relation/4224064","nombre":"X-CR71-I","distrito":"Bellavista","tipo":"osm"},"geometry":{"type":"MultiLineString","coordinates":[[[-77.00055,-12.12896],[-76.98733,-12.12791],[-76.98634,-12.12817],[-76.97792,-12.13132]],[[-77.1063,-12.02136],[-77.10656,-12.02158],[-77.10642,-12.02209],[-77.1056,-12.02312],[-77.10525,-12.02382],[-77.10516,-12.02446],[-77.10342,-12.02752],[-77.10307,-12.02789],[-77.10048,-12.03314],[-77.1001,-12.0336],[-77.09946,-12.03547],[-77.09933,-12.03924],[-77.09904,-12.04197],[-77.09916,-12.04246],[-77.09902,-12.04421],[-77.09913,-12.04475],[-77.09873,-12.04544],[-77.09847,-12.04822],[-77.09836,-12.05133],[-77.09792,-12.05488],[-77.09722,-12.06265],[-77.09741,-12.06655],[-77.0976,-12.06777],[-77.09915,-12.07271],[-77.10005,-12.07376],[-77.10008,-12.07427],[-77.09383,-12.07731],[-77.09246,-12.07779],[-77.09089,-12.07806],[-77.08185,-12.07828],[-77.08066,-12.07842],[-77.07805,-12.07923],[-77.06579,-12.08368],[-77.06487,-12.0842],[-77.06432,-12.08555],[-77.06295,-12.0867],[-77.05338,-12.09304],[-77.05844,-12.1029],[-77.0527,-12.10906],[-77.04866,-12.11305],[-77.04863,-12.11323],[-77.04845,-12.11327],[-77.04303,-12.1188],[-77.04282,-12.11868],[-77.04257,-12.11878],[-77.04255,-12.11913],[-77.04273,-12.11925],[-77.04295,-12.11921],[-77.04308,-12.11903],[-77.04303,-12.1188]],[[-76.96957,-12.08334],[-76.96973,-12.08298],[-76.97005,-12.08288],[-76.97035,-12.08302],[-76.97047,-12.08332],[-76.97024,-12.0837],[-76.9698,-12.0837],[-76.96931,-12.08291],[-76.9671,-12.08138],[-76.96496,-12.07823],[-76.96364,-12.07567],[-76.96285,-12.07479],[-76.96165,-12.07394],[-76.95655,-12.07159],[-76.95834,-12.06786],[-76.95333,-12.06512],[-76.9519,-12.0635],[-76.94909,-12.06264],[-76.94606,-12.0627],[-76.94236,-12.06075]],[[-76.95847,-12.06792],[-76.95834,-12.06786],[-76.95841,-12.06772]],[[-76.97707,-12.12828],[-76.97688,-12.12673],[-76.97714,-12.1182],[-76.97775,-12.11338],[-76.97763,-12.11255],[-76.97787,-12.11053],[-76.97775,-12.11034],[-76.97742,-12.11022],[-76.97276,-12.10988],[-76.97045,-12.1043],[-76.97039,-12.10378],[-76.9706,-12.10293],[-76.96905,-12.0989],[-76.9698,-12.0968],[-76.96806,-12.09501],[-76.96743,-12.09353],[-76.96711,-12.09172],[-76.96699,-12.088],[-76.96709,-12.0873],[-76.9677,-12.08629],[-76.96891,-12.08548],[-76.96949,-12.08483],[-76.96976,-12.08417],[-76.96959,-12.08345]],[[-76.97747,-12.13009],[-76.97788,-12.13112]],[[-77.00109,-12.12833],[-77.00142,-12.12847],[-77.00158,-12.12887],[-77.00141,-12.12922],[-77.00103,-12.12935],[-77.00063,-12.12913],[-77.00054,-12.12878],[-77.00076,-12.12842],[-77.00109,-12.12833]],[[-77.02925,-12.11934],[-77.02931,-12.11969],[-77.0324,-12.12383],[-77.03162,-12.12415],[-77.02949,-12.12454],[-77.00218,-12.12882],[-77.00154,-12.12904]],[[-77.04251,-12.11906],[-77.04041,-12.11908],[-77.04035,-12.11883],[-77.04008,-12.1187],[-77.03983,-12.11884],[-77.03979,-12.11909],[-77.02939,-12.11918],[-77.02926,-12.1192],[-77.02914,-12.11949],[-77.02892,-12.11939],[-77.02897,-12.11897],[-77.02914,-12.11899],[-77.02926,-12.1192]],[[-77.04041,-12.11908],[-77.0401,-12.11932],[-77.03979,-12.11909]],[[-77.06228,-12.00423],[-77.0629,-12.00453],[-77.07412,-12.00623],[-77.07492,-12.00633],[-77.07686,-12.00624],[-77.08256,-12.00655],[-77.08417,-12.00694],[-77.08556,-12.00773],[-77.0896,-12.01115],[-77.09027,-12.0116],[-77.09303,-12.01228],[-77.09408,-12.01279],[-77.0952,-12.01353],[-77.0959,-12.01411],[-77.09987,-12.01839],[-77.10125,-12.01944],[-77.10568,-12.02163],[-77.10605,-12.02153]],[[-77.0622,-12.00411],[-77.06231,-12.00438],[-77.0622,-12.00462],[-77.06193,-12.00472],[-77.06169,-12.00461],[-77.06158,-12.00436],[-77.06169,-12.00411],[-77.06194,-12.00401],[-77.0622,-12.00411],[-77.06217,-12.00329],[-77.06243,-12.00091],[-77.06295,-11.99768],[-77.06347,-11.9969],[-77.0644,-11.9907],[-77.06459,-11.99036],[-77.06424,-11.99043],[-77.06377,-11.99032],[-77.06358,-11.99005],[-77.06365,-11.98977],[-77.06326,-11.98987],[-77.05711,-11.98892],[-77.05714,-11.98862],[-77.05826,-11.98414],[-77.0588,-11.98345],[-77.06006,-11.97683],[-77.06034,-11.97674],[-77.0611,-11.97683],[-77.0648,-11.97742],[-77.06514,-11.97759],[-77.06567,-11.97826],[-77.06605,-11.97834],[-77.06653,-11.97817]],[[-77.06365,-11.98977],[-77.06403,-11.98963],[-77.06459,-11.98977],[-77.06472,-11.9901],[-77.06459,-11.99036]],[[-77.06657,-11.97694],[-77.0668,-11.97727]],[[-77.0878,-11.97422],[-77.08583,-11.97581],[-77.08486,-11.97628],[-77.07446,-11.97864],[-77.07324,-11.97869],[-77.06723,-11.97778],[-77.06674,-11.97794]],[[-77.0979,-11.98263],[-77.08996,-11.97563],[-77.08849,-11.9745],[-77.08788,-11.97422]],[[-77.12239,-11.9665],[-77.12347,-11.96345],[-77.12394,-11.96323],[-77.12422,-11.96324],[-77.12658,-11.96398]],[[-77.11891,-11.97233],[-77.11923,-11.97161],[-77.11945,-11.97037],[-77.12006,-11.96906],[-77.12229,-11.96665]],[[-77.09785,-11.98133],[-77.10654,-11.98047],[-77.10692,-11.98031],[-77.1101,-11.97855],[-77.11386,-11.97677],[-77.11465,-11.9762],[-77.11853,-11.97274],[-77.11905,-11.97187],[-77.11923,-11.97117]],[[-77.09426,-12.0768],[-77.09373,-12.07705],[-77.09335,-12.07704],[-77.09284,-12.07596],[-77.09321,-12.07581],[-77.09336,-12.0761],[-77.09355,-12.07599],[-77.09381,-12.07646],[-77.09411,-12.0763],[-77.09426,-12.0768]]]}},{"type":"Feature","properties":{"id":"relation/4224140","nombre":"X-CR27-I","distrito":"Bellavista","tipo":"osm"},"geometry":{"type":"MultiLineString","coordinates":[[[-77.1063,-12.02136],[-77.10656,-12.02158],[-77.10642,-12.02209],[-77.1056,-12.02312],[-77.10525,-12.02382],[-77.10516,-12.02446],[-77.10342,-12.02752],[-77.10307,-12.02789],[-77.10048,-12.03314],[-77.1001,-12.0336],[-77.09946,-12.03547],[-77.09933,-12.03924],[-77.09904,-12.04197],[-77.09916,-12.04246],[-77.09902,-12.04421],[-77.09913,-12.04475],[-77.09873,-12.04544],[-77.09847,-12.04822],[-77.09836,-12.05133],[-77.09792,-12.05488],[-77.09722,-12.06265],[-77.09741,-12.06655],[-77.0976,-12.06777],[-77.09915,-12.07271],[-77.10005,-12.07376],[-77.10008,-12.07427],[-77.09383,-12.07731],[-77.09246,-12.07779],[-77.09089,-12.07806],[-77.08185,-12.07828],[-77.08066,-12.07842],[-77.07887,-12.07895],[-77.06729,-12.08314]],[[-77.06228,-12.00423],[-77.0629,-12.00453],[-77.07412,-12.00623],[-77.07492,-12.00633],[-77.07686,-12.00624],[-77.08256,-12.00655],[-77.08417,-12.00694],[-77.08556,-12.00773],[-77.0896,-12.01115],[-77.09027,-12.0116],[-77.09303,-12.01228],[-77.09408,-12.01279],[-77.0952,-12.01353],[-77.0959,-12.01411],[-77.09987,-12.01839],[-77.10125,-12.01944],[-77.10568,-12.02163],[-77.10605,-12.02153]],[[-77.0622,-12.00411],[-77.06231,-12.00438],[-77.0622,-12.00462],[-77.06193,-12.00472],[-77.06169,-12.00461],[-77.06158,-12.00436],[-77.06169,-12.00411],[-77.06194,-12.00401],[-77.0622,-12.00411]],[[-77.05721,-11.98894],[-77.06326,-11.98987],[-77.06365,-11.98977],[-77.06358,-11.99005],[-77.06377,-11.99032],[-77.06424,-11.99043],[-77.06459,-11.99036],[-77.0644,-11.9907],[-77.06347,-11.9969],[-77.06295,-11.99768],[-77.06205,-12.0036]],[[-77.06365,-11.98977],[-77.06403,-11.98963],[-77.06459,-11.98977],[-77.06472,-11.9901],[-77.06459,-11.99036]],[[-77.042,-11.89987],[-77.03959,-11.90118],[-77.03917,-11.90154],[-77.03683,-11.90509],[-77.03604,-11.90586],[-77.03438,-11.90844],[-77.03679,-11.90934],[-77.03748,-11.90984],[-77.04062,-11.91537],[-77.04144,-11.91772],[-77.04226,-11.92242],[-77.04283,-11.92674],[-77.04314,-11.92803],[-77.04463,-11.93112],[-77.0468,-11.93372],[-77.04893,-11.93677],[-77.04968,-11.93793],[-77.05019,-11.93921],[-77.05058,-11.94418],[-77.04937,-11.94923],[-77.0494,-11.94988],[-77.04973,-11.9504],[-77.0508,-11.95136],[-77.05117,-11.95195],[-77.05583,-11.96579],[-77.05749,-11.96866],[-77.0576,-11.96915],[-77.05755,-11.97207],[-77.05793,-11.97363],[-77.05949,-11.97635],[-77.05991,-11.97652],[-77.06005,-11.97676],[-77.05951,-11.97928],[-77.05955,-11.97987],[-77.05807,-11.98682],[-77.0573,-11.98846],[-77.05721,-11.98907]],[[-77.03443,-11.90834],[-77.03418,-11.90859],[-77.03438,-11.90844]],[[-77.04135,-11.90303],[-77.04176,-11.90277],[-77.04214,-11.90215],[-77.04238,-11.90055],[-77.0417,-11.89943],[-77.0393,-11.89789],[-77.04066,-11.89548],[-77.04226,-11.89448],[-77.04159,-11.89408],[-77.04008,-11.89351],[-77.03946,-11.89301]],[[-77.04336,-11.89389],[-77.04226,-11.89448]],[[-77.03892,-11.89239],[-77.03906,-11.89255],[-77.04029,-11.89162],[-77.04284,-11.89078],[-77.04357,-11.8908],[-77.04408,-11.89095],[-77.04512,-11.89169],[-77.04605,-11.89287],[-77.04689,-11.89424],[-77.06546,-11.92735],[-77.06654,-11.92861],[-77.06823,-11.92979],[-77.06977,-11.93036],[-77.07154,-11.93062]],[[-77.07084,-11.94607],[-77.07228,-11.93141]],[[-77.06979,-11.95313],[-77.07081,-11.94639]]]}},{"type":"Feature","properties":{"id":"relation/4224333","nombre":"X-CR75-I","distrito":"Bellavista","tipo":"osm"},"geometry":{"type":"MultiLineString","coordinates":[[[-76.97734,-12.12867],[-76.9784,-12.13051],[-76.97862,-12.13069],[-76.97901,-12.13075],[-76.98726,-12.12778],[-77.00056,-12.1287]],[[-77.10572,-12.02219],[-77.10571,-12.02195],[-77.10541,-12.02171],[-77.10107,-12.01958],[-77.09943,-12.0182],[-77.09826,-12.01693],[-77.10615,-12.00106]],[[-77.09886,-12.04509],[-77.09903,-12.04475],[-77.09892,-12.0442],[-77.09905,-12.04252],[-77.09892,-12.04196],[-77.09918,-12.03907],[-77.09932,-12.03562],[-77.09958,-12.03464],[-77.10006,-12.03339],[-77.10044,-12.03297],[-77.10303,-12.02776],[-77.1033,-12.02745],[-77.10508,-12.02427],[-77.1057,-12.02227]],[[-77.04041,-12.11895],[-77.04033,-12.11879],[-77.04113,-12.11792],[-77.04848,-12.11042],[-77.04845,-12.10933],[-77.04841,-12.10923],[-77.04825,-12.10938],[-77.04733,-12.10495],[-77.04791,-12.10409],[-77.04793,-12.10285],[-77.05134,-12.10292],[-77.05265,-12.10272],[-77.05539,-12.10223],[-77.05738,-12.10127],[-77.05313,-12.09301],[-77.06289,-12.08662],[-77.06417,-12.08558],[-77.06439,-12.08518],[-77.06452,-12.08442],[-77.06495,-12.08391],[-77.06611,-12.08338],[-77.07986,-12.07843],[-77.0817,-12.07811],[-77.09061,-12.07793],[-77.09219,-12.0777],[-77.0933,-12.07734],[-77.09693,-12.07562],[-77.09821,-12.07499],[-77.0986,-12.0746],[-77.09899,-12.0739],[-77.09905,-12.07289],[-77.09738,-12.06734],[-77.09709,-12.06252],[-77.09823,-12.0515],[-77.09832,-12.04819],[-77.09868,-12.04523]],[[-77.05067,-12.09461],[-77.05313,-12.09301]],[[-77.04041,-12.11908],[-77.0401,-12.11932],[-77.03985,-12.11921],[-77.03978,-12.11895],[-77.02903,-12.11896],[-77.02887,-12.11923],[-77.02904,-12.1195],[-77.02924,-12.11937],[-77.02918,-12.11903]],[[-77.00156,-12.12869],[-77.00184,-12.12874],[-77.02939,-12.12448],[-77.02908,-12.12227],[-77.02896,-12.11944]],[[-77.00109,-12.12833],[-77.00142,-12.12847],[-77.00158,-12.12887],[-77.00141,-12.12922],[-77.00103,-12.12935],[-77.00063,-12.12913],[-77.00054,-12.12878],[-77.00076,-12.12842],[-77.00109,-12.12833]],[[-76.97024,-12.0837],[-76.96991,-12.08403],[-76.96936,-12.08513],[-76.96775,-12.08634],[-76.96716,-12.08733],[-76.96706,-12.08799],[-76.96713,-12.09133],[-76.96741,-12.09301],[-76.96817,-12.09504],[-76.9696,-12.09639],[-76.96991,-12.09686],[-76.96918,-12.09893],[-76.97071,-12.10291],[-76.97052,-12.1037],[-76.97055,-12.10425],[-76.97282,-12.10976],[-76.97876,-12.11017],[-76.9791,-12.10999],[-76.97913,-12.10969],[-76.97874,-12.10931],[-76.97856,-12.10938],[-76.97839,-12.10978],[-76.97738,-12.11723],[-76.97705,-12.12732],[-76.97734,-12.12867],[-76.98032,-12.13645],[-76.98112,-12.1404]],[[-76.96984,-12.08292],[-76.97016,-12.0829],[-76.97041,-12.0831],[-76.97045,-12.08343],[-76.97024,-12.0837],[-76.96991,-12.08375],[-76.96964,-12.08355],[-76.96961,-12.08315],[-76.96984,-12.08292],[-76.96941,-12.08279],[-76.96812,-12.08195],[-76.96705,-12.08103],[-76.96537,-12.07846],[-76.96383,-12.07564],[-76.96319,-12.07488],[-76.96182,-12.07382],[-76.95954,-12.07275],[-76.95753,-12.07141],[-76.95724,-12.07112],[-76.95727,-12.07064]],[[-76.9574,-12.07037],[-76.95732,-12.07034]],[[-76.94242,-12.06066],[-76.9461,-12.06257],[-76.94907,-12.06252],[-76.95196,-12.06338],[-76.95342,-12.06503],[-76.95853,-12.06778],[-76.9572,-12.07062]]]}},{"type":"Feature","properties":{"id":"relation/4224344","nombre":"X-CR78-I","distrito":"Bellavista","tipo":"osm"},"geometry":{"type":"MultiLineString","coordinates":[[[-77.0983,-12.04846],[-77.06587,-12.04561],[-77.06518,-12.04575],[-77.06444,-12.04549],[-77.05229,-12.04433],[-77.05086,-12.04438],[-77.04341,-12.04371]],[[-77.13453,-12.05149],[-77.13447,-12.05179],[-77.13422,-12.05198],[-77.13385,-12.0519],[-77.1337,-12.05162],[-77.13383,-12.05129],[-77.1341,-12.05117],[-77.13479,-12.05157],[-77.13949,-12.05181],[-77.13971,-12.05205],[-77.13997,-12.05281],[-77.14227,-12.05563],[-77.14254,-12.05651],[-77.14306,-12.06028],[-77.14306,-12.06109],[-77.14268,-12.0635],[-77.14266,-12.06358],[-77.13357,-12.06119],[-77.1292,-12.06273],[-77.13098,-12.06752],[-77.12011,-12.06554],[-77.11975,-12.06561],[-77.11994,-12.06511],[-77.11955,-12.06477],[-77.1192,-12.0648],[-77.11896,-12.06497],[-77.11876,-12.06541],[-77.11843,-12.06525],[-77.10711,-12.06331],[-77.10429,-12.06329],[-77.08506,-12.06122],[-77.08455,-12.06129],[-77.08208,-12.06102],[-77.06869,-12.05795],[-77.05753,-12.05578],[-77.05629,-12.05381],[-77.05533,-12.05257],[-77.05374,-12.04913],[-77.04602,-12.05059],[-77.04249,-12.05084]],[[-77.04576,-12.04389],[-77.04529,-12.04889]],[[-77.11975,-12.06561],[-77.1191,-12.06584],[-77.11876,-12.06541]],[[-77.13357,-12.06119],[-77.13186,-12.06074]],[[-77.15792,-12.06817],[-77.15669,-12.06729],[-77.15568,-12.06681],[-77.15035,-12.06564],[-77.14266,-12.06358]],[[-77.13978,-12.05233],[-77.1397,-12.05259],[-77.13946,-12.0528],[-77.13901,-12.05286],[-77.13866,-12.05276],[-77.13846,-12.05253],[-77.13843,-12.05221],[-77.13854,-12.05193],[-77.13889,-12.05173]],[[-77.13711,-12.04355],[-77.13594,-12.04332],[-77.13429,-12.05094],[-77.13437,-12.05125]],[[-77.14028,-12.0444],[-77.13862,-12.04386]]]}},{"type":"Feature","properties":{"id":"relation/4224366","nombre":"X-CR84-I","distrito":"Bellavista","tipo":"osm"},"geometry":{"type":"MultiLineString","coordinates":[[[-77.06172,-12.00409],[-77.06158,-12.00436],[-77.06169,-12.00461],[-77.06193,-12.00472],[-77.0622,-12.00462],[-77.06231,-12.00438],[-77.06223,-12.00413],[-77.06198,-12.00401],[-77.06172,-12.00409],[-77.06368,-11.9912],[-77.06351,-11.99025],[-77.0632,-11.98998],[-77.05706,-11.98905],[-77.05688,-11.98887],[-77.05691,-11.9883],[-77.05903,-11.97982],[-77.05895,-11.98004]],[[-76.99903,-11.84179],[-77.0007,-11.84505],[-77.0022,-11.84875],[-77.00239,-11.84962],[-77.00242,-11.85103],[-77.00343,-11.85375],[-77.0042,-11.85779],[-77.00441,-11.85836],[-77.00625,-11.86034],[-77.00697,-11.86203],[-77.00794,-11.86338],[-77.00916,-11.8646],[-77.01034,-11.86516],[-77.0111,-11.8658],[-77.01157,-11.86722],[-77.01403,-11.87092],[-77.01616,-11.87463],[-77.01772,-11.87779],[-77.01979,-11.87994],[-77.0227,-11.88142],[-77.0234,-11.88217],[-77.02368,-11.88322],[-77.02324,-11.88582],[-77.02334,-11.88682],[-77.02385,-11.88766],[-77.02591,-11.88942],[-77.02685,-11.89046],[-77.0281,-11.89234],[-77.02868,-11.89349],[-77.03033,-11.89943],[-77.03062,-11.90376],[-77.03202,-11.90691],[-77.03257,-11.90761],[-77.03314,-11.90802],[-77.03666,-11.90941],[-77.03743,-11.90996],[-77.04067,-11.91574],[-77.04134,-11.91783],[-77.04217,-11.92254],[-77.04275,-11.92708],[-77.04312,-11.92834],[-77.04452,-11.93118],[-77.04686,-11.934],[-77.04946,-11.93776],[-77.0501,-11.93923],[-77.05048,-11.94426],[-77.04933,-11.94895],[-77.04928,-11.94986],[-77.04955,-11.95035],[-77.05072,-11.95141],[-77.051,-11.95182],[-77.05573,-11.96577],[-77.05739,-11.96869],[-77.0575,-11.96916],[-77.05742,-11.9718],[-77.0576,-11.97302],[-77.05797,-11.97399],[-77.05921,-11.97612],[-77.0595,-11.97705],[-77.05947,-11.97838],[-77.05903,-11.97982]],[[-77.10572,-12.02219],[-77.10571,-12.02195],[-77.10541,-12.02171],[-77.1014,-12.01979],[-77.10049,-12.01913],[-77.09943,-12.0182],[-77.09595,-12.01448],[-77.09484,-12.0135],[-77.09286,-12.01244],[-77.08999,-12.0117],[-77.08548,-12.0079],[-77.08411,-12.00708],[-77.08263,-12.00671],[-77.07673,-12.00639],[-77.07443,-12.00642],[-77.06222,-12.0046]],[[-77.13901,-12.05286],[-77.13791,-12.05302],[-77.1279,-12.0592],[-77.1166,-12.0674],[-77.1042,-12.07231],[-77.09937,-12.07461],[-77.09921,-12.07455],[-77.09899,-12.07409],[-77.09902,-12.07274],[-77.09738,-12.06734],[-77.09709,-12.06252],[-77.09823,-12.0515],[-77.09829,-12.04861],[-77.09851,-12.04606],[-77.09865,-12.04527],[-77.09894,-12.04501],[-77.09903,-12.04475],[-77.09892,-12.0442],[-77.09905,-12.04252],[-77.09892,-12.04196],[-77.09918,-12.03907],[-77.09932,-12.03562],[-77.10006,-12.03339],[-77.10044,-12.03297],[-77.10303,-12.02776],[-77.1033,-12.02745],[-77.10508,-12.02427],[-77.1057,-12.02227]],[[-77.13845,-12.05213],[-77.1388,-12.05175],[-77.13933,-12.05175],[-77.13971,-12.05205],[-77.13976,-12.05243],[-77.13946,-12.0528],[-77.13887,-12.05285],[-77.1385,-12.0526],[-77.13845,-12.05213]]]}},{"type":"Feature","properties":{"id":"relation/4224413","nombre":"X-ECR13-I","distrito":"Bellavista","tipo":"osm"},"geometry":{"type":"MultiLineString","coordinates":[[[-77.0755,-12.02587],[-77.07767,-12.02515]],[[-77.08092,-12.07753],[-77.08082,-12.07707],[-77.08011,-12.07558],[-77.07887,-12.07405],[-77.07847,-12.07335],[-77.07782,-12.06983],[-77.07779,-12.06676],[-77.07836,-12.06324],[-77.0798,-12.05737],[-77.08015,-12.05667],[-77.08088,-12.05585],[-77.0782,-12.05173],[-77.07807,-12.05127],[-77.07798,-12.04951],[-77.07688,-12.04752],[-77.07668,-12.04656],[-77.07754,-12.0358],[-77.07815,-12.03495],[-77.07833,-12.03424],[-77.0771,-12.03069],[-77.07555,-12.02678]],[[-77.07771,-12.03563],[-77.0779,-12.03579],[-77.07773,-12.03598],[-77.07754,-12.0358],[-77.07771,-12.03563]],[[-77.07771,-12.03563],[-77.07786,-12.0357],[-77.07788,-12.03587],[-77.0776,-12.03593]],[[-77.08084,-12.05601],[-77.08118,-12.05578]],[[-77.04864,-12.08531],[-77.04883,-12.08507],[-77.04952,-12.08577],[-77.05008,-12.08662],[-77.0533,-12.09289],[-77.06289,-12.08662],[-77.06417,-12.08558],[-77.06439,-12.08518],[-77.06458,-12.08432],[-77.06521,-12.08375],[-77.07923,-12.07863],[-77.07919,-12.07852],[-77.08063,-12.07813],[-77.08085,-12.07797],[-77.08093,-12.07765]],[[-77.05067,-12.09461],[-77.0533,-12.09289]],[[-76.95663,-12.07143],[-76.96182,-12.07382],[-76.96284,-12.07454],[-76.96383,-12.07564],[-76.96537,-12.07846],[-76.96691,-12.08085],[-76.96776,-12.0817],[-76.96941,-12.08279],[-76.96984,-12.08292],[-76.96957,-12.08334],[-76.96971,-12.08364],[-76.96991,-12.08375],[-76.97033,-12.08364],[-76.97045,-12.0832],[-76.97084,-12.08341],[-76.97506,-12.08403],[-76.98058,-12.08475],[-76.98327,-12.08493],[-76.98361,-12.08468],[-76.98404,-12.08377],[-76.98466,-12.08295],[-76.98541,-12.0822],[-76.98905,-12.07755],[-76.99346,-12.08082],[-76.99588,-12.08153],[-76.99902,-12.08322],[-77.00996,-12.08479],[-77.01097,-12.08466],[-77.01812,-12.08145],[-77.01909,-12.08117],[-77.02007,-12.0811],[-77.02098,-12.08118],[-77.0281,-12.0826],[-77.04861,-12.08541]],[[-76.96984,-12.08292],[-76.97016,-12.0829],[-76.97045,-12.0832]],[[-76.95553,-12.07359],[-76.95655,-12.07159]],[[-76.95525,-12.07399],[-76.95531,-12.0737],[-76.95553,-12.07359],[-76.95579,-12.07368],[-76.95588,-12.07385],[-76.95566,-12.07421],[-76.95545,-12.07421],[-76.95525,-12.07399],[-76.95517,-12.07449],[-76.95408,-12.07687]],[[-76.9364,-12.1138],[-76.93915,-12.11603],[-76.94115,-12.11377],[-76.94158,-12.11302],[-76.94179,-12.11226],[-76.94345,-12.10902],[-76.9441,-12.10829],[-76.94583,-12.1071],[-76.94642,-12.10653],[-76.94797,-12.10392],[-76.94898,-12.10264],[-76.95254,-12.09453],[-76.95277,-12.09229],[-76.95432,-12.08893],[-76.95469,-12.08844],[-76.95679,-12.08644],[-76.95732,-12.08566],[-76.95763,-12.08425],[-76.95739,-12.0829],[-76.95682,-12.08191],[-76.95541,-12.08067],[-76.95473,-12.0798],[-76.95422,-12.07853],[-76.95427,-12.0773],[-76.95406,-12.0769]]]}},{"type":"Feature","properties":{"id":"relation/4230381","nombre":"X-EM11-I","distrito":"Bellavista","tipo":"osm"},"geometry":{"type":"MultiLineString","coordinates":[[[-77.0149,-12.05661],[-77.01487,-12.05669],[-77.01663,-12.05737],[-77.0351,-12.05969],[-77.03584,-12.05927],[-77.03688,-12.05973],[-77.04103,-12.06005]],[[-77.04142,-12.05971],[-77.04106,-12.05998],[-77.04101,-12.06036],[-77.04128,-12.06071],[-77.04169,-12.06076],[-77.04206,-12.06044],[-77.04205,-12.06],[-77.05148,-12.0572],[-77.05166,-12.05707],[-77.05111,-12.05523],[-77.05623,-12.05566],[-77.05778,-12.05568],[-77.06154,-12.05639],[-77.06412,-12.05704],[-77.06552,-12.05717],[-77.06821,-12.05782],[-77.07155,-12.05838],[-77.08218,-12.06084],[-77.08675,-12.06148],[-77.10474,-12.06316]],[[-77.09016,-12.06181],[-77.08506,-12.06122]],[[-76.95234,-12.0495],[-76.96113,-12.05313],[-76.97847,-12.06067],[-76.982,-12.06298],[-76.98759,-12.06402],[-76.99071,-12.0642],[-77.00133,-12.06322],[-77.00464,-12.06188],[-77.01347,-12.05492],[-77.0148,-12.05653]],[[-76.69834,-11.93942],[-76.69924,-11.94033],[-76.70323,-11.9424],[-76.70837,-11.94363],[-76.70909,-11.94392],[-76.70958,-11.9444],[-76.70997,-11.94551],[-76.71047,-11.94591],[-76.71224,-11.94643],[-76.71564,-11.947],[-76.72615,-11.95114],[-76.72914,-11.9533],[-76.73834,-11.96193],[-76.74033,-11.96313],[-76.74498,-11.96682],[-76.74601,-11.96843],[-76.74842,-11.96892],[-76.76074,-11.97383],[-76.76258,-11.97397],[-76.76317,-11.97357],[-76.76355,-11.97351],[-76.76898,-11.97425],[-76.77116,-11.97488],[-76.77683,-11.97733],[-76.78459,-11.97897],[-76.80588,-11.98412],[-76.83296,-11.99534],[-76.83459,-11.99635],[-76.84389,-12.00422],[-76.84497,-12.00491],[-76.84623,-12.00548],[-76.84713,-12.00577],[-76.8732,-12.01055],[-76.8927,-12.01705],[-76.89697,-12.01834],[-76.89866,-12.01898],[-76.91856,-12.02539],[-76.91999,-12.02598],[-76.92268,-12.0276],[-76.92382,-12.02857],[-76.93615,-12.04299],[-76.93672,-12.04331],[-76.95199,-12.04936]],[[-76.69773,-11.93989],[-76.70073,-11.93752]],[[-76.69071,-11.92891],[-76.69314,-11.93189],[-76.69416,-11.93274],[-76.69428,-11.93263],[-76.69496,-11.93342],[-76.69926,-11.93872],[-76.69983,-11.9397],[-76.70029,-11.93999],[-76.70144,-11.94031],[-76.7029,-11.94127]],[[-76.66718,-11.92133],[-76.67269,-11.92071],[-76.67411,-11.92076],[-76.67818,-11.92223],[-76.67938,-11.9233],[-76.68022,-11.92383],[-76.68278,-11.92379],[-76.68341,-11.92393],[-76.68454,-11.92452],[-76.68634,-11.92627],[-76.68825,-11.92736],[-76.68884,-11.92786],[-76.69273,-11.93249],[-76.69362,-11.93234]],[[-76.69226,-11.93285],[-76.69273,-11.93249]]]}},{"type":"Feature","properties":{"id":"relation/4252790","nombre":"X-EM46-I","distrito":"Bellavista","tipo":"osm"},"geometry":{"type":"MultiLineString","coordinates":[[[-77.00601,-12.06102],[-77.00446,-12.06208],[-77.00329,-12.0626],[-77.00459,-12.06433]],[[-77.00249,-12.06281],[-77.00451,-12.06196],[-77.00652,-12.06037],[-77.00597,-12.06083]],[[-77.00627,-12.06402],[-77.00673,-12.06451],[-77.00749,-12.06498],[-77.00965,-12.06537],[-77.00936,-12.06773],[-77.01187,-12.06804],[-77.01134,-12.07194],[-77.01204,-12.07229],[-77.01402,-12.07281],[-77.01467,-12.06837],[-77.03119,-12.07052],[-77.03029,-12.07293],[-77.0307,-12.07377],[-77.03915,-12.07501],[-77.04263,-12.07523],[-77.04304,-12.07549],[-77.04395,-12.07548],[-77.04416,-12.07533],[-77.04419,-12.07504],[-77.04396,-12.07483],[-77.04444,-12.07381],[-77.04722,-12.0738],[-77.05048,-12.0712],[-77.05371,-12.07514],[-77.05396,-12.07511],[-77.05711,-12.07264],[-77.05798,-12.07221],[-77.05958,-12.07176],[-77.06042,-12.07161],[-77.06172,-12.07163],[-77.0642,-12.07216],[-77.06622,-12.07243],[-77.06739,-12.07244],[-77.07085,-12.07199],[-77.07798,-12.0704],[-77.07789,-12.06832],[-77.07802,-12.06593],[-77.07926,-12.06014]],[[-76.96076,-12.00799],[-76.96092,-12.00808],[-76.96413,-12.01515],[-76.96485,-12.01573],[-76.96788,-12.01696]],[[-76.99745,-12.03996],[-76.99728,-12.03628],[-76.99734,-12.0353],[-76.99971,-12.03014],[-76.99975,-12.0285],[-76.99991,-12.02753],[-76.99597,-12.02668],[-76.98797,-12.02633],[-76.9804,-12.02496],[-76.97933,-12.02487],[-76.97764,-12.02412],[-76.96997,-12.02473],[-76.9686,-12.02462],[-76.96786,-12.02442],[-76.96509,-12.02329],[-76.96779,-12.01692]],[[-76.99986,-12.03017],[-76.99971,-12.03014]],[[-77.00652,-12.06037],[-77.00696,-12.05978],[-77.00732,-12.05882],[-77.00443,-12.05521],[-77.00414,-12.05466],[-77.00371,-12.0529],[-77.00345,-12.05228],[-76.99797,-12.04446],[-76.99765,-12.04368],[-76.99746,-12.04274],[-76.99752,-12.04047],[-76.99741,-12.04007],[-76.99756,-12.03993],[-76.99775,-12.04023],[-76.99766,-12.04034],[-76.99751,-12.04029]],[[-77.00519,-12.06461],[-77.00486,-12.06415]],[[-77.0307,-12.07377],[-77.03048,-12.07374]],[[-77.08084,-12.05601],[-77.08118,-12.05578]],[[-77.0782,-12.05139],[-77.08044,-12.05509],[-77.08113,-12.05582]]]}},{"type":"Feature","properties":{"id":"relation/4275106","nombre":"X-EM62A-I","distrito":"Bellavista","tipo":"osm"},"geometry":{"type":"MultiLineString","coordinates":[[[-77.04558,-12.08257],[-77.04587,-12.08228],[-77.04707,-12.08198],[-77.04854,-12.08188],[-77.04954,-12.0821],[-77.05247,-12.08321],[-77.05346,-12.08337],[-77.05421,-12.0833],[-77.05502,-12.08304],[-77.05575,-12.08261],[-77.06072,-12.07867],[-77.06455,-12.07724],[-77.06539,-12.0787],[-77.06568,-12.07866],[-77.07585,-12.07565],[-77.07935,-12.07483],[-77.07935,-12.07458],[-77.07858,-12.07361],[-77.07835,-12.07294],[-77.07778,-12.06945],[-77.07779,-12.06676],[-77.07836,-12.06324],[-77.0798,-12.05737],[-77.08015,-12.05667],[-77.08088,-12.05585],[-77.0782,-12.05173],[-77.07807,-12.05127],[-77.07798,-12.04951],[-77.07688,-12.04752],[-77.07666,-12.04647],[-77.0776,-12.03593],[-77.07786,-12.03591],[-77.07783,-12.03567],[-77.07767,-12.03564],[-77.07754,-12.0358],[-77.07766,-12.03596],[-77.07786,-12.03591],[-77.07787,-12.03571],[-77.07771,-12.03563],[-77.07755,-12.03576],[-77.0776,-12.03593]],[[-76.98905,-12.07755],[-76.98917,-12.07764],[-76.99307,-12.07267],[-76.98953,-12.07065],[-76.98868,-12.07061],[-76.98881,-12.07154],[-76.98823,-12.07292],[-76.98772,-12.0735],[-76.98412,-12.07451],[-76.98271,-12.07471],[-76.98277,-12.07486]],[[-76.92797,-12.02773],[-76.93148,-12.02802],[-76.93349,-12.02868],[-76.9383,-12.02966],[-76.94387,-12.03102],[-76.95562,-12.03501],[-76.95618,-12.03517],[-76.958,-12.03523],[-76.96113,-12.03634],[-76.97134,-12.04058]],[[-77.0755,-12.02587],[-77.08008,-12.02421],[-77.08993,-12.01933]],[[-77.07771,-12.03563],[-77.07824,-12.03476],[-77.07828,-12.0339],[-77.07555,-12.02678]],[[-77.06532,-12.07871],[-77.06539,-12.0787]],[[-77.04626,-12.08509],[-77.04652,-12.08329],[-77.04558,-12.08257],[-77.04396,-12.08205],[-77.04314,-12.08157],[-77.04243,-12.08066],[-77.04218,-12.07969]],[[-76.98917,-12.07764],[-76.99346,-12.08082],[-76.99588,-12.08153],[-76.99902,-12.08322],[-77.00996,-12.08479],[-77.01097,-12.08466],[-77.01812,-12.08145],[-77.01909,-12.08117],[-77.02007,-12.0811],[-77.02098,-12.08118],[-77.0281,-12.0826],[-77.04861,-12.08541]],[[-76.99307,-12.07267],[-76.99328,-12.07279]],[[-76.98868,-12.07061],[-76.98863,-12.0704]],[[-76.97556,-12.07626],[-76.97807,-12.07521],[-76.97854,-12.07484],[-76.98156,-12.07485],[-76.98271,-12.07471],[-76.98139,-12.07147],[-76.97498,-12.06891],[-76.97726,-12.0635],[-76.97755,-12.06235],[-76.97772,-12.06228],[-76.97859,-12.06073],[-76.96474,-12.05468],[-76.96693,-12.05027],[-76.96772,-12.04823],[-76.96873,-12.0467],[-76.97224,-12.03857]],[[-76.98139,-12.07147],[-76.98232,-12.0716],[-76.98676,-12.07156],[-76.98861,-12.07207]],[[-76.92341,-12.02834],[-76.92373,-12.02769],[-76.92778,-12.03013],[-76.93139,-12.03136],[-76.93213,-12.02822]],[[-76.92373,-12.02769],[-76.92492,-12.02505]]]}},{"type":"Feature","properties":{"id":"relation/4275199","nombre":"X-EM62B-I","distrito":"Bellavista","tipo":"osm"},"geometry":{"type":"MultiLineString","coordinates":[[[-77.04558,-12.08257],[-77.04587,-12.08228],[-77.04707,-12.08198],[-77.04854,-12.08188],[-77.04954,-12.0821],[-77.05247,-12.08321],[-77.05346,-12.08337],[-77.05421,-12.0833],[-77.05502,-12.08304],[-77.05575,-12.08261],[-77.06072,-12.07867],[-77.06455,-12.07724],[-77.06539,-12.0787],[-77.06568,-12.07866],[-77.07585,-12.07565],[-77.07935,-12.07483],[-77.07935,-12.07458],[-77.07858,-12.07361],[-77.07835,-12.07294],[-77.07778,-12.06945],[-77.07779,-12.06676],[-77.07836,-12.06324],[-77.0798,-12.05737],[-77.08015,-12.05667],[-77.08088,-12.05585],[-77.0782,-12.05173],[-77.07807,-12.05127],[-77.07798,-12.04951],[-77.07688,-12.04752],[-77.07666,-12.04647],[-77.0776,-12.03593],[-77.07786,-12.03591],[-77.07783,-12.03567],[-77.07767,-12.03564],[-77.07754,-12.0358],[-77.07766,-12.03596],[-77.07786,-12.03591],[-77.07787,-12.03571],[-77.07771,-12.03563],[-77.07755,-12.03576],[-77.0776,-12.03593]],[[-76.98905,-12.07755],[-76.98917,-12.07764],[-76.99307,-12.07267],[-76.98953,-12.07065],[-76.98868,-12.07061],[-76.98881,-12.07154],[-76.98823,-12.07292],[-76.98772,-12.0735],[-76.98412,-12.07451],[-76.98271,-12.07471],[-76.98277,-12.07486]],[[-76.9628,-12.03715],[-76.96284,-12.03704],[-76.96297,-12.03709],[-76.97134,-12.04058]],[[-77.0755,-12.02587],[-77.08008,-12.02421],[-77.08619,-12.02124]],[[-77.07771,-12.03563],[-77.07824,-12.03476],[-77.07828,-12.0339],[-77.07555,-12.02678]],[[-77.06532,-12.07871],[-77.06539,-12.0787]],[[-77.04626,-12.08509],[-77.04652,-12.08329],[-77.04558,-12.08257],[-77.04396,-12.08205],[-77.04314,-12.08157],[-77.04243,-12.08066],[-77.04218,-12.07969]],[[-76.98917,-12.07764],[-76.99346,-12.08082],[-76.99588,-12.08153],[-76.99902,-12.08322],[-77.00996,-12.08479],[-77.01097,-12.08466],[-77.01812,-12.08145],[-77.01909,-12.08117],[-77.02007,-12.0811],[-77.02098,-12.08118],[-77.0281,-12.0826],[-77.04861,-12.08541]],[[-76.99307,-12.07267],[-76.99328,-12.07279]],[[-76.98868,-12.07061],[-76.98863,-12.0704]],[[-76.97556,-12.07626],[-76.97807,-12.07521],[-76.97854,-12.07484],[-76.98156,-12.07485],[-76.98271,-12.07471],[-76.98139,-12.07147],[-76.97498,-12.06891],[-76.97726,-12.0635],[-76.97755,-12.06235],[-76.97772,-12.06228],[-76.97859,-12.06073],[-76.96474,-12.05468],[-76.96693,-12.05027],[-76.96772,-12.04823],[-76.96873,-12.0467],[-76.97224,-12.03857]],[[-76.98139,-12.07147],[-76.98232,-12.0716],[-76.98676,-12.07156],[-76.98861,-12.07207]],[[-76.96466,-12.03279],[-76.96284,-12.03704]]]}},{"type":"Feature","properties":{"id":"relation/4439267","nombre":"X-EM76-I","distrito":"Bellavista","tipo":"osm"},"geometry":{"type":"MultiLineString","coordinates":[[[-76.9976,-12.04034],[-76.99773,-12.04028],[-76.99774,-12.04012],[-76.9975,-12.03993],[-76.99742,-12.04013],[-76.9976,-12.04034],[-76.99754,-12.04274],[-76.99802,-12.04436],[-77.00342,-12.05209],[-77.00379,-12.05287],[-77.00422,-12.05464],[-77.00451,-12.0552],[-77.00768,-12.05915],[-77.00813,-12.05937],[-77.00769,-12.05996],[-77.00671,-12.06072],[-77.00577,-12.06112],[-77.00446,-12.06208],[-77.00255,-12.0629]],[[-77.0755,-12.02587],[-77.07767,-12.02515]],[[-77.04419,-12.07504],[-77.04772,-12.07502],[-77.05144,-12.07206],[-77.05389,-12.07501],[-77.05683,-12.07267],[-77.05787,-12.07213],[-77.0595,-12.07166],[-77.06037,-12.0715],[-77.06169,-12.07153],[-77.0653,-12.07221],[-77.06738,-12.07234],[-77.07107,-12.07185],[-77.07786,-12.07033],[-77.07773,-12.06832],[-77.07779,-12.06676],[-77.07836,-12.06324],[-77.0798,-12.05737],[-77.08015,-12.05667],[-77.08088,-12.05585],[-77.0782,-12.05173],[-77.07807,-12.05127],[-77.07798,-12.04951],[-77.07688,-12.04752],[-77.07668,-12.04656],[-77.07754,-12.0358],[-77.07815,-12.03495],[-77.07833,-12.03424],[-77.0771,-12.03069],[-77.07555,-12.02678]],[[-77.07771,-12.03563],[-77.0779,-12.03579],[-77.07773,-12.03598],[-77.07754,-12.0358],[-77.07771,-12.03563]],[[-77.07771,-12.03563],[-77.07786,-12.0357],[-77.07788,-12.03587],[-77.0776,-12.03593]],[[-77.00627,-12.06402],[-77.00673,-12.06451],[-77.00749,-12.06498],[-77.00965,-12.06537],[-77.00936,-12.06773],[-77.01213,-12.06808],[-77.01162,-12.07192],[-77.01206,-12.07209],[-77.01401,-12.07258],[-77.01467,-12.06837],[-77.03167,-12.07057],[-77.03072,-12.0737],[-77.03914,-12.0749],[-77.04264,-12.0751],[-77.04298,-12.07483],[-77.04396,-12.07483]],[[-77.03072,-12.0737],[-77.03033,-12.0762]],[[-77.01137,-12.07177],[-77.01162,-12.07192]],[[-77.00519,-12.06461],[-77.00486,-12.06415]],[[-77.00459,-12.06433],[-77.00329,-12.0626]],[[-76.96076,-12.00799],[-76.96092,-12.00808],[-76.96413,-12.01515],[-76.96485,-12.01573],[-76.96788,-12.01696],[-76.96523,-12.02319],[-76.96791,-12.02427],[-76.96891,-12.02453],[-76.97022,-12.02458],[-76.97769,-12.02402],[-76.9793,-12.02475],[-76.98765,-12.0262],[-76.99076,-12.02644],[-76.99623,-12.02662],[-77.00119,-12.02774],[-77.0008,-12.02877],[-76.99976,-12.03037],[-76.99873,-12.03282],[-76.99763,-12.03597],[-76.99745,-12.03709],[-76.99761,-12.03994]],[[-77.00169,-12.02619],[-77.00119,-12.02774]]]}},{"type":"Feature","properties":{"id":"relation/4439613","nombre":"X-EO05-I","distrito":"Bellavista","tipo":"osm"},"geometry":{"type":"MultiLineString","coordinates":[[[-77.04151,-12.0597],[-77.04188,-12.0598],[-77.0421,-12.06019],[-77.04198,-12.06058],[-77.04161,-12.06078],[-77.04116,-12.06063],[-77.041,-12.0602],[-77.04111,-12.05991],[-77.04151,-12.0597],[-77.04159,-12.0595],[-77.04162,-12.05808],[-77.04256,-12.04693],[-77.04233,-12.04637],[-77.04268,-12.04581],[-77.04282,-12.044],[-77.04245,-12.04334],[-77.04253,-12.04311],[-77.04278,-12.04295],[-77.04324,-12.04299],[-77.0437,-12.04322],[-77.05085,-12.04391],[-77.05148,-12.04415],[-77.0523,-12.04425],[-77.09831,-12.04838]],[[-77.08936,-11.9983],[-77.08723,-11.99681],[-77.08552,-11.99638],[-77.07269,-11.99446],[-77.07205,-11.99412],[-77.07146,-11.99315],[-77.07143,-11.9922],[-77.07227,-11.98649],[-77.072,-11.98457],[-77.07219,-11.98352],[-77.07226,-11.97635],[-77.07247,-11.97201],[-77.07575,-11.97189],[-77.08008,-11.96988],[-77.08306,-11.97647]],[[-76.94317,-12.03088],[-76.94387,-12.03102],[-76.95618,-12.03517],[-76.958,-12.03523],[-76.96113,-12.03634],[-76.97134,-12.04058]],[[-77.0881,-11.93684],[-77.08729,-11.93717]],[[-77.08658,-11.93828],[-77.08699,-11.93722]],[[-77.07711,-11.93918],[-77.08006,-11.93699],[-77.08077,-11.93664],[-77.08324,-11.93582],[-77.08364,-11.93597],[-77.086,-11.93815],[-77.08648,-11.93831]],[[-77.08008,-11.96988],[-77.07617,-11.96097],[-77.07564,-11.9573],[-77.07564,-11.95578],[-77.07787,-11.94152],[-77.07774,-11.94029],[-77.07706,-11.93912]],[[-77.0911,-12.00077],[-77.09164,-11.99961],[-77.08982,-11.99853]],[[-77.08756,-12.00931],[-77.08798,-12.00623],[-77.08842,-12.00558],[-77.08944,-12.00469],[-77.09101,-12.00098]],[[-77.0904,-12.00297],[-77.08954,-12.00484],[-77.08846,-12.00589],[-77.08808,-12.0066],[-77.08619,-12.02124]],[[-77.04544,-12.03922],[-77.04726,-12.0388],[-77.0486,-12.03791],[-77.04965,-12.03752],[-77.0558,-12.03688],[-77.05737,-12.03684],[-77.06139,-12.03591],[-77.06563,-12.03544],[-77.06572,-12.03538],[-77.06512,-12.03413],[-77.06481,-12.03207],[-77.06778,-12.03169],[-77.07738,-12.03184],[-77.08969,-12.03037],[-77.08743,-12.02501],[-77.08598,-12.02201],[-77.08755,-12.00944]],[[-77.04758,-12.0386],[-77.04705,-12.04408]],[[-77.04345,-12.04312],[-77.04353,-12.04337],[-77.04341,-12.04371],[-77.04319,-12.0438],[-77.04267,-12.04374]],[[-77.0426,-12.04601],[-77.04298,-12.04604],[-77.04318,-12.0464],[-77.04296,-12.04675],[-77.0425,-12.04672]],[[-77.01756,-12.05738],[-77.03513,-12.05961],[-77.03584,-12.05927],[-77.03688,-12.05973],[-77.04103,-12.06005]],[[-76.9691,-12.05657],[-76.97859,-12.06073],[-76.982,-12.06298],[-76.98904,-12.06426],[-76.99679,-12.06853],[-76.99705,-12.06837],[-76.99693,-12.06792],[-76.9967,-12.06789],[-76.99467,-12.07051],[-76.99769,-12.07264],[-76.99692,-12.07394],[-76.9978,-12.07438],[-77.00028,-12.07472],[-77.00272,-12.07602],[-77.01024,-12.07737],[-77.01041,-12.07791],[-77.01061,-12.07812],[-77.01092,-12.07804],[-77.01101,-12.07777],[-77.01081,-12.07698],[-77.0105,-12.07682],[-77.01071,-12.07659],[-77.0108,-12.07617],[-77.01137,-12.07177],[-77.01206,-12.07209],[-77.01401,-12.07258],[-77.01554,-12.06137],[-77.01659,-12.05884],[-77.01713,-12.05826],[-77.01742,-12.05753]],[[-77.01402,-12.07281],[-77.01401,-12.07258]],[[-77.01024,-12.07737],[-77.01023,-12.077],[-77.0105,-12.07682]],[[-76.97428,-12.04495],[-76.96906,-12.05668]],[[-76.97224,-12.03857],[-76.97018,-12.04331],[-76.97415,-12.0449]],[[-76.97018,-12.04331],[-76.96867,-12.04681]],[[-76.96466,-12.03279],[-76.96241,-12.0312],[-76.96044,-12.03042],[-76.95573,-12.02966],[-76.95391,-12.02985],[-76.95291,-12.02981],[-76.95083,-12.02934],[-76.94778,-12.02839],[-76.94419,-12.02779],[-76.94413,-12.02806],[-76.94378,-12.02795]],[[-76.94413,-12.02806],[-76.94333,-12.03096]]]}},{"type":"Feature","properties":{"id":"relation/4446214","nombre":"X-EO29-I","distrito":"Bellavista","tipo":"osm"},"geometry":{"type":"MultiLineString","coordinates":[[[-77.04142,-12.05971],[-77.04106,-12.05998],[-77.04101,-12.06036],[-77.04128,-12.06071],[-77.04169,-12.06076],[-77.04206,-12.06044],[-77.04205,-12.06],[-77.05148,-12.0572],[-77.05166,-12.05707],[-77.05111,-12.05523],[-77.05623,-12.05566],[-77.05748,-12.05564],[-77.06154,-12.05639],[-77.06412,-12.05704],[-77.06552,-12.05717],[-77.06821,-12.05782],[-77.07155,-12.05838],[-77.08218,-12.06084],[-77.08675,-12.06148],[-77.10474,-12.06316],[-77.10443,-12.06474]],[[-77.0149,-12.05661],[-77.01487,-12.05669],[-77.01663,-12.05737],[-77.0351,-12.05969],[-77.03584,-12.05927],[-77.03688,-12.05973],[-77.04103,-12.06005]],[[-76.95234,-12.0495],[-76.96113,-12.05313],[-76.97847,-12.06067],[-76.982,-12.06298],[-76.98759,-12.06402],[-76.99071,-12.0642],[-77.00133,-12.06322],[-77.00464,-12.06188],[-77.01347,-12.05492],[-77.0148,-12.05653]],[[-76.69834,-11.93942],[-76.69924,-11.94033],[-76.70323,-11.9424],[-76.70837,-11.94363],[-76.70909,-11.94392],[-76.70958,-11.9444],[-76.70997,-11.94551],[-76.71047,-11.94591],[-76.71224,-11.94643],[-76.71564,-11.947],[-76.72615,-11.95114],[-76.72914,-11.9533],[-76.73834,-11.96193],[-76.74033,-11.96313],[-76.74498,-11.96682],[-76.74601,-11.96843],[-76.74842,-11.96892],[-76.76074,-11.97383],[-76.76258,-11.97397],[-76.76317,-11.97357],[-76.76355,-11.97351],[-76.76898,-11.97425],[-76.77116,-11.97488],[-76.77683,-11.97733],[-76.78459,-11.97897],[-76.80588,-11.98412],[-76.83296,-11.99534],[-76.83459,-11.99635],[-76.84389,-12.00422],[-76.84497,-12.00491],[-76.84623,-12.00548],[-76.84713,-12.00577],[-76.8732,-12.01055],[-76.8927,-12.01705],[-76.89697,-12.01834],[-76.89866,-12.01898],[-76.91856,-12.02539],[-76.91999,-12.02598],[-76.92268,-12.0276],[-76.92382,-12.02857],[-76.93615,-12.04299],[-76.93672,-12.04331],[-76.95199,-12.04936]],[[-76.69773,-11.93989],[-76.70073,-11.93752]],[[-76.69071,-11.92891],[-76.69314,-11.93189],[-76.69416,-11.93274],[-76.69428,-11.93263],[-76.69496,-11.93342],[-76.69926,-11.93872],[-76.69983,-11.9397],[-76.70029,-11.93999],[-76.70144,-11.94031],[-76.7029,-11.94127]],[[-76.66722,-11.92146],[-76.66886,-11.92125],[-76.66886,-11.92114],[-76.67196,-11.92079],[-76.67393,-11.92073],[-76.67552,-11.92119],[-76.67818,-11.92223],[-76.67938,-11.9233],[-76.68022,-11.92383],[-76.68278,-11.92379],[-76.68341,-11.92393],[-76.68454,-11.92452],[-76.68634,-11.92627],[-76.68825,-11.92736],[-76.68884,-11.92786],[-76.69273,-11.93249],[-76.69362,-11.93234]],[[-76.69226,-11.93285],[-76.69273,-11.93249]]]}},{"type":"Feature","properties":{"id":"relation/4455258","nombre":"X-EO39-I","distrito":"Bellavista","tipo":"osm"},"geometry":{"type":"MultiLineString","coordinates":[[[-77.08475,-11.99623],[-77.07294,-11.99452],[-77.07222,-11.99424],[-77.07165,-11.99359],[-77.07146,-11.99315],[-77.0714,-11.99245],[-77.07227,-11.98649],[-77.072,-11.98457],[-77.07219,-11.98352],[-77.07226,-11.97635],[-77.07247,-11.97201],[-77.07561,-11.9719],[-77.07458,-11.96739],[-77.07389,-11.96603],[-77.07307,-11.96505],[-77.0717,-11.96393],[-77.06959,-11.96282],[-77.06742,-11.96256],[-77.06705,-11.9628],[-77.06694,-11.96316],[-77.06709,-11.96355],[-77.06756,-11.9638],[-77.06794,-11.96367],[-77.06827,-11.96314],[-77.07056,-11.9482],[-77.07097,-11.94497],[-77.07386,-11.91481],[-77.07376,-11.9138],[-77.07345,-11.913],[-77.06986,-11.90783],[-77.0678,-11.90337],[-77.06762,-11.90239],[-77.06924,-11.8732],[-77.06937,-11.87256],[-77.06974,-11.87176],[-77.07392,-11.86543],[-77.07469,-11.86455],[-77.10099,-11.84348]],[[-76.91915,-12.04127],[-76.91963,-12.04056],[-76.92028,-12.0391],[-76.92309,-12.03501],[-76.92346,-12.03422],[-76.92531,-12.03499],[-76.92647,-12.03202],[-76.92666,-12.03224],[-76.92536,-12.03528],[-76.92403,-12.03934],[-76.92404,-12.04031],[-76.92462,-12.04145],[-76.92518,-12.04192],[-76.92575,-12.04219],[-76.93035,-12.04332],[-76.93091,-12.04026],[-76.93147,-12.03793],[-76.93167,-12.03766]],[[-76.92679,-12.03194],[-76.92666,-12.03224],[-76.92673,-12.03232]],[[-76.92647,-12.03202],[-76.92513,-12.03046]],[[-76.94472,-12.05671],[-76.94242,-12.06066],[-76.9461,-12.06257],[-76.94907,-12.06252],[-76.95196,-12.06338],[-76.95342,-12.06503],[-76.95853,-12.06778],[-76.95677,-12.07149],[-76.96182,-12.07382],[-76.96284,-12.07454],[-76.96383,-12.07564],[-76.96537,-12.07846],[-76.96705,-12.08103],[-76.96812,-12.08195],[-76.96941,-12.08279],[-76.96984,-12.08292],[-76.96961,-12.08315],[-76.96964,-12.08355],[-76.96991,-12.08375],[-76.97024,-12.0837],[-76.97045,-12.08343],[-76.97041,-12.0831],[-76.97016,-12.0829],[-76.96984,-12.08292]],[[-77.07247,-11.93072],[-77.07225,-11.93275]],[[-77.08092,-12.07753],[-77.08082,-12.07707],[-77.08011,-12.07558],[-77.07887,-12.07405],[-77.07847,-12.07335],[-77.07775,-12.06895],[-77.07779,-12.06676],[-77.07799,-12.06513],[-77.07913,-12.05995],[-77.07985,-12.05723],[-77.08015,-12.05667],[-77.08088,-12.05585],[-77.0782,-12.05173],[-77.07807,-12.05127],[-77.07798,-12.04951],[-77.07688,-12.04752],[-77.07666,-12.04647],[-77.07754,-12.0358],[-77.07824,-12.03476],[-77.07832,-12.03413],[-77.07642,-12.02889],[-77.07461,-12.02439],[-77.07442,-12.02325],[-77.07468,-12.0222],[-77.07923,-12.01349],[-77.07953,-12.01263],[-77.08014,-12.01189],[-77.08181,-12.00845],[-77.08448,-11.99738],[-77.08454,-11.99636]],[[-77.07771,-12.03563],[-77.07786,-12.0357],[-77.07788,-12.03587],[-77.0776,-12.03593]],[[-76.97045,-12.0832],[-76.97084,-12.08341],[-76.97929,-12.0846],[-76.98188,-12.08488],[-76.98511,-12.08501],[-76.987,-12.08561],[-76.98874,-12.08593],[-76.99477,-12.08664],[-76.9962,-12.08648],[-76.99697,-12.08656],[-76.99846,-12.0872],[-77.00166,-12.08764],[-77.00217,-12.08763],[-77.00297,-12.08739],[-77.00346,-12.08743],[-77.00422,-12.08755],[-77.00524,-12.08809],[-77.00571,-12.08821],[-77.01345,-12.08928],[-77.0144,-12.08874],[-77.01516,-12.08637],[-77.01544,-12.08603],[-77.01665,-12.08831],[-77.01805,-12.08976],[-77.0188,-12.09017],[-77.05067,-12.09461],[-77.06289,-12.08662],[-77.06417,-12.08558],[-77.06439,-12.08518],[-77.06458,-12.08432],[-77.06521,-12.08375],[-77.07923,-12.07863],[-77.07919,-12.07852],[-77.08063,-12.07813],[-77.08085,-12.07797],[-77.08093,-12.07765]],[[-76.9899,-12.08599],[-76.99043,-12.08608]],[[-76.95663,-12.07143],[-76.95677,-12.07149]],[[-76.94168,-12.05347],[-76.94152,-12.05375],[-76.94116,-12.05375],[-76.94081,-12.05312],[-76.94112,-12.05282],[-76.94173,-12.05294],[-76.94168,-12.05347],[-76.9422,-12.05449],[-76.94286,-12.05538],[-76.94372,-12.05614],[-76.95084,-12.05988],[-76.95392,-12.06119],[-76.95877,-12.06187],[-76.96083,-12.06263]],[[-76.9316,-12.03773],[-76.93591,-12.04278],[-76.93656,-12.04324],[-76.93778,-12.04372],[-76.93788,-12.04493],[-76.9377,-12.04561],[-76.93777,-12.04642],[-76.94133,-12.05283]],[[-76.93153,-12.0378],[-76.9305,-12.04335]]]}},{"type":"Feature","properties":{"id":"relation/4455406","nombre":"X-EO48-I","distrito":"Bellavista","tipo":"osm"},"geometry":{"type":"MultiLineString","coordinates":[[[-77.04864,-12.08531],[-77.04883,-12.08507],[-77.04916,-12.08538],[-77.05025,-12.0869]],[[-77.05018,-12.08677],[-77.05215,-12.0831],[-77.05292,-12.08331],[-77.05375,-12.08337],[-77.05516,-12.08297],[-77.06085,-12.07861],[-77.06455,-12.07724],[-77.06539,-12.0787],[-77.06617,-12.07858],[-77.07634,-12.07553]],[[-77.07635,-12.07562],[-77.07571,-12.07083],[-77.07787,-12.0703],[-77.07773,-12.06832],[-77.07779,-12.06676],[-77.07836,-12.06324],[-77.0798,-12.05737],[-77.08015,-12.05667],[-77.08088,-12.05585],[-77.0782,-12.05173],[-77.07807,-12.05127],[-77.07798,-12.04951],[-77.07688,-12.04752],[-77.07666,-12.04647],[-77.07754,-12.0358],[-77.07815,-12.03495],[-77.07833,-12.03424],[-77.07444,-12.02373],[-77.07445,-12.02297],[-77.07468,-12.0222],[-77.07619,-12.01931],[-77.07442,-12.01842],[-77.07336,-12.01774],[-77.07055,-12.01396],[-77.07009,-12.01324],[-77.06997,-12.01261],[-77.07039,-12.01101],[-77.06454,-12.00908],[-77.0624,-12.00874],[-77.06152,-12.00885],[-77.06167,-12.00856],[-77.06156,-12.00826],[-77.06127,-12.00812],[-77.06095,-12.00824],[-77.06082,-12.00851],[-77.06093,-12.00883],[-77.06124,-12.00896],[-77.06152,-12.00885]],[[-77.07383,-11.91309],[-77.07394,-11.9129],[-77.07604,-11.91182],[-77.07859,-11.91592],[-77.07885,-11.91576],[-77.08021,-11.9165],[-77.08127,-11.91548],[-77.08202,-11.91571],[-77.08236,-11.91628],[-77.08303,-11.91683],[-77.08354,-11.91854],[-77.08353,-11.91954],[-77.08365,-11.92014],[-77.08452,-11.92029],[-77.08992,-11.91965]],[[-77.06106,-12.00816],[-77.0613,-12.00769],[-77.06166,-12.00458],[-77.06204,-12.00471],[-77.06231,-12.00442],[-77.06214,-12.00406],[-77.06172,-12.00409],[-77.06374,-11.99112],[-77.06364,-11.9902],[-77.06386,-11.99035],[-77.06434,-11.99043],[-77.06459,-11.99036],[-77.06472,-11.9901],[-77.06447,-11.9897],[-77.06403,-11.98963],[-77.06369,-11.98973],[-77.06407,-11.98886],[-77.06434,-11.98701],[-77.06466,-11.98601],[-77.07081,-11.94639],[-77.07385,-11.91495],[-77.07376,-11.9138],[-77.07351,-11.91313]],[[-77.06364,-11.9902],[-77.06358,-11.98996],[-77.06369,-11.98973]],[[-77.06166,-12.00458],[-77.06159,-12.00432],[-77.06172,-12.00409]],[[-77.07771,-12.03563],[-77.0779,-12.03579],[-77.07773,-12.03598],[-77.07754,-12.0358],[-77.07771,-12.03563]],[[-77.07771,-12.03563],[-77.07786,-12.0357],[-77.07788,-12.03587],[-77.0776,-12.03593]],[[-77.07756,-12.03198],[-77.07748,-12.03175]],[[-77.06532,-12.07871],[-77.06539,-12.0787]],[[-77.03757,-12.08001],[-77.03701,-12.08384],[-77.04861,-12.08541]],[[-77.03919,-12.06574],[-77.03976,-12.06868],[-77.04201,-12.07366],[-77.04229,-12.07593],[-77.0424,-12.07969],[-77.03858,-12.08016],[-77.03632,-12.07983]]]}},{"type":"Feature","properties":{"id":"relation/4455849","nombre":"X-EO50-I","distrito":"Bellavista","tipo":"osm"},"geometry":{"type":"MultiLineString","coordinates":[[[-76.94472,-12.05671],[-76.94242,-12.06066],[-76.9461,-12.06257],[-76.94907,-12.06252],[-76.95196,-12.06338],[-76.95342,-12.06503],[-76.95853,-12.06778],[-76.95677,-12.07149],[-76.96182,-12.07382],[-76.96284,-12.07454],[-76.96383,-12.07564],[-76.96537,-12.07846],[-76.96705,-12.08103],[-76.96812,-12.08195],[-76.96941,-12.08279],[-76.96984,-12.08292],[-76.96961,-12.08315],[-76.96964,-12.08355],[-76.96991,-12.08375],[-76.97024,-12.0837],[-76.97045,-12.08343],[-76.97041,-12.0831],[-76.97016,-12.0829],[-76.96984,-12.08292]],[[-77.06036,-11.94604],[-77.0606,-11.94527],[-77.06056,-11.94407],[-77.05997,-11.94174],[-77.05256,-11.92826],[-77.05214,-11.92691],[-77.05133,-11.92223],[-77.05081,-11.92069],[-77.03975,-11.90091]],[[-77.06229,-11.96176],[-77.06126,-11.96056],[-77.06093,-11.95995],[-77.05981,-11.95589],[-77.05991,-11.95076],[-77.06041,-11.94705],[-77.06035,-11.94618]],[[-77.08442,-11.99595],[-77.08325,-11.9934],[-77.08177,-11.99147],[-77.08121,-11.98939],[-77.07854,-11.98436],[-77.0778,-11.98108],[-77.0768,-11.97813],[-77.07662,-11.97591],[-77.07474,-11.96789],[-77.07389,-11.96603],[-77.07307,-11.96505],[-77.0722,-11.9643],[-77.06982,-11.9629],[-77.06319,-11.96179]],[[-77.0845,-11.9962],[-77.08445,-11.99603]],[[-77.07507,-12.02552],[-77.07448,-12.02398],[-77.07442,-12.02325],[-77.07453,-12.02263],[-77.07923,-12.01349],[-77.07953,-12.01263],[-77.08014,-12.01189],[-77.08181,-12.00845],[-77.08448,-11.99738],[-77.08454,-11.99636]],[[-77.07788,-12.07018],[-77.07773,-12.06832],[-77.07779,-12.06676],[-77.07836,-12.06324],[-77.0798,-12.05737],[-77.08015,-12.05667],[-77.08088,-12.05585],[-77.0782,-12.05173],[-77.07807,-12.05127],[-77.07798,-12.04951],[-77.07688,-12.04752],[-77.07668,-12.04656],[-77.07754,-12.0358],[-77.07815,-12.03495],[-77.07833,-12.03424],[-77.0771,-12.03069],[-77.07555,-12.02678]],[[-77.07771,-12.03563],[-77.07786,-12.0357],[-77.07788,-12.03587],[-77.0776,-12.03593]],[[-77.08092,-12.07753],[-77.08082,-12.07707],[-77.08011,-12.07558],[-77.07887,-12.07405],[-77.07847,-12.07335],[-77.07799,-12.0707]],[[-76.97045,-12.0832],[-76.97084,-12.08341],[-76.97929,-12.0846],[-76.98188,-12.08488],[-76.98511,-12.08501],[-76.987,-12.08561],[-76.98874,-12.08593],[-76.99477,-12.08664],[-76.9962,-12.08648],[-76.99697,-12.08656],[-76.99846,-12.0872],[-77.00166,-12.08764],[-77.00217,-12.08763],[-77.00297,-12.08739],[-77.00346,-12.08743],[-77.00422,-12.08755],[-77.00524,-12.08809],[-77.00571,-12.08821],[-77.01345,-12.08928],[-77.0144,-12.08874],[-77.01516,-12.08637],[-77.01544,-12.08603],[-77.01665,-12.08831],[-77.01805,-12.08976],[-77.0188,-12.09017],[-77.05067,-12.09461],[-77.06289,-12.08662],[-77.06417,-12.08558],[-77.06439,-12.08518],[-77.06458,-12.08432],[-77.06521,-12.08375],[-77.07923,-12.07863],[-77.07919,-12.07852],[-77.08063,-12.07813],[-77.08085,-12.07797],[-77.08093,-12.07765]],[[-76.9899,-12.08599],[-76.99043,-12.08608]],[[-76.95663,-12.07143],[-76.95677,-12.07149]],[[-76.94168,-12.05347],[-76.94152,-12.05375],[-76.94116,-12.05375],[-76.94081,-12.05312],[-76.94112,-12.05282],[-76.94173,-12.05294],[-76.94168,-12.05347],[-76.9422,-12.05449],[-76.94286,-12.05538],[-76.94372,-12.05614],[-76.95084,-12.05988],[-76.95392,-12.06119],[-76.95877,-12.06187],[-76.96083,-12.06263]],[[-76.9201,-12.02656],[-76.91817,-12.02677],[-76.91277,-12.02612],[-76.91352,-12.0238],[-76.91856,-12.02539],[-76.91999,-12.02598],[-76.92268,-12.0276],[-76.92362,-12.02837],[-76.93591,-12.04278],[-76.93656,-12.04324],[-76.93778,-12.04372],[-76.93788,-12.04493],[-76.9377,-12.04561],[-76.93777,-12.04642],[-76.94133,-12.05283]],[[-76.91277,-12.02612],[-76.89404,-12.02373]]]}},{"type":"Feature","properties":{"id":"relation/4459515","nombre":"X-EO54-I","distrito":"Bellavista","tipo":"osm"},"geometry":{"type":"MultiLineString","coordinates":[[[-76.91615,-12.08587],[-76.91893,-12.08529],[-76.92391,-12.08503],[-76.91922,-12.08526],[-76.91567,-12.08596],[-76.91352,-12.08602]],[[-77.06036,-11.94604],[-77.0606,-11.94527],[-77.06056,-11.94407],[-77.05997,-11.94174],[-77.05256,-11.92826],[-77.05214,-11.92691],[-77.05133,-11.92223],[-77.05081,-11.92069],[-77.03751,-11.89691],[-77.03613,-11.89503],[-77.03105,-11.89932],[-77.03069,-11.89941],[-77.03034,-11.89922],[-77.02895,-11.89424],[-77.0281,-11.89234],[-77.02648,-11.89003],[-77.0257,-11.88922],[-77.02399,-11.88781],[-77.02343,-11.88707],[-77.02322,-11.88597],[-77.02368,-11.88322],[-77.0234,-11.88217],[-77.0227,-11.88142],[-77.01979,-11.87994],[-77.01772,-11.87779],[-77.01616,-11.87463],[-77.01403,-11.87092],[-77.01157,-11.86722],[-77.0111,-11.8658],[-77.01034,-11.86516],[-77.00916,-11.8646],[-77.00731,-11.86259]],[[-77.03048,-11.90144],[-77.03027,-11.89911]],[[-77.06229,-11.96176],[-77.06126,-11.96056],[-77.06093,-11.95995],[-77.05981,-11.95589],[-77.05991,-11.95076],[-77.06041,-11.94705],[-77.06035,-11.94618]],[[-77.08442,-11.99595],[-77.08325,-11.9934],[-77.08177,-11.99147],[-77.08121,-11.98939],[-77.07854,-11.98436],[-77.0778,-11.98108],[-77.0768,-11.97813],[-77.07662,-11.97591],[-77.07474,-11.96789],[-77.07389,-11.96603],[-77.07307,-11.96505],[-77.0722,-11.9643],[-77.06982,-11.9629],[-77.06319,-11.96179]],[[-77.0845,-11.9962],[-77.08445,-11.99603]],[[-77.07788,-12.07018],[-77.07773,-12.06832],[-77.07779,-12.06676],[-77.07836,-12.06324],[-77.0798,-12.05737],[-77.08015,-12.05667],[-77.08088,-12.05585],[-77.0782,-12.05173],[-77.07807,-12.05127],[-77.07798,-12.04951],[-77.07688,-12.04752],[-77.07668,-12.04656],[-77.07754,-12.0358],[-77.07815,-12.03495],[-77.07833,-12.03424],[-77.07642,-12.02889],[-77.07461,-12.02439],[-77.07442,-12.02325],[-77.07468,-12.0222],[-77.07923,-12.01349],[-77.07953,-12.01263],[-77.08014,-12.01189],[-77.08181,-12.00845],[-77.08448,-11.99738],[-77.08454,-11.99636]],[[-77.07771,-12.03563],[-77.0779,-12.03579],[-77.07773,-12.03598],[-77.07754,-12.0358],[-77.07771,-12.03563]],[[-77.07771,-12.03563],[-77.07786,-12.0357],[-77.07788,-12.03587],[-77.0776,-12.03593]],[[-77.07966,-12.07493],[-77.08032,-12.07596],[-77.08092,-12.07753],[-77.08082,-12.07707],[-77.08011,-12.07558],[-77.07887,-12.07405],[-77.07847,-12.07335],[-77.07799,-12.0707]],[[-76.93722,-12.07112],[-76.939,-12.06509],[-76.93963,-12.06455],[-76.93977,-12.06494],[-76.9402,-12.06504],[-76.94044,-12.06487],[-76.94051,-12.06457],[-76.94129,-12.06511],[-76.94683,-12.06803],[-76.95462,-12.07048],[-76.96182,-12.07382],[-76.96284,-12.07454],[-76.96383,-12.07564],[-76.9655,-12.07867],[-76.96725,-12.08125],[-76.96941,-12.08279],[-76.97016,-12.0829],[-76.97075,-12.08339],[-76.98058,-12.08475],[-76.98511,-12.08501],[-76.987,-12.08561],[-76.98874,-12.08593],[-76.99477,-12.08664],[-76.9962,-12.08648],[-76.99697,-12.08656],[-76.99846,-12.0872],[-77.00166,-12.08764],[-77.00217,-12.08763],[-77.00297,-12.08739],[-77.00346,-12.08743],[-77.00422,-12.08755],[-77.00524,-12.08809],[-77.00571,-12.08821],[-77.01345,-12.08928],[-77.0144,-12.08874],[-77.01516,-12.08637],[-77.01544,-12.08603],[-77.01665,-12.08831],[-77.01805,-12.08976],[-77.0188,-12.09017],[-77.05067,-12.09461],[-77.06289,-12.08662],[-77.06417,-12.08558],[-77.06439,-12.08518],[-77.06458,-12.08432],[-77.06521,-12.08375],[-77.07923,-12.07863],[-77.07919,-12.07852],[-77.08063,-12.07813],[-77.08085,-12.07797],[-77.08093,-12.07765]],[[-76.9899,-12.08599],[-76.99043,-12.08608]],[[-76.97045,-12.0832],[-76.97033,-12.08364],[-76.97003,-12.08376],[-76.9698,-12.0837],[-76.96957,-12.08334],[-76.96984,-12.08292]],[[-76.94076,-12.0636],[-76.94082,-12.06437],[-76.94129,-12.06511]],[[-76.93963,-12.06455],[-76.93979,-12.06428],[-76.94012,-12.06419],[-76.9404,-12.06433],[-76.94051,-12.06457]],[[-76.93727,-12.07144],[-76.93664,-12.07355],[-76.93566,-12.07524],[-76.93563,-12.07559],[-76.9347,-12.07608],[-76.93367,-12.07699],[-76.93302,-12.07739],[-76.93027,-12.07843],[-76.92858,-12.08143]],[[-76.92391,-12.08503],[-76.92606,-12.08489],[-76.92696,-12.08456],[-76.92742,-12.08396],[-76.92828,-12.08183],[-76.93008,-12.0785],[-76.9305,-12.07818],[-76.93274,-12.07743],[-76.93421,-12.07643]],[[-76.90022,-12.08593],[-76.90507,-12.08605],[-76.91517,-12.08586]]]}},{"type":"Feature","properties":{"id":"relation/4464806","nombre":"X-EO122-I","distrito":"Bellavista","tipo":"osm"},"geometry":{"type":"MultiLineString","coordinates":[[[-77.04142,-12.05971],[-77.04106,-12.05998],[-77.04101,-12.06036],[-77.04128,-12.06071],[-77.04169,-12.06076],[-77.04206,-12.06044],[-77.04205,-12.06],[-77.05148,-12.0572],[-77.05166,-12.05707],[-77.05111,-12.05523],[-77.05623,-12.05566],[-77.05778,-12.05568],[-77.06154,-12.05639],[-77.06412,-12.05704],[-77.06552,-12.05717],[-77.06821,-12.05782],[-77.07155,-12.05838],[-77.08218,-12.06084],[-77.08675,-12.06148],[-77.10474,-12.06316]],[[-76.95234,-12.0495],[-76.96113,-12.05313],[-76.97847,-12.06067],[-76.982,-12.06298],[-76.98759,-12.06402],[-76.99071,-12.0642],[-76.9991,-12.06349],[-77.00174,-12.0631],[-77.00464,-12.06188],[-77.01347,-12.05492],[-77.01488,-12.0566],[-77.01664,-12.05726],[-77.03513,-12.05961],[-77.03584,-12.05927],[-77.03688,-12.05973],[-77.04103,-12.06005]],[[-76.85733,-12.00765],[-76.8732,-12.01055],[-76.8927,-12.01705],[-76.89697,-12.01834],[-76.89866,-12.01898],[-76.91856,-12.02539],[-76.91999,-12.02598],[-76.92268,-12.0276],[-76.92382,-12.02857],[-76.93615,-12.04299],[-76.93672,-12.04331],[-76.95199,-12.04936]],[[-76.69834,-11.93942],[-76.69924,-11.94033],[-76.70323,-11.9424],[-76.70837,-11.94363],[-76.70909,-11.94392],[-76.70958,-11.9444],[-76.70997,-11.94551],[-76.71047,-11.94591],[-76.71224,-11.94643],[-76.71564,-11.947],[-76.72615,-11.95114],[-76.72914,-11.9533],[-76.73834,-11.96193],[-76.74033,-11.96313],[-76.74498,-11.96682],[-76.74601,-11.96843],[-76.74842,-11.96892],[-76.76074,-11.97383],[-76.76258,-11.97397],[-76.76317,-11.97357],[-76.76355,-11.97351],[-76.76898,-11.97425],[-76.77116,-11.97488],[-76.77683,-11.97733],[-76.78459,-11.97897],[-76.80588,-11.98412],[-76.83296,-11.99534],[-76.83459,-11.99635],[-76.8389,-11.99996]],[[-76.69773,-11.93989],[-76.70073,-11.93752]],[[-76.69071,-11.92891],[-76.69314,-11.93189],[-76.69416,-11.93274],[-76.69428,-11.93263],[-76.69496,-11.93342],[-76.69926,-11.93872],[-76.69983,-11.9397],[-76.70029,-11.93999],[-76.70144,-11.94031],[-76.7029,-11.94127]],[[-76.66718,-11.92133],[-76.67269,-11.92071],[-76.67411,-11.92076],[-76.67818,-11.92223],[-76.67938,-11.9233],[-76.68022,-11.92383],[-76.68278,-11.92379],[-76.68341,-11.92393],[-76.68454,-11.92452],[-76.68634,-11.92627],[-76.68825,-11.92736],[-76.68884,-11.92786],[-76.69273,-11.93249],[-76.69362,-11.93234]],[[-76.69226,-11.93285],[-76.69273,-11.93249]]]}},{"type":"Feature","properties":{"id":"relation/4466970","nombre":"X-ICR01-I","distrito":"Bellavista","tipo":"osm"},"geometry":{"type":"MultiLineString","coordinates":[[[-77.14294,-12.06098],[-77.14268,-12.05835],[-77.14228,-12.05604],[-77.13992,-12.05299],[-77.13914,-12.05287],[-77.13953,-12.05276],[-77.13976,-12.05243],[-77.13971,-12.05205],[-77.13933,-12.05175],[-77.1388,-12.05175],[-77.13845,-12.05213],[-77.13843,-12.0519],[-77.13828,-12.05181],[-77.13479,-12.05166],[-77.13405,-12.05198],[-77.13347,-12.05157],[-77.12678,-12.05097],[-77.12623,-12.05109],[-77.12631,-12.0507],[-77.12596,-12.05046],[-77.12562,-12.05061],[-77.12557,-12.051],[-77.12514,-12.05082],[-77.07251,-12.04619],[-77.06587,-12.04561],[-77.06518,-12.04575],[-77.06444,-12.04549],[-77.05229,-12.04433],[-77.05086,-12.04438],[-77.04341,-12.04371],[-77.04353,-12.04337],[-77.0434,-12.04308],[-77.04288,-12.04293],[-77.04253,-12.04311],[-77.04246,-12.04344],[-77.04267,-12.04374],[-77.04319,-12.0438],[-77.04341,-12.04371]],[[-77.12623,-12.05109],[-77.12589,-12.05123],[-77.12557,-12.051]],[[-77.13372,-12.05172],[-77.13377,-12.05135],[-77.1341,-12.05117],[-77.13444,-12.05132],[-77.13452,-12.0517]],[[-77.13914,-12.05287],[-77.1386,-12.05271],[-77.13843,-12.05245],[-77.13845,-12.05213]],[[-77.1426,-12.06312],[-77.14276,-12.06207]]]}},{"type":"Feature","properties":{"id":"relation/4467006","nombre":"X-ICR02-I","distrito":"Bellavista","tipo":"osm"},"geometry":{"type":"MultiLineString","coordinates":[[[-77.14294,-12.06098],[-77.14268,-12.05835],[-77.14228,-12.05604],[-77.13992,-12.05299],[-77.13914,-12.05287],[-77.13953,-12.05276],[-77.13976,-12.05243],[-77.13971,-12.05205],[-77.13933,-12.05175],[-77.1388,-12.05175],[-77.13845,-12.05213],[-77.13843,-12.0519],[-77.13828,-12.05181],[-77.13479,-12.05166],[-77.13405,-12.05198],[-77.13347,-12.05157],[-77.12678,-12.05097],[-77.12623,-12.05109],[-77.12631,-12.0507],[-77.12596,-12.05046],[-77.12562,-12.05061],[-77.12557,-12.051],[-77.12514,-12.05082],[-77.07251,-12.04619],[-77.06587,-12.04561],[-77.06518,-12.04575],[-77.06444,-12.04549],[-77.05229,-12.04433],[-77.05086,-12.04438],[-77.04341,-12.04371],[-77.04353,-12.04337],[-77.0434,-12.04308],[-77.04288,-12.04293],[-77.04253,-12.04311],[-77.04246,-12.04344],[-77.04267,-12.04374],[-77.04319,-12.0438],[-77.04341,-12.04371]],[[-77.12623,-12.05109],[-77.12589,-12.05123],[-77.12557,-12.051]],[[-77.13372,-12.05172],[-77.13377,-12.05135],[-77.1341,-12.05117],[-77.13444,-12.05132],[-77.13452,-12.0517]],[[-77.13914,-12.05287],[-77.1386,-12.05271],[-77.13843,-12.05245],[-77.13845,-12.05213]],[[-77.1426,-12.06312],[-77.14276,-12.06207],[-77.13264,-12.06065]]]}},{"type":"Feature","properties":{"id":"relation/4467064","nombre":"X-ICR02B-I","distrito":"Bellavista","tipo":"osm"},"geometry":{"type":"MultiLineString","coordinates":[[[-77.14294,-12.06098],[-77.14268,-12.05835],[-77.14228,-12.05604],[-77.13992,-12.05299],[-77.13914,-12.05287],[-77.13953,-12.05276],[-77.13976,-12.05243],[-77.13971,-12.05205],[-77.13933,-12.05175],[-77.1388,-12.05175],[-77.13845,-12.05213],[-77.13843,-12.0519],[-77.13828,-12.05181],[-77.13479,-12.05166],[-77.13405,-12.05198],[-77.13347,-12.05157],[-77.12678,-12.05097],[-77.12623,-12.05109],[-77.12631,-12.0507],[-77.12596,-12.05046],[-77.12562,-12.05061],[-77.12557,-12.051],[-77.12514,-12.05082],[-77.07251,-12.04619],[-77.06587,-12.04561],[-77.06518,-12.04575],[-77.06444,-12.04549],[-77.05229,-12.04433],[-77.05086,-12.04438],[-77.04341,-12.04371],[-77.04353,-12.04337],[-77.0434,-12.04308],[-77.04288,-12.04293],[-77.04253,-12.04311],[-77.04246,-12.04344],[-77.04267,-12.04374],[-77.04319,-12.0438],[-77.04341,-12.04371]],[[-77.12623,-12.05109],[-77.12589,-12.05123],[-77.12557,-12.051]],[[-77.13372,-12.05172],[-77.13377,-12.05135],[-77.1341,-12.05117],[-77.13444,-12.05132],[-77.13452,-12.0517]],[[-77.13914,-12.05287],[-77.1386,-12.05271],[-77.13843,-12.05245],[-77.13845,-12.05213]],[[-77.1426,-12.06312],[-77.14276,-12.06207],[-77.13235,-12.06057],[-77.1317,-12.06059],[-77.12703,-12.05952],[-77.12243,-12.06295],[-77.12163,-12.06168],[-77.12129,-12.06065],[-77.12121,-12.05971],[-77.12142,-12.05853]],[[-77.13214,-12.06055],[-77.13217,-12.06047]],[[-77.10577,-12.055],[-77.12031,-12.05805],[-77.12167,-12.05822]]]}},{"type":"Feature","properties":{"id":"relation/4467102","nombre":"X-ICR05-I","distrito":"Bellavista","tipo":"osm"},"geometry":{"type":"MultiLineString","coordinates":[[[-77.04213,-11.89456],[-77.04155,-11.8942],[-77.03998,-11.89359],[-77.03888,-11.89254],[-77.04017,-11.89154],[-77.0431,-11.8905],[-77.04354,-11.89008],[-77.04389,-11.89003],[-77.04579,-11.89214],[-77.04678,-11.8936],[-77.06563,-11.92724],[-77.06679,-11.92855],[-77.0683,-11.92959],[-77.06982,-11.93015],[-77.07236,-11.93047]],[[-77.03888,-11.89254],[-77.03882,-11.89246]],[[-77.04336,-11.89389],[-77.04073,-11.89539],[-77.0393,-11.89789],[-77.04161,-11.89936],[-77.04193,-11.89974],[-77.03958,-11.901],[-77.03904,-11.90146],[-77.0367,-11.90501],[-77.03584,-11.90589],[-77.03418,-11.90848],[-77.03679,-11.90947],[-77.03743,-11.90996],[-77.04048,-11.91537],[-77.04103,-11.91667],[-77.04134,-11.91783],[-77.04217,-11.92254],[-77.04275,-11.92708],[-77.04312,-11.92834],[-77.04452,-11.93118],[-77.04686,-11.934],[-77.04946,-11.93776],[-77.0501,-11.93923],[-77.05048,-11.94426],[-77.04933,-11.94895],[-77.04928,-11.94986],[-77.04955,-11.95035],[-77.05072,-11.95141],[-77.051,-11.95182],[-77.05573,-11.96577],[-77.05739,-11.96869],[-77.0575,-11.96916],[-77.05742,-11.9718],[-77.0576,-11.97302],[-77.05797,-11.97399],[-77.05921,-11.97612],[-77.0595,-11.97705],[-77.05947,-11.97838],[-77.05818,-11.98309],[-77.05686,-11.98881],[-77.05703,-11.98905],[-77.0632,-11.98998],[-77.06348,-11.99019],[-77.06358,-11.99052],[-77.0637,-11.99141],[-77.06172,-12.00409],[-77.06198,-12.00401],[-77.06223,-12.00413],[-77.06231,-12.00438],[-77.0622,-12.00462],[-77.06193,-12.00472],[-77.06169,-12.00461],[-77.06158,-12.00436],[-77.06172,-12.00409]],[[-77.04135,-11.90303],[-77.04176,-11.90277],[-77.04222,-11.90194],[-77.0424,-11.90061],[-77.04193,-11.89974]],[[-77.10572,-12.02219],[-77.10571,-12.02195],[-77.10541,-12.02171],[-77.1014,-12.01979],[-77.10049,-12.01913],[-77.09943,-12.0182],[-77.09595,-12.01448],[-77.09484,-12.0135],[-77.09286,-12.01244],[-77.08999,-12.0117],[-77.08548,-12.0079],[-77.08411,-12.00708],[-77.08263,-12.00671],[-77.07673,-12.00639],[-77.07443,-12.00642],[-77.06222,-12.0046]],[[-77.12372,-12.07364],[-77.12321,-12.07259],[-77.11309,-12.07632],[-77.11162,-12.07252],[-77.11125,-12.07208],[-77.11,-12.07125],[-77.10943,-12.07029],[-77.1036,-12.07256],[-77.09937,-12.07461],[-77.0992,-12.07454],[-77.09902,-12.07419],[-77.09902,-12.07274],[-77.09738,-12.06734],[-77.09709,-12.06252],[-77.09823,-12.0515],[-77.09829,-12.04861],[-77.09851,-12.04606],[-77.09865,-12.04527],[-77.09894,-12.04501],[-77.09903,-12.04475],[-77.09892,-12.0442],[-77.09905,-12.04252],[-77.09892,-12.04196],[-77.09918,-12.03907],[-77.09932,-12.03562],[-77.10006,-12.03339],[-77.10044,-12.03297],[-77.10303,-12.02776],[-77.1033,-12.02745],[-77.10508,-12.02427],[-77.1057,-12.02227]],[[-77.13172,-12.06951],[-77.12321,-12.07259]]]}},{"type":"Feature","properties":{"id":"relation/4467149","nombre":"X-ICR06-I","distrito":"Bellavista","tipo":"osm"},"geometry":{"type":"MultiLineString","coordinates":[[[-77.0983,-12.04846],[-77.06587,-12.04561],[-77.06518,-12.04575],[-77.06444,-12.04549],[-77.05229,-12.04433],[-77.05086,-12.04438],[-77.04341,-12.04371],[-77.04353,-12.04337],[-77.0434,-12.04308],[-77.04288,-12.04293],[-77.04253,-12.04311],[-77.04246,-12.04344],[-77.04267,-12.04374],[-77.04319,-12.0438],[-77.04341,-12.04371]],[[-77.06604,-12.03826],[-77.05662,-12.03962],[-77.05617,-12.04461]],[[-77.07638,-12.03572],[-77.07326,-12.03512],[-77.07126,-12.03496],[-77.06921,-12.03504],[-77.06621,-12.03542],[-77.06573,-12.04118]],[[-77.0991,-12.03997],[-77.099,-12.04063],[-77.0987,-12.04005],[-77.09842,-12.0399],[-77.08151,-12.03667]],[[-77.12798,-12.02852],[-77.12763,-12.03056],[-77.12798,-12.03212],[-77.12799,-12.03301],[-77.12769,-12.03426],[-77.12741,-12.03706],[-77.12718,-12.03813],[-77.12565,-12.03813],[-77.12082,-12.03983],[-77.11588,-12.04042],[-77.10904,-12.04206],[-77.10255,-12.04131],[-77.10038,-12.04069],[-77.099,-12.04063],[-77.09892,-12.04196],[-77.09905,-12.0426],[-77.09892,-12.0442],[-77.09903,-12.04475],[-77.09875,-12.04517],[-77.1041,-12.04544],[-77.10724,-12.04573],[-77.10734,-12.04557],[-77.10962,-12.04583],[-77.1097,-12.04542],[-77.10941,-12.04433],[-77.11556,-12.04272],[-77.12136,-12.042],[-77.12574,-12.04042],[-77.12666,-12.04208]],[[-77.09939,-12.04525],[-77.09868,-12.04523],[-77.09851,-12.04606]],[[-77.09868,-12.04523],[-77.09875,-12.04517]],[[-77.10716,-12.04568],[-77.10718,-12.04555],[-77.10734,-12.04557]],[[-77.12718,-12.03813],[-77.12656,-12.04458]]]}},{"type":"Feature","properties":{"id":"relation/4467172","nombre":"X-ICR10-I","distrito":"Bellavista","tipo":"osm"},"geometry":{"type":"MultiLineString","coordinates":[[[-76.82214,-12.02373],[-76.8213,-12.02327],[-76.82109,-12.02369],[-76.82072,-12.0235],[-76.82029,-12.02263],[-76.82033,-12.02219],[-76.82067,-12.02171],[-76.82073,-12.02021],[-76.82118,-12.01913],[-76.82029,-12.01877],[-76.8195,-12.01877],[-76.81777,-12.01805],[-76.81733,-12.01761],[-76.81715,-12.01686],[-76.81834,-12.01627],[-76.81886,-12.01543]],[[-76.82114,-12.02371],[-76.82109,-12.02369]],[[-76.82506,-12.01343],[-76.82203,-12.01555],[-76.82109,-12.016],[-76.82041,-12.016],[-76.81893,-12.0154]],[[-76.825,-12.01337],[-76.83178,-12.00862],[-76.83214,-12.00852],[-76.83317,-12.00869],[-76.83366,-12.00839],[-76.83477,-12.00723],[-76.8354,-12.00626],[-76.8359,-12.00506]],[[-76.8389,-11.99996],[-76.83764,-12.0014],[-76.83603,-12.00512]],[[-77.04909,-12.03521],[-77.04445,-12.03634],[-77.03833,-12.03819],[-77.03729,-12.03881],[-77.03555,-12.04023],[-77.03363,-12.04101],[-77.03213,-12.04188],[-77.02948,-12.04302],[-77.02807,-12.04321],[-77.02355,-12.04328],[-77.02145,-12.04271],[-77.01824,-12.04123],[-77.01634,-12.04016],[-77.01499,-12.03919],[-77.00949,-12.03458],[-77.00748,-12.03325],[-77.00509,-12.03195],[-76.99811,-12.02929],[-76.99712,-12.02915],[-76.99596,-12.02935],[-76.99404,-12.03032],[-76.99263,-12.03127],[-76.9911,-12.03278],[-76.99031,-12.03374],[-76.98975,-12.03465],[-76.98927,-12.03575],[-76.98801,-12.04012],[-76.98736,-12.04141],[-76.98665,-12.04244],[-76.98574,-12.04338],[-76.97771,-12.05049],[-76.97656,-12.05174],[-76.97555,-12.05362],[-76.97462,-12.05615],[-76.97453,-12.05678],[-76.97491,-12.05827],[-76.97461,-12.05913],[-76.95626,-12.05117],[-76.93638,-12.04325],[-76.93572,-12.04272],[-76.92327,-12.02818],[-76.92142,-12.02693],[-76.91929,-12.02576],[-76.89306,-12.01729],[-76.87319,-12.01065],[-76.84875,-12.00616],[-76.84628,-12.00557],[-76.84494,-12.00498],[-76.84383,-12.00429],[-76.83882,-12.00004]],[[-77.099,-12.03617],[-77.09777,-12.03589],[-77.09709,-12.03538],[-77.09444,-12.03006],[-77.07736,-12.03191],[-77.06777,-12.03192],[-77.05861,-12.03308],[-77.05838,-12.03321],[-77.05902,-12.03419],[-77.05786,-12.03485],[-77.05487,-12.03539],[-77.0547,-12.03458],[-77.05414,-12.0332]],[[-77.10648,-12.02194],[-77.1056,-12.02312],[-77.10525,-12.02382],[-77.10516,-12.02446],[-77.10342,-12.02752],[-77.10307,-12.02789],[-77.10048,-12.03314],[-77.1001,-12.0336],[-77.09946,-12.03547],[-77.09945,-12.0365]],[[-77.11677,-12.00115],[-77.11567,-12.00258],[-77.11546,-12.00345],[-77.11456,-12.00499],[-77.11217,-12.00983],[-77.11123,-12.01205],[-77.11111,-12.01292],[-77.11004,-12.01449],[-77.10885,-12.0168],[-77.10854,-12.0172],[-77.10765,-12.01897],[-77.10756,-12.01942],[-77.10675,-12.02092],[-77.10656,-12.02158]],[[-77.12515,-11.97241],[-77.12506,-11.97601],[-77.12561,-11.98901],[-77.12577,-11.99239],[-77.12629,-11.99684],[-77.12578,-11.99749],[-77.12147,-11.99917],[-77.12117,-11.99912],[-77.1183,-12.0002],[-77.11692,-12.00101]]]}},{"type":"Feature","properties":{"id":"relation/4467284","nombre":"X-ICR13-I","distrito":"Bellavista","tipo":"osm"},"geometry":{"type":"MultiLineString","coordinates":[[[-77.08015,-12.03149],[-77.09549,-12.02967],[-77.09617,-12.02931],[-77.09656,-12.02889],[-77.10125,-12.01944],[-77.10568,-12.02163],[-77.10605,-12.02153]],[[-77.13894,-11.87208],[-77.14669,-11.86292],[-77.14905,-11.86036],[-77.15102,-11.85912],[-77.1555,-11.85725],[-77.15668,-11.85686],[-77.15837,-11.85675],[-77.15877,-11.85636],[-77.15916,-11.85563],[-77.15911,-11.85535],[-77.15891,-11.85515],[-77.15366,-11.85201],[-77.15264,-11.84822],[-77.15242,-11.84793],[-77.15127,-11.84713],[-77.15084,-11.84592],[-77.15023,-11.84526],[-77.14997,-11.84426],[-77.14947,-11.84441],[-77.14897,-11.84494],[-77.14742,-11.84535],[-77.14781,-11.84711],[-77.1467,-11.84899],[-77.14524,-11.84804],[-77.14442,-11.84487],[-77.14458,-11.84483],[-77.14337,-11.83998],[-77.14297,-11.83924],[-77.14251,-11.83973],[-77.14193,-11.83986],[-77.13907,-11.83822],[-77.14217,-11.83307],[-77.14312,-11.83275],[-77.16113,-11.82841],[-77.16185,-11.83114],[-77.16348,-11.83215],[-77.16871,-11.83081],[-77.17192,-11.83365]],[[-77.10656,-12.02158],[-77.1063,-12.02136],[-77.10656,-12.02117],[-77.10746,-12.01948],[-77.10762,-12.01874],[-77.10839,-12.01713],[-77.10879,-12.01673],[-77.11032,-12.01359],[-77.11097,-12.01296],[-77.11121,-12.01179],[-77.11215,-12.0096],[-77.11315,-12.00775],[-77.11432,-12.00515],[-77.11538,-12.0034],[-77.11553,-12.00266],[-77.11618,-12.00154],[-77.11681,-12.00088],[-77.11812,-12.00006],[-77.11859,-11.99949],[-77.12458,-11.99744],[-77.1259,-11.99579],[-77.12553,-11.99188],[-77.12488,-11.97568],[-77.12493,-11.97319],[-77.12521,-11.97035],[-77.12581,-11.96717],[-77.12637,-11.9652],[-77.13132,-11.95022],[-77.13168,-11.94837],[-77.13107,-11.93978],[-77.1307,-11.93687],[-77.1304,-11.93159],[-77.13002,-11.92848],[-77.12902,-11.9225],[-77.12875,-11.91888],[-77.1283,-11.91206],[-77.12863,-11.90771],[-77.12816,-11.90116],[-77.12697,-11.89762],[-77.12597,-11.8902],[-77.12602,-11.88826],[-77.12591,-11.88652],[-77.12619,-11.88464],[-77.1265,-11.87672],[-77.12686,-11.87651],[-77.12767,-11.87721],[-77.12832,-11.87745],[-77.13302,-11.87798],[-77.13374,-11.87787],[-77.13442,-11.87742],[-77.13891,-11.87212]],[[-77.0776,-12.03174],[-77.07969,-12.03155]],[[-77.04529,-12.04889],[-77.04549,-12.04668],[-77.04338,-12.04647],[-77.04273,-12.0468],[-77.04248,-12.0467],[-77.04234,-12.04645],[-77.04268,-12.04581],[-77.04282,-12.044],[-77.04245,-12.04334],[-77.04258,-12.04305],[-77.04292,-12.04281],[-77.04344,-12.03806],[-77.04355,-12.03606],[-77.0433,-12.03576],[-77.04293,-12.03574],[-77.04228,-12.03615],[-77.04223,-12.03638],[-77.04237,-12.03658],[-77.04284,-12.03658],[-77.04593,-12.03569],[-77.04873,-12.03514],[-77.05327,-12.0333],[-77.05465,-12.03247],[-77.05573,-12.03154],[-77.05636,-12.03217],[-77.05748,-12.03178],[-77.0582,-12.03294],[-77.06778,-12.03169],[-77.07748,-12.03175]],[[-77.04278,-12.04295],[-77.0434,-12.04308],[-77.04352,-12.04349],[-77.04326,-12.04378],[-77.04267,-12.04374]],[[-77.0426,-12.04601],[-77.04283,-12.04598],[-77.04309,-12.04614],[-77.04313,-12.04658]],[[-77.03935,-12.06428],[-77.04121,-12.06079],[-77.041,-12.0602],[-77.04128,-12.05976],[-77.04166,-12.0597],[-77.04205,-12.06],[-77.04226,-12.05999],[-77.05148,-12.0572],[-77.05166,-12.05707],[-77.05111,-12.05523],[-77.05623,-12.05566],[-77.0574,-12.05549],[-77.05533,-12.05257],[-77.05374,-12.04913],[-77.04602,-12.05059],[-77.04249,-12.05084]],[[-77.04205,-12.06],[-77.04209,-12.06037],[-77.04192,-12.06064],[-77.04161,-12.06078],[-77.04123,-12.06068]],[[-77.02267,-12.06372],[-77.02305,-12.06099],[-77.02373,-12.06109],[-77.02356,-12.06239],[-77.03886,-12.06439]]]}},{"type":"Feature","properties":{"id":"relation/4467454","nombre":"X-ICR14-I","distrito":"Bellavista","tipo":"osm"},"geometry":{"type":"MultiLineString","coordinates":[[[-77.04558,-12.08257],[-77.04587,-12.08228],[-77.04707,-12.08198],[-77.04854,-12.08188],[-77.04954,-12.0821],[-77.05247,-12.08321],[-77.05346,-12.08337],[-77.05421,-12.0833],[-77.05502,-12.08304],[-77.05575,-12.08261],[-77.06072,-12.07867],[-77.06455,-12.07724],[-77.06539,-12.0787],[-77.06568,-12.07866],[-77.07585,-12.07565],[-77.07935,-12.07483],[-77.07935,-12.07458],[-77.07858,-12.07361],[-77.07835,-12.07294],[-77.07778,-12.06945],[-77.07779,-12.06676],[-77.07836,-12.06324],[-77.0798,-12.05737],[-77.08015,-12.05667],[-77.08088,-12.05585],[-77.0782,-12.05173],[-77.07807,-12.05127],[-77.07798,-12.04951],[-77.07688,-12.04752],[-77.07666,-12.04647],[-77.0776,-12.03593],[-77.07786,-12.03591],[-77.07783,-12.03567],[-77.07767,-12.03564],[-77.07754,-12.0358],[-77.07766,-12.03596],[-77.07786,-12.03591],[-77.07787,-12.03571],[-77.07771,-12.03563],[-77.07755,-12.03576],[-77.0776,-12.03593]],[[-76.97224,-12.03857],[-76.96873,-12.0467],[-76.96772,-12.04823],[-76.96693,-12.05027],[-76.96474,-12.05468],[-76.97859,-12.06073],[-76.97772,-12.06228],[-76.97755,-12.06235],[-76.97726,-12.0635],[-76.97498,-12.06891],[-76.98139,-12.07147],[-76.98271,-12.07471],[-76.98412,-12.07451],[-76.98772,-12.0735],[-76.98823,-12.07292],[-76.98881,-12.07154],[-76.98863,-12.0704]],[[-76.97556,-12.07626],[-76.97807,-12.07521],[-76.97854,-12.07484],[-76.98156,-12.07485],[-76.98271,-12.07471],[-76.98277,-12.07486]],[[-76.9628,-12.03715],[-76.96284,-12.03704],[-76.96297,-12.03709],[-76.97134,-12.04058]],[[-76.96466,-12.03279],[-76.96284,-12.03704]],[[-77.0755,-12.02587],[-77.08008,-12.02421],[-77.0899,-12.01944],[-77.09004,-12.01924],[-77.09135,-12.01856],[-77.09191,-12.01797],[-77.09706,-12.01029],[-77.09892,-12.00637],[-77.10263,-12.00816],[-77.10464,-12.00401],[-77.10927,-11.99504],[-77.11034,-11.99411]],[[-77.09524,-12.01288],[-77.09704,-12.01013],[-77.09852,-12.00718]],[[-77.07771,-12.03563],[-77.07824,-12.03476],[-77.07828,-12.0339],[-77.07555,-12.02678]],[[-77.06532,-12.07871],[-77.06539,-12.0787]],[[-77.04626,-12.08509],[-77.04652,-12.08329],[-77.04558,-12.08257],[-77.04396,-12.08205],[-77.04314,-12.08157],[-77.04243,-12.08066],[-77.04218,-12.07969]],[[-76.98868,-12.07061],[-76.98953,-12.07065],[-76.99307,-12.07267],[-76.98917,-12.07764],[-76.99346,-12.08082],[-76.99588,-12.08153],[-76.99902,-12.08322],[-77.00835,-12.08458],[-77.01051,-12.08479],[-77.01812,-12.08145],[-77.01929,-12.08114],[-77.02042,-12.08111],[-77.0269,-12.08242],[-77.04861,-12.08541]],[[-76.99307,-12.07267],[-76.99328,-12.07279]],[[-76.98139,-12.07147],[-76.98232,-12.0716],[-76.98676,-12.07156],[-76.98861,-12.07207]]]}},{"type":"Feature","properties":{"id":"relation/4467480","nombre":"Sin nombre","distrito":"Bellavista","tipo":"osm"},"geometry":{"type":"MultiLineString","coordinates":[[[-77.04558,-12.08257],[-77.04587,-12.08228],[-77.04707,-12.08198],[-77.04854,-12.08188],[-77.04954,-12.0821],[-77.05247,-12.08321],[-77.05346,-12.08337],[-77.05421,-12.0833],[-77.05502,-12.08304],[-77.05575,-12.08261],[-77.06072,-12.07867],[-77.06455,-12.07724],[-77.06539,-12.0787],[-77.06568,-12.07866],[-77.07585,-12.07565],[-77.07935,-12.07483],[-77.07935,-12.07458],[-77.07858,-12.07361],[-77.07835,-12.07294],[-77.07778,-12.06945],[-77.07779,-12.06676],[-77.07836,-12.06324],[-77.0798,-12.05737],[-77.08015,-12.05667],[-77.08088,-12.05585],[-77.0782,-12.05173],[-77.07807,-12.05127],[-77.07798,-12.04951],[-77.07688,-12.04752],[-77.07666,-12.04647],[-77.0776,-12.03593],[-77.07786,-12.03591],[-77.07783,-12.03567],[-77.07767,-12.03564],[-77.07754,-12.0358],[-77.07766,-12.03596],[-77.07786,-12.03591],[-77.07787,-12.03571],[-77.07771,-12.03563],[-77.07755,-12.03576],[-77.0776,-12.03593]],[[-77.10615,-12.00106],[-77.10927,-11.99504],[-77.11034,-11.99411]],[[-77.09892,-12.00637],[-77.10263,-12.00816],[-77.10464,-12.00401]],[[-77.0755,-12.02587],[-77.08008,-12.02421],[-77.0899,-12.01944],[-77.09004,-12.01924],[-77.09135,-12.01856],[-77.09191,-12.01797],[-77.09706,-12.01029],[-77.09884,-12.00652]],[[-77.09524,-12.01288],[-77.09704,-12.01013],[-77.09852,-12.00718]],[[-77.07771,-12.03563],[-77.07824,-12.03476],[-77.07828,-12.0339],[-77.07555,-12.02678]],[[-77.06532,-12.07871],[-77.06539,-12.0787]],[[-77.04626,-12.08509],[-77.04652,-12.08329],[-77.04558,-12.08257],[-77.04396,-12.08205],[-77.04314,-12.08157],[-77.04243,-12.08066],[-77.04218,-12.07969]],[[-76.99299,-12.07277],[-76.98917,-12.07764],[-76.99346,-12.08082],[-76.99588,-12.08153],[-76.99902,-12.08322],[-77.00835,-12.08458],[-77.01051,-12.08479],[-77.01812,-12.08145],[-77.01929,-12.08114],[-77.02042,-12.08111],[-77.0269,-12.08242],[-77.04861,-12.08541]],[[-76.98277,-12.07486],[-76.98271,-12.07471],[-76.98412,-12.07451],[-76.98772,-12.0735],[-76.98823,-12.07292],[-76.98881,-12.07154],[-76.98874,-12.07059],[-76.98953,-12.07065],[-76.99328,-12.07279]],[[-76.98868,-12.07061],[-76.98863,-12.0704]],[[-76.97556,-12.07626],[-76.97807,-12.07521],[-76.97854,-12.07484],[-76.98156,-12.07485],[-76.98271,-12.07471],[-76.98139,-12.07147],[-76.97498,-12.06891],[-76.97726,-12.0635],[-76.97755,-12.06235],[-76.97772,-12.06228],[-76.97859,-12.06073],[-76.96474,-12.05468]],[[-76.98139,-12.07147],[-76.98232,-12.0716],[-76.98676,-12.07156],[-76.98861,-12.07207]]]}},{"type":"Feature","properties":{"id":"relation/4467530","nombre":"X-IM02-I","distrito":"Bellavista","tipo":"osm"},"geometry":{"type":"MultiLineString","coordinates":[[[-77.14294,-12.06098],[-77.14268,-12.05835],[-77.14228,-12.05604],[-77.13992,-12.05299],[-77.13914,-12.05287],[-77.13953,-12.05276],[-77.13976,-12.05243],[-77.13971,-12.05205],[-77.13933,-12.05175],[-77.1388,-12.05175],[-77.13845,-12.05213],[-77.13843,-12.0519],[-77.13828,-12.05181],[-77.13479,-12.05166],[-77.13405,-12.05198],[-77.13347,-12.05157],[-77.12678,-12.05097],[-77.12623,-12.05109],[-77.12631,-12.0507],[-77.12596,-12.05046],[-77.12562,-12.05061],[-77.12557,-12.051],[-77.12514,-12.05082],[-77.07251,-12.04619],[-77.06587,-12.04561],[-77.06518,-12.04575],[-77.06444,-12.04549],[-77.05229,-12.04433],[-77.05086,-12.04438],[-77.04341,-12.04371],[-77.04353,-12.04337],[-77.0434,-12.04308],[-77.04288,-12.04293],[-77.04253,-12.04311],[-77.04246,-12.04344],[-77.04267,-12.04374],[-77.04319,-12.0438],[-77.04341,-12.04371]],[[-76.9713,-12.04068],[-76.9628,-12.03715]],[[-76.96855,-12.04674],[-76.97211,-12.03847]],[[-76.98085,-12.04097],[-76.98411,-12.04023],[-76.98432,-12.04107],[-76.98403,-12.0418],[-76.98332,-12.04296],[-76.98313,-12.04363],[-76.98235,-12.04531],[-76.98109,-12.04649],[-76.98036,-12.04681],[-76.97955,-12.0467],[-76.97644,-12.04536],[-76.97622,-12.04588],[-76.97166,-12.04392],[-76.97013,-12.04341]],[[-76.99742,-12.04013],[-76.99745,-12.03996],[-76.99761,-12.03994],[-76.99774,-12.04026],[-76.9976,-12.04034],[-76.99742,-12.04013],[-76.99689,-12.04006],[-76.99537,-12.04029],[-76.99314,-12.03994],[-76.99048,-12.03975],[-76.98922,-12.03981],[-76.98815,-12.03958],[-76.98626,-12.03977],[-76.98411,-12.04023]],[[-77.04278,-12.04295],[-77.04292,-12.04281],[-77.04335,-12.03809],[-77.0431,-12.03776],[-77.04161,-12.03735],[-77.04093,-12.03741],[-77.03833,-12.03819],[-77.03729,-12.03881],[-77.03555,-12.04023],[-77.03363,-12.04101],[-77.03248,-12.0417],[-77.03038,-12.04268],[-77.02917,-12.0431],[-77.02409,-12.04331],[-77.02095,-12.04276],[-77.02025,-12.04299],[-77.01969,-12.04274],[-77.01936,-12.04374],[-77.0194,-12.04463],[-77.01978,-12.04495],[-77.02081,-12.04468],[-77.02098,-12.04479],[-77.02304,-12.05276],[-77.02006,-12.05317],[-77.01877,-12.05316],[-77.01457,-12.05277],[-77.01404,-12.0523],[-77.01305,-12.0531],[-77.0124,-12.04501],[-77.01222,-12.04442],[-77.01163,-12.04407],[-77.00935,-12.04322],[-77.00496,-12.04177],[-76.99762,-12.04034]],[[-77.12623,-12.05109],[-77.12589,-12.05123],[-77.12557,-12.051]],[[-77.13372,-12.05172],[-77.13377,-12.05135],[-77.1341,-12.05117],[-77.13444,-12.05132],[-77.13452,-12.0517]],[[-77.13914,-12.05287],[-77.1386,-12.05271],[-77.13843,-12.05245],[-77.13845,-12.05213]],[[-77.1426,-12.06312],[-77.14276,-12.06207]],[[-77.15792,-12.06817],[-77.15669,-12.06729],[-77.15568,-12.06681],[-77.15035,-12.06564],[-77.13186,-12.06074]]]}},{"type":"Feature","properties":{"id":"relation/4470605","nombre":"X-IM04-I","distrito":"Bellavista","tipo":"osm"},"geometry":{"type":"MultiLineString","coordinates":[[[-77.04864,-12.08531],[-77.04883,-12.08507],[-77.04916,-12.08538],[-77.05025,-12.0869]],[[-77.05018,-12.08677],[-77.05215,-12.0831],[-77.05292,-12.08331],[-77.05375,-12.08337],[-77.05516,-12.08297],[-77.06085,-12.07861],[-77.06455,-12.07724],[-77.06539,-12.0787],[-77.06617,-12.07858],[-77.07585,-12.07565],[-77.07922,-12.07493],[-77.07936,-12.07481],[-77.07935,-12.07458],[-77.07858,-12.07361],[-77.07835,-12.07294],[-77.07778,-12.06945],[-77.07779,-12.06676],[-77.07836,-12.06324],[-77.0798,-12.05737],[-77.08015,-12.05667],[-77.08088,-12.05585],[-77.0782,-12.05173],[-77.07807,-12.05127],[-77.07798,-12.04951],[-77.07688,-12.04752],[-77.07666,-12.04647],[-77.0776,-12.03593],[-77.07786,-12.03591],[-77.07783,-12.03567],[-77.07767,-12.03564],[-77.07754,-12.0358],[-77.07766,-12.03596],[-77.07786,-12.03591],[-77.07787,-12.03571],[-77.07771,-12.03563],[-77.07755,-12.03576],[-77.0776,-12.03593]],[[-76.98905,-12.07755],[-76.98917,-12.07764],[-76.99299,-12.07277]],[[-76.92797,-12.02773],[-76.93148,-12.02802],[-76.93349,-12.02868],[-76.9383,-12.02966],[-76.94387,-12.03102],[-76.95562,-12.03501],[-76.95618,-12.03517],[-76.958,-12.03523],[-76.96113,-12.03634],[-76.97134,-12.04058]],[[-77.0755,-12.02587],[-77.08008,-12.02421],[-77.0899,-12.01944],[-77.09004,-12.01924],[-77.09108,-12.01875],[-77.09186,-12.01804],[-77.09494,-12.01334],[-77.0959,-12.01411],[-77.09987,-12.01839],[-77.10049,-12.0189],[-77.10219,-12.01995],[-77.1055,-12.02155],[-77.10578,-12.02164],[-77.10605,-12.02153]],[[-77.12554,-11.99637],[-77.12599,-11.99644],[-77.12627,-11.99668],[-77.12629,-11.99684]],[[-77.10656,-12.02158],[-77.1063,-12.02136],[-77.10656,-12.02117],[-77.10746,-12.01948],[-77.10762,-12.01874],[-77.10839,-12.01713],[-77.10879,-12.01673],[-77.11032,-12.01359],[-77.11097,-12.01296],[-77.11121,-12.01179],[-77.11215,-12.0096],[-77.11315,-12.00775],[-77.11432,-12.00515],[-77.11538,-12.0034],[-77.11553,-12.00266],[-77.11618,-12.00154],[-77.11681,-12.00088],[-77.11812,-12.00006],[-77.11859,-11.99949],[-77.12446,-11.9975],[-77.12546,-11.99645]],[[-77.07771,-12.03563],[-77.07824,-12.03476],[-77.07828,-12.0339],[-77.07555,-12.02678]],[[-77.06532,-12.07871],[-77.06539,-12.0787]],[[-77.0269,-12.08242],[-77.04861,-12.08541]],[[-76.98917,-12.07764],[-76.99346,-12.08082],[-76.99588,-12.08153],[-76.99902,-12.08322],[-77.00996,-12.08479],[-77.01097,-12.08466],[-77.01725,-12.08181],[-77.01909,-12.08117],[-77.02098,-12.08118],[-77.0263,-12.0823]],[[-76.98277,-12.07486],[-76.98271,-12.07471],[-76.98412,-12.07451],[-76.98772,-12.0735],[-76.98823,-12.07292],[-76.98881,-12.07154],[-76.98874,-12.07059],[-76.98953,-12.07065],[-76.99328,-12.07279]],[[-76.98868,-12.07061],[-76.98863,-12.0704]],[[-76.97556,-12.07626],[-76.97807,-12.07521],[-76.97854,-12.07484],[-76.98156,-12.07485],[-76.98271,-12.07471],[-76.98139,-12.07147],[-76.97498,-12.06891],[-76.97726,-12.0635],[-76.97755,-12.06235],[-76.97772,-12.06228],[-76.97859,-12.06073],[-76.96474,-12.05468],[-76.96693,-12.05027],[-76.96772,-12.04823],[-76.96873,-12.0467],[-76.97224,-12.03857]],[[-76.98139,-12.07147],[-76.98232,-12.0716],[-76.98676,-12.07156],[-76.98861,-12.07207]],[[-76.92924,-12.02781],[-76.92835,-12.03022]]]}},{"type":"Feature","properties":{"id":"relation/4470758","nombre":"X-IM06-I","distrito":"Bellavista","tipo":"osm"},"geometry":{"type":"MultiLineString","coordinates":[[[-76.92219,-12.18633],[-76.92623,-12.18813],[-76.92998,-12.19011],[-76.93352,-12.19171]],[[-76.94363,-12.18056],[-76.93946,-12.18718],[-76.93713,-12.19143],[-76.9275,-12.2074],[-76.92321,-12.21305],[-76.92261,-12.21406],[-76.92208,-12.21533],[-76.92197,-12.21656],[-76.91987,-12.2239]],[[-77.01057,-12.05727],[-77.00864,-12.05881],[-77.00769,-12.05996],[-77.00671,-12.06072],[-77.00577,-12.06112],[-77.00446,-12.06208],[-77.00175,-12.06322],[-77.00001,-12.06352],[-76.99307,-12.07267],[-76.98441,-12.08372],[-76.98376,-12.0864],[-76.98213,-12.08776],[-76.9816,-12.08845],[-76.98133,-12.08907],[-76.97738,-12.11723],[-76.97705,-12.12732],[-76.97734,-12.12867],[-76.98043,-12.13684],[-76.98221,-12.14642],[-76.98357,-12.15018],[-76.98379,-12.1504],[-76.98409,-12.15047],[-76.98457,-12.15017],[-76.98464,-12.1499],[-76.9845,-12.14955],[-76.98397,-12.14936],[-76.98201,-12.15023],[-76.98019,-12.15072],[-76.97337,-12.15359],[-76.96052,-12.15872],[-76.95739,-12.16015],[-76.95616,-12.1615],[-76.95131,-12.16779],[-76.94941,-12.17111],[-76.94896,-12.17164],[-76.94846,-12.17272],[-76.94665,-12.17541],[-76.94373,-12.18043]],[[-77.13058,-11.87791],[-77.13022,-11.87775],[-77.12957,-11.87772],[-77.12787,-11.87793],[-77.12701,-11.87844],[-77.12663,-11.87912],[-77.12646,-11.87989],[-77.12629,-11.88433],[-77.12635,-11.88508],[-77.12615,-11.88656],[-77.12626,-11.8885],[-77.1262,-11.89057],[-77.12632,-11.89232],[-77.12705,-11.89761],[-77.12825,-11.90116],[-77.12878,-11.90818],[-77.12864,-11.9131],[-77.13062,-11.9319],[-77.13112,-11.93757],[-77.13185,-11.94885],[-77.1315,-11.95032],[-77.12653,-11.96525],[-77.12587,-11.96767],[-77.12524,-11.97147],[-77.12506,-11.97601],[-77.12577,-11.99239],[-77.12629,-11.99684],[-77.12578,-11.99749],[-77.12147,-11.99917],[-77.12117,-11.99912],[-77.1183,-12.0002],[-77.11692,-12.00101]],[[-76.93091,-12.20145],[-76.92729,-12.19944],[-76.91767,-12.19362]],[[-76.91948,-12.19916],[-76.91897,-12.19924],[-76.91829,-12.19883],[-76.919,-12.19843],[-76.92254,-12.19254]],[[-76.93054,-12.20207],[-76.92862,-12.20105],[-76.92161,-12.19681],[-76.91989,-12.19595]],[[-76.93244,-12.19269],[-76.92471,-12.20507]],[[-76.93096,-12.19512],[-76.92614,-12.19233],[-76.91787,-12.18725]],[[-76.93568,-12.19352],[-76.93573,-12.19302],[-76.93438,-12.19223],[-76.93038,-12.19044],[-76.92619,-12.18822],[-76.92214,-12.18642]],[[-76.91952,-12.22402],[-76.92195,-12.2154],[-76.9224,-12.21417],[-76.92311,-12.21299],[-76.92757,-12.20701],[-76.93726,-12.19091],[-76.93809,-12.18914],[-76.94114,-12.18397],[-76.94206,-12.18262],[-76.94221,-12.18277]],[[-76.94206,-12.18262],[-76.94218,-12.18245],[-76.94238,-12.18256]],[[-77.04142,-12.05971],[-77.04106,-12.05998],[-77.04101,-12.06036],[-77.03688,-12.05991],[-77.03567,-12.0603],[-77.03497,-12.05989],[-77.01645,-12.05749],[-77.0148,-12.05684],[-77.01345,-12.05522]],[[-77.09444,-12.03006],[-77.07736,-12.03191],[-77.06829,-12.03189],[-77.06493,-12.03227],[-77.0652,-12.03412],[-77.06603,-12.03563],[-77.06617,-12.03609],[-77.06603,-12.03852],[-77.06493,-12.04865],[-77.05945,-12.0481],[-77.05947,-12.04868],[-77.06182,-12.05446],[-77.06187,-12.05501],[-77.06161,-12.05656],[-77.05769,-12.0558],[-77.05665,-12.05577],[-77.04221,-12.06009],[-77.0421,-12.06014],[-77.04198,-12.06058],[-77.04169,-12.06076],[-77.04128,-12.06071],[-77.04101,-12.06036]],[[-77.04205,-12.06],[-77.0421,-12.06014]],[[-77.0649,-12.03206],[-77.06493,-12.03227]],[[-77.10572,-12.02219],[-77.10571,-12.02195],[-77.10541,-12.02171],[-77.10124,-12.02006],[-77.09682,-12.02894],[-77.09633,-12.02948],[-77.09576,-12.02983],[-77.09455,-12.03006]],[[-77.10648,-12.02194],[-77.10607,-12.02253],[-77.1058,-12.02251],[-77.1057,-12.02227]],[[-77.11677,-12.00115],[-77.11567,-12.00258],[-77.11546,-12.00345],[-77.11456,-12.00499],[-77.11217,-12.00983],[-77.11123,-12.01205],[-77.11111,-12.01292],[-77.11004,-12.01449],[-77.10885,-12.0168],[-77.10854,-12.0172],[-77.10765,-12.01897],[-77.10756,-12.01942],[-77.10675,-12.02092],[-77.10656,-12.02158]],[[-77.13045,-11.8777],[-77.13313,-11.87799],[-77.13409,-11.8777],[-77.13891,-11.87212]],[[-77.13894,-11.87208],[-77.14669,-11.86292],[-77.14905,-11.86036],[-77.15102,-11.85912],[-77.1555,-11.85725],[-77.15668,-11.85686],[-77.15837,-11.85675],[-77.15877,-11.85636],[-77.15914,-11.8557],[-77.15911,-11.85535],[-77.15891,-11.85515],[-77.15366,-11.85201],[-77.15264,-11.84822],[-77.15242,-11.84793],[-77.15127,-11.84713],[-77.15084,-11.84592],[-77.15023,-11.84526],[-77.14997,-11.84426],[-77.15322,-11.84341],[-77.15584,-11.83917],[-77.15581,-11.83861],[-77.16062,-11.83746],[-77.1599,-11.83449],[-77.15337,-11.83607],[-77.15313,-11.83618],[-77.15307,-11.83636]],[[-77.15142,-11.8354],[-77.15319,-11.83643]],[[-77.1524,-11.83487],[-77.16348,-11.83215],[-77.16185,-11.83114],[-77.16113,-11.82841],[-77.14535,-11.83227]]]}},{"type":"Feature","properties":{"id":"relation/4470877","nombre":"X-IM08-I","distrito":"Bellavista","tipo":"osm"},"geometry":{"type":"MultiLineString","coordinates":[[[-77.05376,-12.00734],[-77.0537,-12.00716],[-77.05458,-12.00253],[-77.0551,-11.99854],[-77.05515,-11.99641],[-77.05534,-11.99572],[-77.05685,-11.99326],[-77.05709,-11.99254],[-77.0571,-11.99177],[-77.0568,-11.98916],[-77.05687,-11.98851],[-77.05893,-11.98015],[-77.04784,-11.97704],[-77.0476,-11.97779],[-77.04698,-11.97763],[-77.04576,-11.98179],[-77.04353,-11.98116],[-77.04324,-11.98151],[-77.04104,-11.98088],[-77.04051,-11.98265],[-77.03899,-11.98223],[-77.03874,-11.98311],[-77.04051,-11.9836]],[[-77.05369,-12.0072],[-77.0537,-12.00716]],[[-77.0472,-11.98218],[-77.04576,-11.98179]],[[-77.10572,-12.02219],[-77.10571,-12.02195],[-77.10541,-12.02171],[-77.10107,-12.01958],[-77.09943,-12.0182],[-77.09515,-12.01374],[-77.09354,-12.01273],[-77.0923,-12.01223],[-77.09029,-12.01186],[-77.08929,-12.01187],[-77.08823,-12.01199],[-77.08373,-12.01298],[-77.08226,-12.01305],[-77.07981,-12.01287],[-77.07819,-12.01248],[-77.07139,-12.01133],[-77.06417,-12.00899],[-77.06218,-12.00873],[-77.06119,-12.00895],[-77.0601,-12.00835],[-77.0538,-12.00739]],[[-77.0609,-12.00879],[-77.06086,-12.00836],[-77.06127,-12.00812],[-77.06165,-12.00842],[-77.06152,-12.00885]],[[-77.10117,-12.05414],[-77.09757,-12.05353],[-77.0972,-12.05354],[-77.09709,-12.05373],[-77.09745,-12.05411],[-77.09776,-12.05401],[-77.09792,-12.05372],[-77.09818,-12.05187],[-77.09851,-12.04606],[-77.09865,-12.04527],[-77.09894,-12.04501],[-77.09903,-12.04475],[-77.09892,-12.0442],[-77.09905,-12.04252],[-77.09892,-12.04196],[-77.09918,-12.03907],[-77.09932,-12.03562],[-77.10006,-12.03339],[-77.10044,-12.03297],[-77.10303,-12.02776],[-77.1033,-12.02745],[-77.10508,-12.02427],[-77.1057,-12.02227]],[[-77.13245,-12.05947],[-77.12735,-12.05903],[-77.12024,-12.05816],[-77.10186,-12.05427]],[[-77.13214,-12.06055],[-77.13233,-12.05953]],[[-77.15792,-12.06817],[-77.15669,-12.06729],[-77.15568,-12.06681],[-77.15035,-12.06564],[-77.13186,-12.06074],[-77.13188,-12.06058]],[[-77.14868,-12.05971],[-77.14782,-12.06126],[-77.14699,-12.06182],[-77.1466,-12.06463]],[[-77.15143,-12.06587],[-77.15189,-12.0641],[-77.1514,-12.0639],[-77.15115,-12.06358],[-77.1512,-12.06203],[-77.14865,-12.05975]]]}},{"type":"Feature","properties":{"id":"relation/4470960","nombre":"X-IM09-I","distrito":"Bellavista","tipo":"osm"},"geometry":{"type":"MultiLineString","coordinates":[[[-77.02989,-12.05924],[-77.02938,-12.06313],[-77.03373,-12.06369],[-77.03471,-12.06112],[-77.03534,-12.06036],[-77.03546,-12.05948],[-77.03565,-12.05929],[-77.03595,-12.05929],[-77.03688,-12.05973],[-77.04103,-12.06005]],[[-77.15145,-12.06578],[-77.15189,-12.0641]],[[-77.13269,-12.06075],[-77.15,-12.06544],[-77.15562,-12.06669],[-77.15666,-12.06717],[-77.15743,-12.06773],[-77.15775,-12.0677]],[[-77.14525,-12.06416],[-77.14518,-12.06461],[-77.13379,-12.06284],[-77.13309,-12.06766]],[[-77.11995,-12.06517],[-77.11966,-12.06479],[-77.1192,-12.0648],[-77.11886,-12.06508],[-77.11877,-12.06549],[-77.11906,-12.06583],[-77.11939,-12.06582],[-77.11975,-12.06561],[-77.11995,-12.06517],[-77.12022,-12.06547],[-77.12122,-12.06557],[-77.1216,-12.06573],[-77.13298,-12.06776]],[[-77.04142,-12.05971],[-77.04106,-12.05998],[-77.04101,-12.06036],[-77.04128,-12.06071],[-77.04169,-12.06076],[-77.04206,-12.06044],[-77.04205,-12.06],[-77.05148,-12.0572],[-77.05166,-12.05707],[-77.05111,-12.05523],[-77.05623,-12.05566],[-77.05778,-12.05568],[-77.06154,-12.05639],[-77.06412,-12.05704],[-77.06552,-12.05717],[-77.06821,-12.05782],[-77.07155,-12.05838],[-77.08218,-12.06084],[-77.08675,-12.06148],[-77.10474,-12.06316],[-77.1042,-12.06577],[-77.10411,-12.06774],[-77.10482,-12.07116],[-77.10501,-12.07154],[-77.10529,-12.07168],[-77.11549,-12.06779],[-77.11626,-12.06743],[-77.1179,-12.06619]],[[-77.02924,-12.06312],[-77.02938,-12.06313]],[[-77.02188,-12.04188],[-77.02285,-12.0425],[-77.02384,-12.04253],[-77.02404,-12.0427],[-77.03027,-12.05442],[-77.03042,-12.05519],[-77.02994,-12.05894]],[[-77.01231,-12.03209],[-77.01258,-12.03306],[-77.01276,-12.03493],[-77.01336,-12.03718],[-77.01435,-12.03771],[-77.01769,-12.04022],[-77.0193,-12.04073],[-77.02106,-12.04152]],[[-76.96029,-11.92056],[-76.97277,-11.93864],[-76.97312,-11.93873],[-76.97451,-11.93827],[-76.97493,-11.93826],[-76.97874,-11.93933],[-76.97931,-11.93962],[-76.97991,-11.94017],[-76.98763,-11.95142],[-76.98763,-11.95205],[-76.98556,-11.95635],[-76.98565,-11.95689],[-76.99124,-11.96492],[-76.99632,-11.97181],[-76.99728,-11.97266],[-77.0027,-11.97652],[-77.00333,-11.97715],[-77.00439,-11.97857],[-77.00519,-11.98021],[-77.0073,-11.986],[-77.01022,-11.98876],[-77.01083,-11.98977],[-77.01121,-11.99137],[-77.01117,-11.99245],[-77.00844,-12.00208],[-77.0078,-12.00333],[-77.00244,-12.01178],[-77.00218,-12.01285],[-77.00197,-12.01626],[-77.00205,-12.01683],[-77.00228,-12.01732],[-77.00387,-12.01928],[-77.00489,-12.02013],[-77.01061,-12.0262],[-77.0116,-12.02836],[-77.01228,-12.03084],[-77.0123,-12.03206]]]}},{"type":"Feature","properties":{"id":"relation/4471022","nombre":"X-IM10-I","distrito":"Bellavista","tipo":"osm"},"geometry":{"type":"MultiLineString","coordinates":[[[-77.04278,-12.04295],[-77.04345,-12.04312],[-77.04353,-12.04337],[-77.04341,-12.04371],[-77.04273,-12.04377],[-77.04245,-12.04339],[-77.04253,-12.04311],[-77.04292,-12.04281],[-77.04389,-12.03229],[-77.04304,-12.03143],[-77.03495,-12.03858],[-77.03129,-12.04068],[-77.02845,-12.04097],[-77.02861,-12.0427],[-77.02521,-12.04247],[-77.02282,-12.04272],[-77.02054,-12.04149],[-77.01765,-12.04029],[-77.01425,-12.03773],[-77.01328,-12.03722],[-77.01271,-12.03512],[-77.01246,-12.03308],[-77.01199,-12.03215],[-77.0121,-12.03198],[-77.01227,-12.03202],[-77.01228,-12.03224],[-77.01205,-12.03226]],[[-77.0121,-12.03198],[-77.01218,-12.03094],[-77.01157,-12.02877],[-77.01044,-12.02636],[-77.01003,-12.0258],[-77.01084,-12.02507],[-77.0119,-12.02515],[-77.01205,-12.02416],[-77.01257,-12.02309],[-77.01266,-12.02259],[-77.01082,-12.00787],[-77.01229,-12.00344],[-77.01438,-11.99844],[-77.01526,-11.99686],[-77.01546,-11.99669],[-77.01501,-11.99563],[-77.01514,-11.99294],[-77.01493,-11.99189],[-77.01563,-11.98609],[-77.01532,-11.98499],[-77.01431,-11.98415],[-77.01318,-11.98255],[-77.01298,-11.98179],[-77.00545,-11.97001],[-77.00433,-11.96844]],[[-77.09924,-12.04021],[-77.09904,-12.04197],[-77.09916,-12.04246],[-77.09902,-12.04421],[-77.09913,-12.04475],[-77.09873,-12.04544],[-77.09847,-12.04822],[-77.09836,-12.05133],[-77.09804,-12.05375],[-77.09814,-12.05414],[-77.09837,-12.05425],[-77.09877,-12.05404],[-77.09874,-12.05378],[-77.07658,-12.04985],[-77.04344,-12.04647],[-77.04289,-12.04678],[-77.04265,-12.04679],[-77.04245,-12.04668],[-77.04233,-12.04637],[-77.04269,-12.04573],[-77.04282,-12.044],[-77.04267,-12.04374]],[[-77.0426,-12.04601],[-77.04283,-12.04598],[-77.04309,-12.04614],[-77.04313,-12.04658]],[[-77.1063,-12.02136],[-77.10656,-12.02158],[-77.10642,-12.02209],[-77.1056,-12.02312],[-77.10525,-12.02382],[-77.10516,-12.02446],[-77.10342,-12.02752],[-77.10307,-12.02789],[-77.09983,-12.03426],[-77.09946,-12.03547],[-77.09927,-12.03999]],[[-77.10967,-12.003],[-77.1015,-12.01958],[-77.10568,-12.02163],[-77.10605,-12.02153]],[[-77.10733,-11.99066],[-77.10638,-11.9915],[-77.10506,-11.99419],[-77.10492,-11.99512],[-77.10412,-11.99607],[-77.09919,-12.0065],[-77.10629,-12.0099]],[[-77.00419,-11.96826],[-76.99914,-11.9697],[-76.99654,-11.97222],[-76.99632,-11.97201],[-76.99317,-11.96791],[-76.98541,-11.95683],[-76.98542,-11.9562],[-76.98736,-11.95223],[-76.98751,-11.95171],[-76.98712,-11.95088],[-76.9849,-11.94769]]]}},{"type":"Feature","properties":{"id":"relation/4471025","nombre":"X-IM11-I","distrito":"Bellavista","tipo":"osm"},"geometry":{"type":"MultiLineString","coordinates":[[[-77.07817,-12.04957],[-77.07872,-12.04998],[-77.08163,-12.0506],[-77.10135,-12.05407]],[[-77.10946,-12.04699],[-77.10923,-12.04943],[-77.1152,-12.04996],[-77.11472,-12.05686],[-77.10577,-12.055]],[[-77.10923,-12.04943],[-77.10645,-12.04918]],[[-77.11824,-12.05022],[-77.1152,-12.04996]],[[-77.10018,-12.05377],[-77.10009,-12.05406]],[[-77.05389,-12.07501],[-77.05683,-12.07267],[-77.05787,-12.07213],[-77.0595,-12.07166],[-77.06037,-12.0715],[-77.06169,-12.07153],[-77.0653,-12.07221],[-77.06738,-12.07234],[-77.07107,-12.07185],[-77.07786,-12.07033],[-77.07773,-12.06832],[-77.07779,-12.06676],[-77.07836,-12.06324],[-77.0798,-12.05737],[-77.08015,-12.05667],[-77.08088,-12.05585],[-77.07814,-12.05158],[-77.07801,-12.04987],[-77.07872,-12.04998]],[[-77.07741,-12.04976],[-77.07801,-12.04987],[-77.07791,-12.04935],[-77.07684,-12.04736]],[[-77.04558,-12.08257],[-77.04587,-12.08228],[-77.04707,-12.08198],[-77.04854,-12.08188],[-77.04954,-12.0821],[-77.05215,-12.0831],[-77.05248,-12.08233],[-77.05235,-12.08175],[-77.04878,-12.07747],[-77.0541,-12.07327],[-77.05489,-12.07423]],[[-77.04626,-12.08509],[-77.04652,-12.08329],[-77.04558,-12.08257],[-77.04396,-12.08205],[-77.04314,-12.08157],[-77.04243,-12.08066],[-77.04218,-12.07969]],[[-77.0269,-12.08242],[-77.04861,-12.08541]],[[-76.98637,-12.08098],[-76.98905,-12.07755],[-76.99346,-12.08082],[-76.99588,-12.08153],[-76.99902,-12.08322],[-77.00996,-12.08479],[-77.01097,-12.08466],[-77.01725,-12.08181],[-77.01909,-12.08117],[-77.02098,-12.08118],[-77.0263,-12.0823]],[[-76.98621,-12.08086],[-76.98477,-12.0797],[-76.98384,-12.08086],[-76.98305,-12.08025],[-76.98238,-12.07905],[-76.98067,-12.0778],[-76.97968,-12.076],[-76.97966,-12.07498]],[[-76.98851,-12.07265],[-76.98814,-12.07334],[-76.98762,-12.0737],[-76.98364,-12.07475],[-76.98142,-12.07497],[-76.97861,-12.07497],[-76.97798,-12.07539],[-76.97562,-12.07642]],[[-76.96474,-12.05468],[-76.97859,-12.06073],[-76.97772,-12.06228],[-76.97755,-12.06235],[-76.97726,-12.0635],[-76.97498,-12.06891],[-76.98139,-12.07147],[-76.98277,-12.07486]],[[-76.98139,-12.07147],[-76.98232,-12.0716],[-76.98676,-12.07156],[-76.98861,-12.07207]],[[-76.94168,-12.05347],[-76.94152,-12.05375],[-76.94116,-12.05375],[-76.94081,-12.05312],[-76.94112,-12.05282],[-76.94173,-12.05294],[-76.94168,-12.05347],[-76.9422,-12.05449],[-76.94286,-12.05538],[-76.94372,-12.05614],[-76.95084,-12.05988],[-76.95392,-12.06119],[-76.95877,-12.06187],[-76.96083,-12.06263],[-76.9646,-12.05462]],[[-76.94472,-12.05671],[-76.94242,-12.06066],[-76.9461,-12.06257],[-76.94907,-12.06252],[-76.95196,-12.06338],[-76.95342,-12.06503],[-76.95841,-12.06772],[-76.96083,-12.06263]],[[-76.95841,-12.06772],[-76.95853,-12.06778]],[[-76.9201,-12.02656],[-76.91817,-12.02677],[-76.91277,-12.02612],[-76.91352,-12.0238],[-76.91856,-12.02539],[-76.91999,-12.02598],[-76.92268,-12.0276],[-76.92362,-12.02837],[-76.93591,-12.04278],[-76.93656,-12.04324],[-76.93778,-12.04372],[-76.93788,-12.04493],[-76.9377,-12.04561],[-76.93777,-12.04642],[-76.94133,-12.05283]],[[-76.91277,-12.02612],[-76.89404,-12.02373]]]}},{"type":"Feature","properties":{"id":"relation/4471042","nombre":"X-IM12-I","distrito":"Bellavista","tipo":"osm"},"geometry":{"type":"MultiLineString","coordinates":[[[-77.12667,-12.04193],[-77.12694,-12.03865],[-77.12713,-12.03878],[-77.12656,-12.04458]],[[-77.12693,-12.03827],[-77.12666,-12.0381],[-77.12718,-12.03813],[-77.12713,-12.03878]],[[-77.12629,-11.99684],[-77.12694,-12.00246],[-77.12698,-12.00696],[-77.12927,-12.01847],[-77.1294,-12.01958],[-77.12928,-12.0222],[-77.12763,-12.03038],[-77.12802,-12.03273],[-77.12769,-12.03426],[-77.12741,-12.03706],[-77.12718,-12.03813]],[[-77.0983,-12.04846],[-77.06587,-12.04561],[-77.06518,-12.04575],[-77.06444,-12.04549],[-77.05229,-12.04433],[-77.05086,-12.04438],[-77.04341,-12.04371],[-77.04353,-12.04337],[-77.0434,-12.04308],[-77.04288,-12.04293],[-77.04253,-12.04311],[-77.04246,-12.04344],[-77.04267,-12.04374],[-77.04319,-12.0438],[-77.04341,-12.04371]],[[-77.12575,-12.04029],[-77.125,-12.03883],[-77.12497,-12.03853],[-77.1251,-12.0383],[-77.12082,-12.03983],[-77.11588,-12.04042],[-77.10904,-12.04206],[-77.10255,-12.04131],[-77.10038,-12.04069],[-77.099,-12.04063],[-77.09892,-12.04196],[-77.09905,-12.0426],[-77.09892,-12.0442],[-77.09903,-12.04475],[-77.09875,-12.04517],[-77.10716,-12.04568]],[[-77.12666,-12.0381],[-77.12587,-12.03809],[-77.1251,-12.0383]],[[-77.0386,-12.03384],[-77.03581,-12.03013],[-77.04001,-12.02685],[-77.04287,-12.02982],[-77.04181,-12.03101],[-77.04381,-12.03322],[-77.04292,-12.04281],[-77.04278,-12.04295]],[[-76.95804,-12.0183],[-76.95788,-12.02075],[-76.95955,-12.02103],[-76.96653,-12.02393],[-76.9686,-12.02462],[-76.97025,-12.02472],[-76.97764,-12.02412],[-76.97912,-12.02482],[-76.98063,-12.025],[-76.98176,-12.02487],[-76.983,-12.02437],[-76.98642,-12.02386],[-76.98943,-12.02427],[-76.99617,-12.02448],[-77.00185,-12.02571],[-77.00575,-12.02716],[-77.00889,-12.02757],[-77.01028,-12.02802],[-77.0107,-12.02848],[-77.01117,-12.02966],[-77.01116,-12.03003],[-77.01064,-12.03074],[-77.01202,-12.03224]],[[-77.02512,-12.03419],[-77.0252,-12.03431]],[[-77.03709,-12.02375],[-77.03332,-12.02709],[-77.03581,-12.03013]],[[-77.03332,-12.02709],[-77.02744,-12.03233],[-77.02541,-12.03469],[-77.02716,-12.0377],[-77.0271,-12.03793],[-77.02836,-12.04011],[-77.02861,-12.0427],[-77.02521,-12.04247],[-77.02282,-12.04272],[-77.02054,-12.04149],[-77.01765,-12.04029],[-77.01425,-12.03773],[-77.01328,-12.03722],[-77.01271,-12.03512],[-77.01246,-12.03308],[-77.01205,-12.03226]],[[-77.06604,-12.03826],[-77.05662,-12.03962],[-77.05617,-12.04461]],[[-77.07638,-12.03572],[-77.07326,-12.03512],[-77.07126,-12.03496],[-77.06921,-12.03504],[-77.06621,-12.03542],[-77.06573,-12.04118]],[[-77.0991,-12.03997],[-77.099,-12.04063],[-77.0987,-12.04005],[-77.09842,-12.0399],[-77.08151,-12.03667]],[[-77.09939,-12.04525],[-77.09868,-12.04523],[-77.09875,-12.04517]],[[-77.09851,-12.04606],[-77.09868,-12.04523]],[[-77.12574,-12.04042],[-77.12136,-12.042],[-77.11556,-12.04272],[-77.10941,-12.04433],[-77.1097,-12.04542]]]}},{"type":"Feature","properties":{"id":"relation/4471063","nombre":"X-IM15-I","distrito":"Bellavista","tipo":"osm"},"geometry":{"type":"MultiLineString","coordinates":[[[-76.9976,-12.04034],[-76.99742,-12.04013],[-76.9975,-12.03993],[-76.99775,-12.04018],[-76.9976,-12.04034],[-76.99754,-12.04274],[-76.99802,-12.04436],[-77.00342,-12.05209],[-77.00379,-12.05287],[-77.00422,-12.05464],[-77.00451,-12.0552],[-77.00768,-12.05915],[-77.00798,-12.05925],[-77.01227,-12.05587],[-77.01393,-12.05793],[-77.01593,-12.05872],[-77.01659,-12.05884],[-77.01555,-12.06133],[-77.03886,-12.06439]],[[-76.92797,-12.02773],[-76.93148,-12.02802],[-76.93349,-12.02868],[-76.9383,-12.02966],[-76.94387,-12.03102],[-76.95562,-12.03501],[-76.95618,-12.03517],[-76.958,-12.03523],[-76.96113,-12.03634],[-76.97134,-12.04058]],[[-77.12602,-11.9975],[-77.12549,-11.99719],[-77.12539,-11.99688],[-77.12546,-11.99645],[-77.12586,-11.99593],[-77.12593,-11.99552],[-77.12556,-11.99228],[-77.12545,-11.98988],[-77.12488,-11.97568],[-77.125,-11.97251]],[[-77.125,-11.99697],[-77.12546,-11.99645]],[[-77.12536,-11.99763],[-77.12273,-11.99869]],[[-77.12629,-11.99684],[-77.12694,-12.00246],[-77.12698,-12.00696],[-77.12927,-12.01847],[-77.12941,-12.02062]],[[-77.13901,-12.05286],[-77.13816,-12.05291],[-77.13745,-12.05332],[-77.13623,-12.05172],[-77.13467,-12.05166],[-77.13432,-12.05194],[-77.13405,-12.05198],[-77.13347,-12.05157],[-77.12678,-12.05097],[-77.12623,-12.05109],[-77.12627,-12.05064],[-77.12602,-12.05048],[-77.1257,-12.05053],[-77.12592,-12.0501],[-77.12686,-12.03986],[-77.12694,-12.03865],[-77.12686,-12.03722],[-77.12715,-12.03478],[-77.12743,-12.03028],[-77.12881,-12.02383],[-77.12918,-12.02098],[-77.12905,-12.01858],[-77.1268,-12.00726],[-77.12667,-12.00087],[-77.12634,-11.99783],[-77.12612,-11.99752],[-77.12578,-11.99749]],[[-77.12623,-12.05109],[-77.126,-12.05122],[-77.12565,-12.05111],[-77.12554,-12.05082],[-77.1257,-12.05053]],[[-77.13372,-12.05172],[-77.13377,-12.05135],[-77.1341,-12.05117],[-77.13444,-12.05132],[-77.13452,-12.0517]],[[-77.14294,-12.06098],[-77.14268,-12.05835],[-77.14231,-12.05613],[-77.14202,-12.05558],[-77.13992,-12.05299],[-77.13914,-12.05287],[-77.13946,-12.0528],[-77.1397,-12.05259],[-77.13978,-12.05231],[-77.13967,-12.05198],[-77.13933,-12.05175],[-77.13889,-12.05173],[-77.1386,-12.05187],[-77.13845,-12.05213],[-77.13843,-12.0519],[-77.13828,-12.05181],[-77.13623,-12.05172]],[[-77.13914,-12.05287],[-77.1386,-12.05271],[-77.13843,-12.05245],[-77.13845,-12.05213]],[[-77.1426,-12.06312],[-77.14276,-12.06207]],[[-77.13309,-12.06766],[-77.13379,-12.06284],[-77.14114,-12.06405],[-77.14125,-12.06184]],[[-77.13172,-12.06951],[-77.12321,-12.07259],[-77.11952,-12.06611],[-77.11914,-12.06584],[-77.11975,-12.06561],[-77.11995,-12.06517],[-77.12022,-12.06547],[-77.12122,-12.06557],[-77.1216,-12.06573],[-77.13298,-12.06776]],[[-77.11914,-12.06584],[-77.11877,-12.06547],[-77.11896,-12.06497],[-77.1192,-12.0648],[-77.11955,-12.06477],[-77.11975,-12.06485],[-77.11995,-12.06517]],[[-77.1223,-12.07293],[-77.11016,-12.07738],[-77.10448,-12.08054],[-77.08503,-12.08935],[-77.08291,-12.09053],[-77.08201,-12.08885],[-77.07702,-12.09139],[-77.07671,-12.09136],[-77.06941,-12.09398],[-77.04198,-12.06073],[-77.04205,-12.06]],[[-77.03935,-12.06428],[-77.04121,-12.06079],[-77.04101,-12.06012],[-77.04116,-12.05985],[-77.04142,-12.05971]],[[-77.04192,-12.06064],[-77.04161,-12.06078],[-77.04123,-12.06068]],[[-76.98109,-12.04649],[-76.9822,-12.04551],[-76.98258,-12.04484],[-76.98332,-12.04296],[-76.9843,-12.04129],[-76.98411,-12.04023],[-76.98626,-12.03977],[-76.98815,-12.03958],[-76.99299,-12.03975],[-76.99558,-12.04022],[-76.99662,-12.03999],[-76.99744,-12.03997]],[[-76.97622,-12.04588],[-76.97644,-12.04536],[-76.97687,-12.04555],[-76.97711,-12.04519],[-76.97926,-12.04382],[-76.98131,-12.04676]],[[-76.96892,-12.04721],[-76.96953,-12.04728],[-76.97254,-12.04857],[-76.97415,-12.0449],[-76.97625,-12.0458]],[[-76.96885,-12.04876],[-76.96892,-12.0471],[-76.96867,-12.04681],[-76.97224,-12.03857]],[[-76.96867,-12.04681],[-76.96855,-12.04674]]]}},{"type":"Feature","properties":{"id":"relation/4471074","nombre":"X-IM16-I","distrito":"Bellavista","tipo":"osm"},"geometry":{"type":"MultiLineString","coordinates":[[[-77.00255,-12.0629],[-77.00548,-12.06716],[-77.00619,-12.06794],[-77.01162,-12.07192],[-77.01826,-12.07373],[-77.02259,-12.07444],[-77.02761,-12.07623]],[[-77.11654,-12.07124],[-77.11738,-12.07338],[-77.12077,-12.07209],[-77.12239,-12.07117],[-77.11948,-12.06605],[-77.11914,-12.06584],[-77.11975,-12.06561],[-77.11995,-12.06525],[-77.11989,-12.06502],[-77.11966,-12.06479],[-77.11944,-12.06476],[-77.11886,-12.06508],[-77.11879,-12.06476],[-77.11506,-12.05973],[-77.11467,-12.05903],[-77.11459,-12.05827],[-77.1152,-12.04996],[-77.10645,-12.04918]],[[-77.11824,-12.05022],[-77.1152,-12.04996]],[[-77.11914,-12.06584],[-77.11881,-12.06558],[-77.11886,-12.06508]],[[-77.07926,-12.06014],[-77.07821,-12.06479],[-77.07794,-12.06697],[-77.07794,-12.06939],[-77.0786,-12.07326],[-77.07894,-12.07389],[-77.07978,-12.07482],[-77.08378,-12.07453],[-77.08436,-12.07631],[-77.08452,-12.07804],[-77.09068,-12.07793],[-77.09274,-12.07753],[-77.10356,-12.07245],[-77.10955,-12.0701],[-77.11007,-12.07108],[-77.1114,-12.07201],[-77.11192,-12.0728],[-77.1165,-12.07113]],[[-77.08453,-12.07821],[-77.08452,-12.07804]],[[-77.07075,-12.05472],[-77.06933,-12.05458],[-77.06847,-12.05787],[-77.07155,-12.05838],[-77.07803,-12.05989]],[[-77.06847,-12.05787],[-77.06846,-12.05791]],[[-77.06664,-12.05428],[-77.06933,-12.05458]],[[-77.06663,-12.05435],[-77.06684,-12.05249]],[[-77.03935,-12.06428],[-77.04123,-12.06068],[-77.04161,-12.06078],[-77.04192,-12.06064],[-77.04209,-12.06037],[-77.04205,-12.06],[-77.05161,-12.05712],[-77.05111,-12.05523],[-77.05665,-12.05565],[-77.0588,-12.05513],[-77.06639,-12.05248],[-77.0669,-12.0525]],[[-77.06639,-12.05248],[-77.06672,-12.05219],[-77.0669,-12.05182]],[[-77.04123,-12.06068],[-77.04103,-12.06044],[-77.04101,-12.06012],[-77.04116,-12.05985],[-77.04142,-12.05971]],[[-77.03414,-12.06374],[-77.03886,-12.06439]],[[-77.02747,-12.07618],[-77.02924,-12.06312],[-77.03373,-12.06369]],[[-76.9888,-12.06402],[-76.99071,-12.0642],[-76.99673,-12.06372],[-77.00133,-12.06322],[-77.00238,-12.06285]],[[-76.94454,-12.04641],[-76.95615,-12.05102],[-76.97304,-12.05824],[-76.97859,-12.06073],[-76.982,-12.06298],[-76.98759,-12.06402]],[[-76.92797,-12.02773],[-76.93148,-12.02802],[-76.93349,-12.02868],[-76.93933,-12.0299],[-76.94387,-12.03102],[-76.94998,-12.03307],[-76.94907,-12.03605],[-76.94447,-12.04649]],[[-76.92341,-12.02834],[-76.92373,-12.02769],[-76.92778,-12.03013],[-76.93139,-12.03136],[-76.93213,-12.02822]],[[-76.92373,-12.02769],[-76.92492,-12.02505]]]}},{"type":"Feature","properties":{"id":"relation/4471082","nombre":"X-IM18-I","distrito":"Bellavista","tipo":"osm"},"geometry":{"type":"MultiLineString","coordinates":[[[-77.00055,-12.12896],[-76.98733,-12.12791],[-76.98634,-12.12817],[-76.97792,-12.13132]],[[-77.09924,-12.04021],[-77.09904,-12.04197],[-77.09916,-12.04246],[-77.09902,-12.04421],[-77.09913,-12.04475],[-77.09873,-12.04544],[-77.09847,-12.04822],[-77.09836,-12.05133],[-77.09792,-12.05488],[-77.09722,-12.06265],[-77.09741,-12.06655],[-77.0976,-12.06777],[-77.09915,-12.07271],[-77.10005,-12.07376],[-77.10008,-12.07427],[-77.09383,-12.07731],[-77.09246,-12.07779],[-77.09089,-12.07806],[-77.08185,-12.07828],[-77.08066,-12.07842],[-77.07805,-12.07923],[-77.06579,-12.08368],[-77.06487,-12.0842],[-77.06432,-12.08555],[-77.06295,-12.0867],[-77.05338,-12.09304],[-77.05844,-12.1029],[-77.0527,-12.10906],[-77.04866,-12.11305],[-77.04863,-12.11323],[-77.04845,-12.11327],[-77.04303,-12.1188],[-77.04282,-12.11868],[-77.04257,-12.11878],[-77.04255,-12.11913],[-77.04273,-12.11925],[-77.04295,-12.11921],[-77.04308,-12.11903],[-77.04303,-12.1188]],[[-76.97707,-12.12828],[-76.97688,-12.12673],[-76.97714,-12.1182],[-76.97775,-12.11338],[-76.97763,-12.11255],[-76.97788,-12.11092],[-76.97783,-12.11045],[-76.97742,-12.11022],[-76.97276,-12.10988],[-76.97147,-12.10951],[-76.96611,-12.10568],[-76.96542,-12.10515],[-76.96555,-12.10504],[-76.96549,-12.10488],[-76.96532,-12.10488],[-76.96525,-12.10502],[-76.96281,-12.10322],[-76.96263,-12.10297]],[[-76.96542,-12.10515],[-76.96525,-12.10502]],[[-76.97747,-12.13009],[-76.97788,-12.13112]],[[-77.00109,-12.12833],[-77.00142,-12.12847],[-77.00158,-12.12887],[-77.00141,-12.12922],[-77.00103,-12.12935],[-77.00063,-12.12913],[-77.00054,-12.12878],[-77.00076,-12.12842],[-77.00109,-12.12833]],[[-77.02925,-12.11934],[-77.02931,-12.11969],[-77.0324,-12.12383],[-77.03162,-12.12415],[-77.02949,-12.12454],[-77.00218,-12.12882],[-77.00154,-12.12904]],[[-77.04251,-12.11906],[-77.04041,-12.11908],[-77.04035,-12.11883],[-77.04008,-12.1187],[-77.03983,-12.11884],[-77.03979,-12.11909],[-77.02939,-12.11918],[-77.02926,-12.1192],[-77.02914,-12.11949],[-77.02892,-12.11939],[-77.02897,-12.11897],[-77.02914,-12.11899],[-77.02926,-12.1192]],[[-77.04041,-12.11908],[-77.0401,-12.11932],[-77.03979,-12.11909]],[[-77.10648,-12.02194],[-77.1056,-12.02312],[-77.10525,-12.02382],[-77.10516,-12.02446],[-77.10342,-12.02752],[-77.10307,-12.02789],[-77.10048,-12.03314],[-77.10022,-12.03338],[-77.09991,-12.03405],[-77.09946,-12.03547],[-77.09927,-12.03999]],[[-77.1063,-12.02136],[-77.10656,-12.02158]],[[-77.1015,-12.01958],[-77.10568,-12.02163],[-77.10605,-12.02153]],[[-77.08769,-12.00956],[-77.09027,-12.0116],[-77.09303,-12.01228],[-77.09408,-12.01279],[-77.0952,-12.01353],[-77.0959,-12.01411],[-77.09987,-12.01839],[-77.10125,-12.01944]]]}},{"type":"Feature","properties":{"id":"relation/4471136","nombre":"X-IM19-I","distrito":"Bellavista","tipo":"osm"},"geometry":{"type":"MultiLineString","coordinates":[[[-77.04581,-12.04344],[-77.05085,-12.04391],[-77.05148,-12.04415],[-77.0523,-12.04425],[-77.06131,-12.04511],[-77.09831,-12.04838],[-77.09861,-12.04539],[-77.09903,-12.04475],[-77.09892,-12.0442],[-77.09905,-12.04252],[-77.09892,-12.04196],[-77.09918,-12.03907],[-77.09932,-12.03562],[-77.09973,-12.03419],[-77.10006,-12.03339],[-77.10044,-12.03297],[-77.10303,-12.02776],[-77.1033,-12.02745],[-77.10508,-12.02427],[-77.10591,-12.02174],[-77.10612,-12.02144],[-77.10656,-12.02117],[-77.10746,-12.01948],[-77.10762,-12.01874],[-77.10839,-12.01713],[-77.10879,-12.01673],[-77.11032,-12.01359],[-77.11097,-12.01296],[-77.11121,-12.01179],[-77.11215,-12.0096],[-77.11315,-12.00775],[-77.11432,-12.00515],[-77.1155,-12.00316],[-77.11553,-12.00266],[-77.1157,-12.00231],[-77.11655,-12.00111],[-77.11812,-12.00006],[-77.11859,-11.99949],[-77.12458,-11.99744],[-77.12586,-11.99593],[-77.12592,-11.99538],[-77.12553,-11.99188],[-77.12488,-11.97568],[-77.12493,-11.97319],[-77.12521,-11.97035],[-77.12581,-11.96717],[-77.12637,-11.9652],[-77.13132,-11.95022],[-77.13168,-11.94837],[-77.13107,-11.93978],[-77.1307,-11.93687],[-77.1304,-11.93159],[-77.13002,-11.92848],[-77.12902,-11.9225],[-77.12875,-11.91888],[-77.1283,-11.91206],[-77.12863,-11.90771],[-77.12816,-11.90116],[-77.12697,-11.89762],[-77.12597,-11.8902],[-77.12602,-11.88826],[-77.12591,-11.88652],[-77.12619,-11.88464],[-77.1265,-11.87672],[-77.12696,-11.8741]],[[-77.12696,-11.87406],[-77.12688,-11.87351],[-77.12673,-11.87337],[-77.12439,-11.87282],[-77.11754,-11.86898],[-77.11602,-11.86849],[-77.11392,-11.86815],[-77.11354,-11.86853],[-77.11373,-11.86947],[-77.11365,-11.86979],[-77.11043,-11.87235],[-77.10932,-11.87428],[-77.10853,-11.8746],[-77.10899,-11.87591],[-77.1077,-11.87659],[-77.10609,-11.87783],[-77.10483,-11.87841],[-77.10408,-11.87807],[-77.10309,-11.87819],[-77.10189,-11.87996],[-77.10121,-11.88004],[-77.09982,-11.88072],[-77.09852,-11.88058],[-77.09775,-11.88133],[-77.09677,-11.88294],[-77.09623,-11.88452],[-77.09646,-11.88574]],[[-77.05102,-12.04395],[-77.05072,-12.04713],[-77.04681,-12.04672],[-77.0467,-12.0478],[-77.0465,-12.04779],[-77.04647,-12.04844],[-77.04472,-12.04832],[-77.04405,-12.04765]],[[-77.04271,-12.04818],[-77.04472,-12.04832]]]}},{"type":"Feature","properties":{"id":"relation/4475362","nombre":"X-IM20-I","distrito":"Bellavista","tipo":"osm"},"geometry":{"type":"MultiLineString","coordinates":[[[-77.0431,-12.04663],[-77.04472,-12.04832]],[[-77.09924,-12.04021],[-77.09904,-12.04197],[-77.09916,-12.04246],[-77.09902,-12.04421],[-77.09913,-12.04475],[-77.09873,-12.04544],[-77.09847,-12.04822],[-77.09836,-12.05133],[-77.09804,-12.05375],[-77.09814,-12.05414],[-77.09837,-12.05425],[-77.09877,-12.05404],[-77.09874,-12.05378],[-77.07658,-12.04985],[-77.04418,-12.04654],[-77.04338,-12.04647],[-77.04313,-12.04658]],[[-77.09804,-12.05375],[-77.09792,-12.05488]],[[-77.10648,-12.02194],[-77.1056,-12.02312],[-77.10525,-12.02382],[-77.10516,-12.02446],[-77.10342,-12.02752],[-77.10307,-12.02789],[-77.10048,-12.03314],[-77.10022,-12.03338],[-77.09991,-12.03405],[-77.09946,-12.03547],[-77.09927,-12.03999]],[[-77.11677,-12.00115],[-77.11567,-12.00258],[-77.11546,-12.00345],[-77.11456,-12.00499],[-77.11217,-12.00983],[-77.11123,-12.01205],[-77.11111,-12.01292],[-77.11004,-12.01449],[-77.10885,-12.0168],[-77.10854,-12.0172],[-77.10765,-12.01897],[-77.10756,-12.01942],[-77.10675,-12.02092],[-77.10656,-12.02158]],[[-77.12669,-11.87895],[-77.12646,-11.87989],[-77.12629,-11.88433],[-77.12635,-11.88508],[-77.12615,-11.88656],[-77.12624,-11.89161],[-77.12705,-11.89761],[-77.12825,-11.90116],[-77.12878,-11.90818],[-77.12864,-11.9131],[-77.13062,-11.9319],[-77.13112,-11.93757],[-77.13185,-11.94885],[-77.1315,-11.95032],[-77.12653,-11.96525],[-77.12587,-11.96767],[-77.12524,-11.97147],[-77.12506,-11.97601],[-77.12577,-11.99239],[-77.12629,-11.99684],[-77.12578,-11.99749],[-77.12147,-11.99917],[-77.12117,-11.99912],[-77.1183,-12.0002],[-77.11692,-12.00101]],[[-77.12727,-11.8731],[-77.12681,-11.8757],[-77.12693,-11.87725],[-77.12677,-11.87865]],[[-77.12692,-11.87307],[-77.12811,-11.86684],[-77.12862,-11.85221]],[[-77.12857,-11.85383],[-77.12301,-11.8537],[-77.12091,-11.85429],[-77.12198,-11.85809],[-77.12229,-11.85852],[-77.12836,-11.8613]],[[-77.11533,-11.8419],[-77.11894,-11.84562],[-77.11983,-11.84771],[-77.12061,-11.84859],[-77.12311,-11.84954],[-77.12529,-11.84937],[-77.12635,-11.84956],[-77.12734,-11.85011],[-77.12851,-11.85128]]]}},{"type":"Feature","properties":{"id":"relation/4475645","nombre":"X-IM21-I","distrito":"Bellavista","tipo":"osm"},"geometry":{"type":"MultiLineString","coordinates":[[[-77.09712,-11.99034],[-77.09103,-11.99109],[-77.08531,-11.9914],[-77.0851,-11.99127],[-77.0752,-11.9918],[-77.06464,-11.9903]],[[-77.07672,-12.02939],[-77.07843,-12.03425],[-77.07834,-12.03478],[-77.07786,-12.0357],[-77.07767,-12.03564],[-77.07754,-12.0358],[-77.07773,-12.03598],[-77.07677,-12.04618],[-77.07704,-12.04754],[-77.07817,-12.04957],[-77.07872,-12.04998],[-77.0854,-12.05127],[-77.08513,-12.05272],[-77.08468,-12.05359],[-77.08125,-12.05586]],[[-77.00778,-12.18168],[-77.00788,-12.1814],[-77.00999,-12.17914],[-77.0124,-12.18124],[-77.01263,-12.18162],[-77.01461,-12.18347],[-77.01477,-12.18424],[-77.01498,-12.18459],[-77.017,-12.18612],[-77.01671,-12.18651],[-77.01556,-12.18706],[-77.01538,-12.18868],[-77.01478,-12.18884],[-77.01422,-12.18932],[-77.01549,-12.19077],[-77.01538,-12.19128],[-77.01439,-12.19228],[-77.01391,-12.19327],[-77.01395,-12.19389],[-77.01436,-12.19444],[-77.01086,-12.19654],[-77.01085,-12.19673],[-77.01005,-12.19748],[-77.00595,-12.20076],[-77.00502,-12.20197]],[[-77.00769,-12.18763],[-77.01069,-12.18707],[-77.01422,-12.18932]],[[-77.00458,-12.17342],[-77.00555,-12.17445],[-77.0066,-12.17612],[-77.00999,-12.17914],[-77.01144,-12.17755],[-77.01194,-12.17676],[-77.0165,-12.17165],[-77.01835,-12.16928],[-77.01899,-12.16815],[-77.01926,-12.16815],[-77.01936,-12.16835],[-77.01852,-12.17079],[-77.01856,-12.17141],[-77.01883,-12.17185],[-77.0203,-12.17316],[-77.02589,-12.16732],[-77.02251,-12.16407],[-77.02252,-12.16385],[-77.02369,-12.16219],[-77.02282,-12.15558],[-77.02323,-12.1541],[-77.02161,-12.14941],[-77.02291,-12.14607],[-77.02332,-12.14126],[-77.02224,-12.14116],[-77.02225,-12.14103],[-77.02282,-12.13606],[-77.02343,-12.13389],[-77.0238,-12.12952],[-77.02437,-12.1269],[-77.02442,-12.12562]],[[-77.02589,-12.16732],[-77.02821,-12.1695]],[[-77.02369,-12.13937],[-77.02346,-12.14005],[-77.02332,-12.14126]],[[-77.02521,-12.12208],[-77.02444,-12.12535]],[[-77.02888,-12.1193],[-77.02869,-12.11916],[-77.02611,-12.1192]],[[-77.02926,-12.1192],[-77.02914,-12.11949],[-77.02892,-12.11939],[-77.02893,-12.11901],[-77.02918,-12.11903]],[[-77.03231,-12.0997],[-77.02921,-12.118],[-77.02916,-12.119]],[[-77.03359,-12.09237],[-77.03341,-12.0925],[-77.0332,-12.09369],[-77.03257,-12.0981]],[[-77.03745,-12.0649],[-77.03362,-12.09084],[-77.03347,-12.09209],[-77.03362,-12.09225]],[[-77.03945,-12.06473],[-77.03935,-12.06487],[-77.03912,-12.0649],[-77.03896,-12.06461],[-77.03924,-12.06442],[-77.03939,-12.06451],[-77.03945,-12.06473],[-77.03988,-12.06458],[-77.0442,-12.06516],[-77.0443,-12.06576],[-77.05273,-12.07592],[-77.05371,-12.07514],[-77.05396,-12.07511],[-77.0569,-12.07276],[-77.05798,-12.07221],[-77.05903,-12.07188],[-77.06042,-12.07161],[-77.06172,-12.07163],[-77.0642,-12.07216],[-77.06622,-12.07243],[-77.06739,-12.07244],[-77.07085,-12.07199],[-77.07798,-12.0704],[-77.07789,-12.06832],[-77.07802,-12.06593],[-77.07926,-12.06014]],[[-77.0442,-12.06516],[-77.04418,-12.06506]],[[-77.05273,-12.07592],[-77.04864,-12.07926]],[[-77.08084,-12.05601],[-77.08118,-12.05578]],[[-77.0854,-12.05127],[-77.08521,-12.05235]],[[-77.07741,-12.04976],[-77.07872,-12.04998]],[[-77.07817,-12.04957],[-77.07829,-12.04998],[-77.07817,-12.04957]],[[-77.07766,-12.03646],[-77.07677,-12.0464],[-77.07704,-12.04754],[-77.07817,-12.04957]],[[-77.07786,-12.0357],[-77.07788,-12.03587],[-77.07773,-12.03598]],[[-77.06163,-12.00836],[-77.06485,-12.00901],[-77.07056,-12.0109],[-77.07013,-12.01225],[-77.07011,-12.0127],[-77.07019,-12.0131],[-77.07067,-12.01387],[-77.07366,-12.01782],[-77.07639,-12.01925],[-77.07476,-12.02226],[-77.07452,-12.02324],[-77.07461,-12.02408],[-77.07668,-12.02927]],[[-77.06159,-12.00829],[-77.06166,-12.00861],[-77.06148,-12.00888],[-77.06114,-12.00894],[-77.06087,-12.00875],[-77.06082,-12.00845],[-77.06099,-12.0082],[-77.06131,-12.00813],[-77.06159,-12.00829],[-77.06171,-12.00771],[-77.06215,-12.00466],[-77.06231,-12.00442],[-77.06217,-12.00329],[-77.06295,-11.99768],[-77.06347,-11.9969],[-77.0644,-11.9907],[-77.06459,-11.99036]],[[-77.06215,-12.00466],[-77.06175,-12.00466],[-77.06159,-12.00432],[-77.06182,-12.00403],[-77.0622,-12.00411]],[[-77.10544,-11.98937],[-77.10401,-11.98943],[-77.09726,-11.99032]],[[-77.11797,-11.974],[-77.11503,-11.979],[-77.11495,-11.97944],[-77.11462,-11.98135],[-77.1147,-11.98191],[-77.11608,-11.98504],[-77.116,-11.98579],[-77.11443,-11.98808],[-77.11415,-11.99413],[-77.11347,-11.99567],[-77.10977,-12.0028],[-77.1062,-12.01006],[-77.09884,-12.00652],[-77.10404,-11.99602],[-77.10485,-11.9951],[-77.10497,-11.99419],[-77.10631,-11.99139],[-77.10695,-11.99068],[-77.10532,-11.98912],[-77.10489,-11.98917]],[[-77.09722,-11.99004],[-77.1052,-11.98903]]]}},{"type":"Feature","properties":{"id":"relation/4476395","nombre":"X-IM22-I","distrito":"Bellavista","tipo":"osm"},"geometry":{"type":"MultiLineString","coordinates":[[[-77.04151,-12.0597],[-77.04188,-12.0598],[-77.0421,-12.06019],[-77.04198,-12.06058],[-77.04161,-12.06078],[-77.04116,-12.06063],[-77.041,-12.0602],[-77.04111,-12.05991],[-77.04151,-12.0597],[-77.04159,-12.0595],[-77.04162,-12.05808],[-77.04256,-12.04693],[-77.04233,-12.04637],[-77.04268,-12.04581],[-77.04282,-12.044],[-77.04245,-12.04334],[-77.04253,-12.04311],[-77.04278,-12.04295],[-77.04324,-12.04299],[-77.0437,-12.04322],[-77.05085,-12.04391],[-77.05148,-12.04415],[-77.0523,-12.04425],[-77.09831,-12.04838]],[[-77.0755,-12.02587],[-77.08008,-12.02421],[-77.0899,-12.01944],[-77.09004,-12.01924],[-77.09135,-12.01856],[-77.09186,-12.01804],[-77.09272,-12.01674],[-77.0952,-12.01833],[-77.09591,-12.01909],[-77.09635,-12.01982],[-77.09663,-12.01994],[-77.09697,-12.01975],[-77.09812,-12.01719],[-77.10615,-12.00106],[-77.1095,-12.00278],[-77.11257,-11.99681],[-77.10695,-11.99068]],[[-77.11495,-11.98715],[-77.11587,-11.98575],[-77.11594,-11.98508],[-77.11458,-11.98202],[-77.1145,-11.98142],[-77.11494,-11.97894],[-77.11784,-11.97396]],[[-77.11257,-11.99681],[-77.11403,-11.99409],[-77.1143,-11.9881]],[[-77.06645,-12.02818],[-77.06763,-12.02781],[-77.06879,-12.02798],[-77.06991,-12.02833],[-77.07099,-12.02776],[-77.0742,-12.02649],[-77.07508,-12.026]],[[-77.06491,-12.04544],[-77.06523,-12.04503],[-77.0661,-12.0363],[-77.066,-12.03579],[-77.06512,-12.03413],[-77.06481,-12.03207],[-77.06689,-12.0318]],[[-77.04345,-12.04312],[-77.04353,-12.04337],[-77.04341,-12.04371],[-77.04319,-12.0438],[-77.04267,-12.04374]],[[-77.0426,-12.04601],[-77.04298,-12.04604],[-77.04318,-12.0464],[-77.04296,-12.04675],[-77.0425,-12.04672]],[[-77.00061,-12.12858],[-77.0006,-12.12805],[-76.99832,-12.12223],[-76.99818,-12.12146],[-76.99815,-12.1199],[-76.9984,-12.11814],[-76.9997,-12.11344],[-77.00014,-12.11123],[-77.00416,-12.08294],[-77.00464,-12.08188],[-77.00568,-12.08088],[-77.00658,-12.08045],[-77.00867,-12.07984],[-77.00933,-12.07948],[-77.0101,-12.07856],[-77.01028,-12.07756],[-77.01054,-12.07809],[-77.01096,-12.07798],[-77.011,-12.07762],[-77.01086,-12.07708],[-77.01068,-12.07685],[-77.0105,-12.07682],[-77.01071,-12.07659],[-77.0108,-12.07617],[-77.01137,-12.07177],[-77.01206,-12.07209],[-77.01401,-12.07258],[-77.01555,-12.06133],[-77.03373,-12.06369],[-77.03471,-12.06112],[-77.03534,-12.06036],[-77.03546,-12.05948],[-77.03565,-12.05929],[-77.03595,-12.05929],[-77.03688,-12.05973],[-77.04103,-12.06005]],[[-77.01028,-12.07756],[-77.0102,-12.07709],[-77.0105,-12.07682]],[[-77.00109,-12.12833],[-77.00142,-12.12847],[-77.00158,-12.12887],[-77.00141,-12.12922],[-77.00103,-12.12935],[-77.00063,-12.12913],[-77.00054,-12.12878],[-77.00076,-12.12842],[-77.00109,-12.12833]],[[-76.99963,-12.13109],[-77.00072,-12.1294]],[[-76.97173,-12.15389],[-76.97994,-12.15053],[-76.98188,-12.15011],[-76.98279,-12.14973],[-76.98434,-12.14893],[-76.98499,-12.14848],[-76.98535,-12.14798],[-76.98701,-12.14708],[-76.98751,-12.14658],[-76.99003,-12.14333],[-76.99205,-12.14132],[-76.99324,-12.1399],[-76.99958,-12.13091]],[[-76.98095,-12.13821],[-76.9823,-12.14589],[-76.98264,-12.14692]],[[-76.95668,-12.16047],[-76.95789,-12.15955],[-76.96817,-12.15538]],[[-76.95651,-12.19124],[-76.96225,-12.18151],[-76.96261,-12.17969],[-76.96234,-12.17336],[-76.9599,-12.16261],[-76.95872,-12.15973],[-76.95834,-12.15936]],[[-76.93235,-12.23149],[-76.95529,-12.19329]],[[-76.95498,-12.21728],[-76.93976,-12.2084]],[[-76.93738,-12.23764],[-76.93983,-12.23592],[-76.94059,-12.23525],[-76.95699,-12.2078]],[[-76.94733,-12.23011],[-76.94088,-12.22631]],[[-76.94638,-12.22951],[-76.94499,-12.23181]]]}},{"type":"Feature","properties":{"id":"relation/4476425","nombre":"X-IM24-I","distrito":"Bellavista","tipo":"osm"},"geometry":{"type":"MultiLineString","coordinates":[[[-76.9976,-12.04034],[-76.99773,-12.04028],[-76.99774,-12.04012],[-76.9975,-12.03993],[-76.99742,-12.04013],[-76.9976,-12.04034],[-76.99754,-12.04274],[-76.99802,-12.04436],[-77.00342,-12.05209],[-77.00379,-12.05287],[-77.00422,-12.05464],[-77.00451,-12.0552],[-77.00768,-12.05915],[-77.00813,-12.05937],[-77.00769,-12.05996],[-77.00671,-12.06072],[-77.00577,-12.06112],[-77.00446,-12.06208],[-77.00255,-12.0629]],[[-77.09451,-12.02986],[-77.09573,-12.02957],[-77.09656,-12.02889],[-77.1095,-12.00278]],[[-77.099,-12.03617],[-77.09777,-12.03589],[-77.09709,-12.03538],[-77.09438,-12.02987]],[[-77.0991,-12.03997],[-77.09932,-12.03562],[-77.09973,-12.03419],[-77.10006,-12.03339],[-77.10044,-12.03297],[-77.10303,-12.02776],[-77.1033,-12.02745],[-77.10508,-12.02427],[-77.10517,-12.02376],[-77.10558,-12.02284]],[[-77.08155,-12.03654],[-77.098,-12.03967],[-77.09975,-12.04041],[-77.1025,-12.04118],[-77.10882,-12.04199]],[[-77.03807,-12.0801],[-77.04217,-12.07958],[-77.04208,-12.07649],[-77.04878,-12.07747],[-77.05291,-12.07415],[-77.0531,-12.07405],[-77.05389,-12.07501],[-77.05683,-12.07267],[-77.05787,-12.07213],[-77.05902,-12.07176],[-77.06037,-12.0715],[-77.0615,-12.07152],[-77.0653,-12.07221],[-77.06738,-12.07234],[-77.07107,-12.07185],[-77.07786,-12.07033],[-77.07773,-12.06832],[-77.07779,-12.06676],[-77.07836,-12.06324],[-77.0798,-12.05737],[-77.08015,-12.05667],[-77.08088,-12.05585],[-77.0782,-12.05173],[-77.07807,-12.05127],[-77.07798,-12.04951],[-77.07688,-12.04752],[-77.07666,-12.04647],[-77.07754,-12.0358],[-77.07815,-12.03495],[-77.07833,-12.0344],[-77.07828,-12.0339],[-77.07756,-12.03198]],[[-77.07771,-12.03563],[-77.07786,-12.0357],[-77.07788,-12.03587],[-77.0776,-12.03593]],[[-77.04217,-12.07958],[-77.04239,-12.07957]],[[-77.03817,-12.06764],[-77.03632,-12.07983]],[[-77.00627,-12.06402],[-77.00673,-12.06451],[-77.00749,-12.06498],[-77.00965,-12.06537],[-77.00936,-12.06773],[-77.01213,-12.06808],[-77.012,-12.06918],[-77.01684,-12.06978],[-77.01699,-12.0687],[-77.03167,-12.07057],[-77.03092,-12.0728],[-77.0302,-12.07697],[-77.03661,-12.07789]],[[-77.00519,-12.06461],[-77.00486,-12.06415]],[[-77.00459,-12.06433],[-77.00329,-12.0626]],[[-76.98862,-12.03963],[-76.99057,-12.03959],[-76.99299,-12.03975],[-76.99558,-12.04022],[-76.99662,-12.03999],[-76.99744,-12.03997]],[[-76.9879,-12.03958],[-76.9857,-12.03987],[-76.98085,-12.04097]],[[-76.98226,-12.04067],[-76.98229,-12.04151],[-76.98115,-12.04377],[-76.98074,-12.04451],[-76.98004,-12.04502]],[[-76.97448,-12.04234],[-76.9755,-12.04394],[-76.97823,-12.04225],[-76.9803,-12.04543],[-76.98131,-12.04676]],[[-76.97525,-12.04185],[-76.97425,-12.04249],[-76.97352,-12.04095],[-76.97145,-12.04002]],[[-76.96855,-12.04674],[-76.97211,-12.03847]],[[-76.94317,-12.03088],[-76.94387,-12.03102],[-76.95618,-12.03517],[-76.958,-12.03523],[-76.96113,-12.03634],[-76.97134,-12.04058]],[[-76.94309,-12.03086],[-76.94279,-12.03211],[-76.94215,-12.03366]],[[-76.92008,-12.03598],[-76.92084,-12.03512],[-76.92137,-12.03423],[-76.92258,-12.03029],[-76.92316,-12.02951],[-76.92391,-12.02887],[-76.92341,-12.02834],[-76.92373,-12.02769],[-76.92783,-12.03016],[-76.9349,-12.03251],[-76.94223,-12.03348]],[[-76.92373,-12.02769],[-76.92492,-12.02505]]]}},{"type":"Feature","properties":{"id":"relation/4476477","nombre":"X-IM25-I","distrito":"Bellavista","tipo":"osm"},"geometry":{"type":"MultiLineString","coordinates":[[[-77.11016,-11.99419],[-77.10711,-11.99084],[-77.10561,-11.98937],[-77.10192,-11.98623],[-77.09258,-11.97785],[-77.0887,-11.97466],[-77.08788,-11.97422]],[[-77.03072,-12.0737],[-77.03484,-12.0743],[-77.03543,-12.06973],[-77.0364,-12.06408]],[[-77.03243,-12.09087],[-77.03348,-12.08334],[-77.0269,-12.08242]],[[-77.03348,-12.08334],[-77.03484,-12.0743],[-77.03906,-12.0749],[-77.04208,-12.07508],[-77.04269,-12.07509],[-77.04303,-12.07482],[-77.04396,-12.07483]],[[-77.08315,-11.97667],[-77.07736,-11.96376],[-77.08102,-11.9622],[-77.08166,-11.96203],[-77.08415,-11.96227]],[[-77.0878,-11.97422],[-77.08583,-11.97581],[-77.08486,-11.97628],[-77.07446,-11.97864],[-77.07349,-11.97871],[-77.07241,-11.97856]],[[-77.0776,-12.03174],[-77.08969,-12.03037],[-77.08743,-12.02501],[-77.08578,-12.02143],[-77.0899,-12.01944],[-77.09004,-12.01924],[-77.09108,-12.01875],[-77.09186,-12.01804],[-77.09272,-12.01674],[-77.0952,-12.01833],[-77.09591,-12.01909],[-77.09635,-12.01982],[-77.09663,-12.01994],[-77.09697,-12.01975],[-77.09792,-12.01761],[-77.10464,-12.00401],[-77.10893,-11.99568],[-77.10937,-11.9949],[-77.11034,-11.99411]],[[-77.07595,-12.03175],[-77.07748,-12.03175]],[[-77.08084,-12.05601],[-77.08084,-12.05567],[-77.08038,-12.05517],[-77.0782,-12.05173],[-77.07807,-12.05127],[-77.07798,-12.04951],[-77.07684,-12.04736],[-77.07666,-12.04619],[-77.07754,-12.0358],[-77.07776,-12.03563],[-77.07788,-12.03587],[-77.07759,-12.03592],[-77.07788,-12.03587],[-77.07786,-12.0357],[-77.07771,-12.03563],[-77.07824,-12.03476],[-77.07833,-12.03424],[-77.07756,-12.03198],[-77.07594,-12.03199]],[[-77.07771,-12.03563],[-77.07756,-12.03572],[-77.07756,-12.03588],[-77.07756,-12.03572],[-77.07771,-12.03563],[-77.07786,-12.0357],[-77.07788,-12.03587],[-77.0776,-12.03593]],[[-77.05028,-12.07297],[-77.04704,-12.06906],[-77.0514,-12.06557],[-77.04839,-12.06199],[-77.04806,-12.06195],[-77.04806,-12.06163],[-77.04584,-12.05889],[-77.05155,-12.05716],[-77.05166,-12.05707],[-77.05111,-12.05523],[-77.05623,-12.05566],[-77.05772,-12.05567],[-77.06154,-12.05639],[-77.06412,-12.05704],[-77.06552,-12.05717],[-77.06821,-12.05782],[-77.07155,-12.05838],[-77.07803,-12.05989]],[[-77.04419,-12.07504],[-77.04772,-12.07502],[-77.05133,-12.07214]],[[-76.98277,-12.07486],[-76.98271,-12.07471],[-76.98412,-12.07451],[-76.98772,-12.0735],[-76.98823,-12.07292],[-76.98881,-12.07154],[-76.98868,-12.07061],[-76.98953,-12.07065],[-76.99307,-12.07267],[-76.98917,-12.07764],[-76.99346,-12.08082],[-76.99588,-12.08153],[-76.99866,-12.08308],[-76.99943,-12.08331],[-77.0101,-12.08481],[-77.01097,-12.08466],[-77.01725,-12.08181],[-77.01909,-12.08117],[-77.02098,-12.08118],[-77.0263,-12.0823]],[[-76.99307,-12.07267],[-76.99328,-12.07279]],[[-76.98868,-12.07061],[-76.98863,-12.0704]],[[-76.97556,-12.07626],[-76.97807,-12.07521],[-76.97854,-12.07484],[-76.98156,-12.07485],[-76.98271,-12.07471],[-76.98139,-12.07147],[-76.97498,-12.06891],[-76.97726,-12.0635],[-76.97755,-12.06235],[-76.97772,-12.06228],[-76.97859,-12.06073],[-76.9691,-12.05657]],[[-76.98139,-12.07147],[-76.98232,-12.0716],[-76.98676,-12.07156],[-76.98861,-12.07207]],[[-76.97263,-12.04869],[-76.96906,-12.05668]],[[-76.97428,-12.04495],[-76.97266,-12.04862]],[[-76.97224,-12.03857],[-76.97018,-12.04331],[-76.97415,-12.0449]],[[-76.97018,-12.04331],[-76.96867,-12.04681]],[[-76.96284,-12.03704],[-76.97134,-12.04058]],[[-76.96069,-12.04074],[-76.96134,-12.03915],[-76.96228,-12.03805],[-76.96269,-12.0371]],[[-76.949,-12.03568],[-76.96074,-12.04062]],[[-76.951,-12.02938],[-76.94911,-12.0359]],[[-76.95033,-12.02917],[-76.95026,-12.02941],[-76.94929,-12.02911],[-76.94522,-12.02846]],[[-76.94508,-12.0288],[-76.94537,-12.028]],[[-76.94419,-12.02779],[-76.94778,-12.02839],[-76.95083,-12.02934],[-76.95291,-12.02981],[-76.95391,-12.02985],[-76.95573,-12.02966],[-76.96044,-12.03042],[-76.96241,-12.0312],[-76.96466,-12.03279]]]}},{"type":"Feature","properties":{"id":"relation/4476537","nombre":"X-IM26-I","distrito":"Bellavista","tipo":"osm"},"geometry":{"type":"MultiLineString","coordinates":[[[-77.09085,-11.9507],[-77.08925,-11.94947],[-77.08854,-11.94872],[-77.09167,-11.94541],[-77.08934,-11.94334],[-77.08742,-11.94531],[-77.08596,-11.94579],[-77.08542,-11.9461],[-77.08496,-11.94478],[-77.08403,-11.94512],[-77.08116,-11.9466],[-77.08082,-11.94713],[-77.08058,-11.94869],[-77.07696,-11.94751],[-77.07561,-11.95616],[-77.07572,-11.95798],[-77.07617,-11.96097],[-77.08315,-11.97667]],[[-77.0878,-11.97422],[-77.08583,-11.97581],[-77.08486,-11.97628],[-77.07446,-11.97864],[-77.07349,-11.97871],[-77.07241,-11.97856]],[[-77.0632,-12.08627],[-77.06415,-12.08547],[-77.06458,-12.08432],[-77.06521,-12.08375],[-77.07923,-12.07863],[-77.08056,-12.07826],[-77.0817,-12.07811],[-77.09061,-12.07793],[-77.09219,-12.0777],[-77.0933,-12.07734],[-77.09821,-12.07499],[-77.09869,-12.07447],[-77.09899,-12.0739],[-77.09905,-12.07289],[-77.09738,-12.06734],[-77.09709,-12.06252],[-77.09823,-12.0515],[-77.09829,-12.04861],[-77.09851,-12.04606],[-77.09865,-12.04527],[-77.09894,-12.04501],[-77.09903,-12.04475],[-77.09892,-12.0442],[-77.09905,-12.04252],[-77.09892,-12.04196],[-77.09933,-12.0355],[-77.10006,-12.03339],[-77.10044,-12.03297],[-77.10303,-12.02776],[-77.1033,-12.02745],[-77.10508,-12.02427],[-77.10591,-12.02174],[-77.10612,-12.02144],[-77.10656,-12.02117],[-77.10746,-12.01948],[-77.10762,-12.01874],[-77.10839,-12.01713],[-77.10879,-12.01673],[-77.11032,-12.01359],[-77.11097,-12.01296],[-77.11121,-12.01179],[-77.11215,-12.0096],[-77.11315,-12.00775],[-77.11432,-12.00515],[-77.1155,-12.00316],[-77.11553,-12.00266],[-77.11613,-12.00143],[-77.11614,-12.00081],[-77.11589,-12.00023],[-77.10612,-11.98984],[-77.10192,-11.98623],[-77.09258,-11.97785],[-77.0887,-11.97466],[-77.08788,-11.97422]],[[-77.04205,-12.06],[-77.04198,-12.06073],[-77.06313,-12.08632]],[[-77.04192,-12.06064],[-77.04143,-12.06077],[-77.04107,-12.06051],[-77.04103,-12.06005],[-77.04142,-12.05971]],[[-77.01231,-12.03209],[-77.01258,-12.03306],[-77.0128,-12.0351],[-77.01329,-12.03705],[-77.01346,-12.03727],[-77.01435,-12.03771],[-77.01769,-12.04022],[-77.01943,-12.04078],[-77.0218,-12.04183],[-77.02285,-12.0425],[-77.02384,-12.04253],[-77.02404,-12.0427],[-77.03035,-12.0546],[-77.03042,-12.05519],[-77.02994,-12.05894],[-77.03513,-12.05961],[-77.03584,-12.05927],[-77.03688,-12.05973],[-77.04103,-12.06005]],[[-76.989,-11.93245],[-76.98888,-11.93402],[-76.98916,-11.93781],[-76.98956,-11.93844],[-76.98216,-11.94344],[-76.98763,-11.95142],[-76.98763,-11.95205],[-76.98556,-11.95635],[-76.98557,-11.95676],[-76.99124,-11.96492],[-76.99632,-11.97181],[-76.99728,-11.97266],[-77.0027,-11.97652],[-77.00399,-11.97801],[-77.00439,-11.97857],[-77.00526,-11.98039],[-77.00681,-11.98471],[-77.01212,-11.98274],[-77.01325,-11.98221],[-77.01433,-11.9839],[-77.01546,-11.98486],[-77.01579,-11.98603],[-77.01547,-11.98947],[-77.0151,-11.99186],[-77.01532,-11.9929],[-77.01519,-11.99571],[-77.01554,-11.99679],[-77.01456,-11.99854],[-77.01248,-12.00351],[-77.01105,-12.00782],[-77.0128,-12.02261],[-77.01267,-12.02319],[-77.01217,-12.02421],[-77.012,-12.02524],[-77.0109,-12.02515],[-77.01024,-12.02576],[-77.01072,-12.0264],[-77.0116,-12.02836],[-77.01228,-12.03084],[-77.0123,-12.03206]]]}},{"type":"Feature","properties":{"id":"relation/4476549","nombre":"X-IM29-I","distrito":"Bellavista","tipo":"osm"},"geometry":{"type":"MultiLineString","coordinates":[[[-76.9976,-12.04034],[-76.99773,-12.04028],[-76.99774,-12.04012],[-76.9975,-12.03993],[-76.99742,-12.04013],[-76.9976,-12.04034],[-76.99754,-12.04274],[-76.99802,-12.04436],[-77.00342,-12.05209],[-77.00379,-12.05287],[-77.00422,-12.05464],[-77.00451,-12.0552],[-77.00768,-12.05915],[-77.00798,-12.05925],[-77.01347,-12.05492],[-77.01487,-12.05669]],[[-76.93468,-12.02721],[-76.93434,-12.02886],[-76.9383,-12.02966],[-76.94387,-12.03102],[-76.95618,-12.03517],[-76.958,-12.03523],[-76.96113,-12.03634],[-76.97134,-12.04058]],[[-77.13372,-12.05172],[-77.13377,-12.05135],[-77.13403,-12.05118],[-77.13437,-12.05125],[-77.13453,-12.05149],[-77.13447,-12.05179],[-77.13412,-12.05199],[-77.13347,-12.05157],[-77.12678,-12.05097],[-77.12623,-12.05109],[-77.12631,-12.0507],[-77.12596,-12.05046],[-77.12562,-12.05061],[-77.12557,-12.051],[-77.12514,-12.05082],[-77.10645,-12.04918]],[[-77.12623,-12.05109],[-77.12589,-12.05123],[-77.12557,-12.051]],[[-77.13172,-12.06951],[-77.12321,-12.07259],[-77.11948,-12.06605],[-77.11893,-12.06574],[-77.11876,-12.0653],[-77.1192,-12.0648],[-77.11994,-12.06474],[-77.12779,-12.05897],[-77.13234,-12.05946],[-77.13373,-12.05306],[-77.13385,-12.0519]],[[-77.11966,-12.06479],[-77.11994,-12.06511],[-77.1199,-12.06542],[-77.11962,-12.06572],[-77.11914,-12.06584]],[[-77.1223,-12.07293],[-77.11008,-12.07742],[-77.10448,-12.08054],[-77.08453,-12.08959],[-77.08415,-12.0899],[-77.07719,-12.09348],[-77.07494,-12.09423],[-77.07459,-12.09327],[-77.0725,-12.09403],[-77.07213,-12.09302],[-77.06941,-12.09398],[-77.04198,-12.06073],[-77.04205,-12.06]],[[-77.04192,-12.06064],[-77.04143,-12.06077],[-77.04107,-12.06051],[-77.04103,-12.06005],[-77.04142,-12.05971]],[[-77.0149,-12.05661],[-77.01664,-12.05726],[-77.03513,-12.05961],[-77.03584,-12.05927],[-77.03688,-12.05973],[-77.04103,-12.06005]],[[-76.98109,-12.04649],[-76.9822,-12.04551],[-76.98258,-12.04484],[-76.98332,-12.04296],[-76.9843,-12.04129],[-76.98411,-12.04023],[-76.98626,-12.03977],[-76.98815,-12.03958],[-76.99299,-12.03975],[-76.99558,-12.04022],[-76.99662,-12.03999],[-76.99744,-12.03997]],[[-76.97772,-12.04652],[-76.97823,-12.04558],[-76.97978,-12.04462],[-76.98131,-12.04676]],[[-76.96892,-12.04721],[-76.96953,-12.04728],[-76.97254,-12.04857],[-76.97415,-12.0449],[-76.97776,-12.04644]],[[-76.96885,-12.04876],[-76.96892,-12.0471],[-76.96867,-12.04681],[-76.97224,-12.03857]],[[-76.93434,-12.02886],[-76.93148,-12.02802],[-76.92797,-12.02773]]]}},{"type":"Feature","properties":{"id":"relation/4479736","nombre":"X-IM31-I","distrito":"Bellavista","tipo":"osm"},"geometry":{"type":"MultiLineString","coordinates":[[[-77.12696,-11.87406],[-77.12688,-11.87351],[-77.12673,-11.87337],[-77.12514,-11.87304],[-77.12529,-11.87171],[-77.12552,-11.87116],[-77.12476,-11.86422],[-77.12509,-11.85374],[-77.12301,-11.8537],[-77.11863,-11.85489],[-77.11871,-11.85518],[-77.11839,-11.85528],[-77.11855,-11.85595],[-77.11838,-11.85599],[-77.11864,-11.85688],[-77.12142,-11.85613]],[[-76.95727,-12.07064],[-76.95721,-12.07095],[-76.95731,-12.07124],[-76.95837,-12.07201],[-76.95954,-12.07275],[-76.96182,-12.07382],[-76.96284,-12.07454],[-76.96383,-12.07564],[-76.96537,-12.07846],[-76.96705,-12.08103],[-76.96776,-12.0817],[-76.96941,-12.08279],[-76.97016,-12.0829],[-76.97075,-12.08339],[-76.98058,-12.08475],[-76.98511,-12.08501],[-76.987,-12.08561],[-76.98874,-12.08593],[-76.99477,-12.08664],[-76.9962,-12.08648],[-76.99697,-12.08656],[-76.99846,-12.0872],[-77.00166,-12.08764],[-77.00217,-12.08763],[-77.00297,-12.08739],[-77.00346,-12.08743],[-77.00422,-12.08755],[-77.00524,-12.08809],[-77.00571,-12.08821],[-77.01345,-12.08928],[-77.0144,-12.08874],[-77.01516,-12.08637],[-77.01544,-12.08603],[-77.01665,-12.08831],[-77.01805,-12.08976],[-77.0188,-12.09017],[-77.05067,-12.09461],[-77.06289,-12.08662],[-77.06417,-12.08558],[-77.06439,-12.08518],[-77.06448,-12.08451],[-77.06475,-12.08409],[-77.06558,-12.08358],[-77.08025,-12.07833],[-77.08183,-12.0781],[-77.09061,-12.07793],[-77.09219,-12.0777],[-77.0933,-12.07734],[-77.09693,-12.07562],[-77.09821,-12.07499],[-77.0986,-12.0746],[-77.09899,-12.0739],[-77.09905,-12.07289],[-77.09738,-12.06734],[-77.09709,-12.06252],[-77.09823,-12.0515],[-77.09829,-12.04861],[-77.09851,-12.04606],[-77.09865,-12.04527],[-77.09894,-12.04501],[-77.09903,-12.04475],[-77.09892,-12.0442],[-77.09905,-12.04252],[-77.09892,-12.04196],[-77.09918,-12.03907],[-77.09932,-12.03562],[-77.09973,-12.03419],[-77.10006,-12.03339],[-77.10044,-12.03297],[-77.10303,-12.02776],[-77.1033,-12.02745],[-77.10508,-12.02427],[-77.10591,-12.02174],[-77.10612,-12.02144],[-77.10656,-12.02117],[-77.10746,-12.01948],[-77.10762,-12.01874],[-77.10839,-12.01713],[-77.10879,-12.01673],[-77.11032,-12.01359],[-77.11097,-12.01296],[-77.11121,-12.01179],[-77.11215,-12.0096],[-77.11315,-12.00775],[-77.11432,-12.00515],[-77.11538,-12.0034],[-77.11553,-12.00266],[-77.11605,-12.00172],[-77.11681,-12.00088],[-77.11812,-12.00006],[-77.11859,-11.99949],[-77.12458,-11.99744],[-77.12579,-11.99606],[-77.12593,-11.99566],[-77.12553,-11.99188],[-77.12488,-11.97568],[-77.12493,-11.97319],[-77.12521,-11.97035],[-77.12581,-11.96717],[-77.12637,-11.9652],[-77.13132,-11.95022],[-77.13168,-11.94837],[-77.13107,-11.93978],[-77.1307,-11.93687],[-77.1304,-11.93159],[-77.13002,-11.92848],[-77.12902,-11.9225],[-77.12875,-11.91888],[-77.1283,-11.91206],[-77.12863,-11.90771],[-77.12816,-11.90116],[-77.12697,-11.89762],[-77.12597,-11.8902],[-77.12602,-11.88826],[-77.12591,-11.88652],[-77.12619,-11.88464],[-77.1265,-11.87672],[-77.12696,-11.8741]],[[-76.9899,-12.08599],[-76.99043,-12.08608]],[[-76.97045,-12.0832],[-76.97033,-12.08364],[-76.97003,-12.08376],[-76.9698,-12.0837],[-76.96957,-12.08334],[-76.96984,-12.08292]],[[-76.9574,-12.07037],[-76.95732,-12.07034]],[[-76.94472,-12.05671],[-76.94242,-12.06066],[-76.9461,-12.06257],[-76.94907,-12.06252],[-76.95196,-12.06338],[-76.95342,-12.06503],[-76.95853,-12.06778],[-76.9572,-12.07062]],[[-76.94168,-12.05347],[-76.94152,-12.05375],[-76.94116,-12.05375],[-76.94081,-12.05312],[-76.94112,-12.05282],[-76.94173,-12.05294],[-76.94168,-12.05347],[-76.9422,-12.05449],[-76.94286,-12.05538],[-76.94372,-12.05614],[-76.95084,-12.05988],[-76.95392,-12.06119],[-76.95877,-12.06187],[-76.96083,-12.06263]],[[-76.89759,-12.01827],[-76.89783,-12.01859],[-76.89934,-12.0192],[-76.91856,-12.02539],[-76.91999,-12.02598],[-76.92288,-12.02774],[-76.92382,-12.02857],[-76.93591,-12.04278],[-76.93656,-12.04324],[-76.93778,-12.04372],[-76.93788,-12.04493],[-76.9377,-12.04561],[-76.93777,-12.04642],[-76.94133,-12.05283]]]}},{"type":"Feature","properties":{"id":"relation/4479831","nombre":"X-IM32-I","distrito":"Bellavista","tipo":"osm"},"geometry":{"type":"MultiLineString","coordinates":[[[-77.03817,-12.06764],[-77.03615,-12.08091],[-77.04099,-12.0816],[-77.0406,-12.08431],[-77.04861,-12.08541],[-77.04867,-12.08516],[-77.04883,-12.08507],[-77.04899,-12.08521],[-77.05093,-12.08536],[-77.05163,-12.08406],[-77.0561,-12.08766],[-77.05772,-12.08997],[-77.06289,-12.08662],[-77.06417,-12.08558],[-77.06439,-12.08518],[-77.06448,-12.08451],[-77.06475,-12.08409],[-77.06521,-12.08375],[-77.06632,-12.08331],[-77.06673,-12.08437],[-77.06766,-12.08404],[-77.06993,-12.09016],[-77.07024,-12.09033],[-77.07011,-12.09066],[-77.07114,-12.09338],[-77.07671,-12.09136],[-77.07702,-12.09139],[-77.08201,-12.08885],[-77.08291,-12.09053],[-77.08503,-12.08935],[-77.10533,-12.08009],[-77.10461,-12.07897],[-77.10749,-12.07736],[-77.10639,-12.07517],[-77.10472,-12.07134],[-77.10415,-12.06888],[-77.10395,-12.06712],[-77.10408,-12.06577],[-77.10462,-12.06315],[-77.10507,-12.05867],[-77.10573,-12.05559],[-77.10634,-12.04908],[-77.1152,-12.04996],[-77.11824,-12.05022],[-77.11825,-12.05012],[-77.10924,-12.04934],[-77.10962,-12.04583]],[[-77.13145,-11.94062],[-77.13408,-11.94043],[-77.13427,-11.94334]],[[-77.12602,-11.9975],[-77.12549,-11.99719],[-77.12539,-11.99688],[-77.12546,-11.99645],[-77.12586,-11.99593],[-77.12593,-11.99552],[-77.12553,-11.99188],[-77.12488,-11.97568],[-77.12493,-11.97319],[-77.12521,-11.97035],[-77.12581,-11.96717],[-77.12673,-11.96403],[-77.13161,-11.94908],[-77.13162,-11.94719],[-77.13107,-11.93978],[-77.13073,-11.93724]],[[-77.125,-11.99697],[-77.12546,-11.99645]],[[-77.12536,-11.99763],[-77.12273,-11.99869]],[[-77.12629,-11.99684],[-77.12694,-12.00246],[-77.12698,-12.00696],[-77.12927,-12.01847],[-77.12941,-12.02062]],[[-77.1252,-12.05263],[-77.12565,-12.05194],[-77.12573,-12.05141],[-77.12565,-12.05111],[-77.1261,-12.05119],[-77.12632,-12.05088],[-77.12615,-12.05053],[-77.1257,-12.05053],[-77.12592,-12.0501],[-77.12686,-12.03986],[-77.12694,-12.03865],[-77.12686,-12.03722],[-77.12715,-12.03478],[-77.12743,-12.03028],[-77.12881,-12.02383],[-77.12918,-12.02098],[-77.12905,-12.01858],[-77.1268,-12.00726],[-77.12667,-12.00087],[-77.12634,-11.99783],[-77.12612,-11.99752],[-77.12578,-11.99749]],[[-77.12565,-12.05111],[-77.12554,-12.05082],[-77.1257,-12.05053]],[[-77.11533,-12.04987],[-77.11477,-12.0588],[-77.11518,-12.05965],[-77.11906,-12.06479],[-77.11994,-12.06474],[-77.12839,-12.05859],[-77.12902,-12.05557],[-77.12484,-12.0552],[-77.12513,-12.05322],[-77.12542,-12.05276]],[[-77.11966,-12.06479],[-77.11994,-12.06511],[-77.1199,-12.06542],[-77.11962,-12.06572],[-77.11914,-12.06584],[-77.11886,-12.06566],[-77.11876,-12.0653],[-77.1192,-12.0648]],[[-77.10923,-12.04943],[-77.10645,-12.04918]],[[-77.11605,-12.04028],[-77.11579,-12.04579],[-77.11601,-12.04575],[-77.11638,-12.04599],[-77.1167,-12.04657],[-77.11841,-12.04755],[-77.11825,-12.05012]],[[-77.10721,-12.04554],[-77.10747,-12.04351],[-77.10925,-12.04374],[-77.10939,-12.04423],[-77.11557,-12.04262],[-77.12134,-12.04192],[-77.12575,-12.04029]],[[-77.07011,-12.09066],[-77.06989,-12.09067],[-77.06973,-12.09052],[-77.06975,-12.0903],[-77.06993,-12.09016]],[[-77.00974,-11.99732],[-77.00827,-12.00251],[-77.00284,-12.0111],[-77.0023,-12.01216],[-77.00197,-12.016],[-77.00217,-12.01735],[-77.00141,-12.01973],[-77.00204,-12.02509],[-77.00089,-12.02856],[-77.0005,-12.02924],[-77.00051,-12.02951],[-77.00064,-12.02973],[-77.00456,-12.03127],[-77.00591,-12.03196],[-77.00673,-12.03267],[-77.00976,-12.0346],[-77.01506,-12.03909],[-77.01689,-12.04033],[-77.02029,-12.04203],[-77.02093,-12.04211],[-77.02099,-12.04185],[-77.02054,-12.04149],[-77.02024,-12.04161],[-77.01945,-12.04333],[-77.01938,-12.04453],[-77.01948,-12.04477],[-77.01978,-12.04495],[-77.02081,-12.04468],[-77.02098,-12.04479],[-77.02246,-12.05032],[-77.02433,-12.0583],[-77.02418,-12.05851],[-77.02388,-12.05847],[-77.02373,-12.06109],[-77.02338,-12.06381],[-77.02267,-12.06372],[-77.0213,-12.0742],[-77.0228,-12.0745],[-77.02929,-12.07684],[-77.03661,-12.07789]],[[-77.01327,-11.98229],[-77.01186,-11.98299],[-77.00694,-11.98483],[-77.00761,-11.9862],[-77.01041,-11.98879],[-77.01093,-11.9897],[-77.01115,-11.99049],[-77.01133,-11.99149],[-77.01126,-11.99253],[-77.0099,-11.99718]],[[-76.99977,-11.95667],[-77.00249,-11.95705],[-77.00466,-11.95817],[-77.00923,-11.96517],[-77.00442,-11.96818],[-77.00536,-11.96938],[-77.00696,-11.97188],[-77.00705,-11.97229],[-77.01315,-11.98186],[-77.01325,-11.98221]]]}},{"type":"Feature","properties":{"id":"relation/4480094","nombre":"X-IM33-I","distrito":"Bellavista","tipo":"osm"},"geometry":{"type":"MultiLineString","coordinates":[[[-77.09711,-12.06229],[-77.09823,-12.0515],[-77.09832,-12.04819],[-77.09868,-12.04523],[-77.1041,-12.04544],[-77.10704,-12.04571],[-77.10721,-12.04554],[-77.10747,-12.04351],[-77.10925,-12.04374],[-77.10939,-12.04423],[-77.11557,-12.04262],[-77.12141,-12.0419],[-77.12686,-12.03986]],[[-77.10721,-12.04554],[-77.10736,-12.04565],[-77.10716,-12.04568]],[[-76.92797,-12.02773],[-76.93148,-12.02802],[-76.93349,-12.02868],[-76.9383,-12.02966],[-76.94387,-12.03102],[-76.95562,-12.03501],[-76.95618,-12.03517],[-76.958,-12.03523],[-76.96113,-12.03634],[-76.97134,-12.04058]],[[-77.12904,-12.02392],[-77.12985,-12.02409],[-77.13065,-12.02446],[-77.13078,-12.02474],[-77.13159,-12.02511],[-77.13377,-12.02426],[-77.13276,-12.02188]],[[-77.12667,-12.04193],[-77.12694,-12.03865],[-77.12686,-12.03722],[-77.12715,-12.03478],[-77.12743,-12.03028],[-77.12881,-12.02383]],[[-77.0991,-12.03997],[-77.09892,-12.04196],[-77.09905,-12.04252],[-77.09892,-12.0442],[-77.09903,-12.04475],[-77.09875,-12.04517],[-77.09939,-12.04525]],[[-77.09868,-12.04523],[-77.09875,-12.04517]],[[-77.07229,-12.05881],[-77.07225,-12.05864],[-77.07242,-12.05859],[-77.07435,-12.05899],[-77.08218,-12.06084],[-77.08675,-12.06148],[-77.0971,-12.06239]],[[-77.07496,-12.05942],[-77.07838,-12.06019],[-77.07883,-12.06089],[-77.07888,-12.06122],[-77.07836,-12.06324],[-77.07782,-12.06636],[-77.07773,-12.06832],[-77.07783,-12.07035],[-77.07083,-12.07189],[-77.06738,-12.07234],[-77.0653,-12.07221],[-77.06169,-12.07153],[-77.06037,-12.0715],[-77.05979,-12.0716],[-77.05787,-12.07213],[-77.05706,-12.07254],[-77.05389,-12.07501],[-77.05144,-12.07206],[-77.04772,-12.07502],[-77.04419,-12.07504]],[[-77.03807,-12.0801],[-77.04217,-12.07958],[-77.04198,-12.07508],[-77.04269,-12.07509],[-77.04303,-12.07482],[-77.04396,-12.07483]],[[-77.03817,-12.06764],[-77.0371,-12.07463],[-77.03906,-12.0749],[-77.04198,-12.07508]],[[-77.04217,-12.07958],[-77.04239,-12.07957]],[[-77.0371,-12.07463],[-77.03632,-12.07983]],[[-76.9976,-12.04034],[-76.99773,-12.04028],[-76.99774,-12.04012],[-76.9975,-12.03993],[-76.99742,-12.04013],[-76.9976,-12.04034],[-76.99754,-12.04274],[-76.99802,-12.04436],[-77.00342,-12.05209],[-77.00379,-12.05287],[-77.00422,-12.05464],[-77.00451,-12.0552],[-77.00768,-12.05915],[-77.00813,-12.05937],[-77.00769,-12.05996],[-77.00671,-12.06072],[-77.00577,-12.06112],[-77.00446,-12.06208],[-77.00255,-12.0629],[-77.00548,-12.06716],[-77.00619,-12.06794],[-77.01137,-12.07177],[-77.01206,-12.07209],[-77.01826,-12.07373],[-77.02259,-12.07444],[-77.02929,-12.07684],[-77.03661,-12.07789]],[[-76.97772,-12.04652],[-76.97823,-12.04558],[-76.97978,-12.04462],[-76.98131,-12.04676],[-76.98552,-12.04305],[-76.98644,-12.04201],[-76.987,-12.04119],[-76.98724,-12.04059],[-76.98707,-12.03968],[-76.9879,-12.03958],[-76.99083,-12.0396],[-76.99345,-12.03979],[-76.99558,-12.04022],[-76.99662,-12.03999],[-76.99744,-12.03997]],[[-76.97224,-12.03857],[-76.97018,-12.04331],[-76.97776,-12.04644]],[[-76.97018,-12.04331],[-76.96867,-12.04681]],[[-76.91601,-12.03878],[-76.91598,-12.03828],[-76.91618,-12.03803],[-76.91918,-12.03667],[-76.92008,-12.03598],[-76.92092,-12.03503],[-76.92149,-12.03393],[-76.92254,-12.03037],[-76.92303,-12.02965],[-76.92391,-12.02887],[-76.92341,-12.02834],[-76.92373,-12.02769],[-76.92778,-12.03013],[-76.93139,-12.03136],[-76.93213,-12.02822]],[[-76.92373,-12.02769],[-76.92492,-12.02505]]]}},{"type":"Feature","properties":{"id":"relation/4480192","nombre":"X-IM40-I","distrito":"Bellavista","tipo":"osm"},"geometry":{"type":"MultiLineString","coordinates":[[[-77.1078,-12.00499],[-77.10653,-12.0044]],[[-77.10896,-12.00264],[-77.10682,-12.00698]],[[-77.10759,-12.00541],[-77.10804,-12.00565],[-77.09665,-12.02873],[-77.09617,-12.02931],[-77.09549,-12.02967],[-77.09451,-12.02986],[-77.0776,-12.03174]],[[-77.07595,-12.03175],[-77.07748,-12.03175]],[[-77.05389,-12.07501],[-77.05683,-12.07267],[-77.05787,-12.07213],[-77.0595,-12.07166],[-77.06037,-12.0715],[-77.06169,-12.07153],[-77.0653,-12.07221],[-77.06738,-12.07234],[-77.07107,-12.07185],[-77.07787,-12.0703],[-77.07773,-12.06832],[-77.07779,-12.06676],[-77.07836,-12.06324],[-77.0798,-12.05737],[-77.08015,-12.05667],[-77.08088,-12.05585],[-77.0782,-12.05173],[-77.07807,-12.05127],[-77.07798,-12.04951],[-77.07684,-12.04736],[-77.07666,-12.04619],[-77.07754,-12.0358],[-77.07815,-12.03495],[-77.07833,-12.03424],[-77.07756,-12.03198],[-77.07594,-12.03199]],[[-77.07771,-12.03563],[-77.0779,-12.03579],[-77.07773,-12.03598],[-77.07754,-12.0358],[-77.07771,-12.03563]],[[-77.07771,-12.03563],[-77.07786,-12.0357],[-77.07788,-12.03587],[-77.0776,-12.03593]],[[-77.04419,-12.07504],[-77.04766,-12.07504],[-77.04794,-12.07485],[-77.04957,-12.07682],[-77.0541,-12.07327],[-77.05489,-12.07423]],[[-77.04396,-12.07483],[-77.04298,-12.07483],[-77.04264,-12.0751],[-77.03914,-12.0749],[-77.03072,-12.0737],[-77.03033,-12.0762]],[[-77.00255,-12.0629],[-77.00573,-12.06745],[-77.00643,-12.06816],[-77.00905,-12.0701],[-77.0092,-12.06882],[-77.01443,-12.06948],[-77.01467,-12.06837],[-77.03167,-12.07057],[-77.03072,-12.0737]],[[-76.99605,-12.06096],[-76.99584,-12.06007],[-76.99435,-12.05847],[-76.99345,-12.05846],[-76.99378,-12.06165],[-76.98934,-12.06209],[-76.98945,-12.06317],[-76.9894,-12.06406],[-76.99071,-12.0642],[-76.9968,-12.06371],[-77.00133,-12.06322],[-77.00238,-12.06285]],[[-76.98973,-12.06157],[-76.98958,-12.05967],[-76.98997,-12.05914],[-76.99082,-12.05872],[-76.99345,-12.05846]]]}},{"type":"Feature","properties":{"id":"relation/4486701","nombre":"X-IM41-I","distrito":"Bellavista","tipo":"osm"},"geometry":{"type":"MultiLineString","coordinates":[[[-77.12731,-11.87221],[-77.12744,-11.87151],[-77.12756,-11.87153]],[[-77.12669,-11.87895],[-77.12646,-11.87989],[-77.12629,-11.88433],[-77.12635,-11.88508],[-77.12615,-11.88656],[-77.12624,-11.89161],[-77.12705,-11.89761],[-77.12825,-11.90116],[-77.12878,-11.90818],[-77.12864,-11.9131],[-77.13062,-11.9319],[-77.13112,-11.93757],[-77.13185,-11.94885],[-77.1315,-11.95032],[-77.12653,-11.96525],[-77.12587,-11.96767],[-77.12524,-11.97147],[-77.12506,-11.97601],[-77.12577,-11.99239],[-77.12629,-11.99684],[-77.12578,-11.99749],[-77.12147,-11.99917],[-77.12117,-11.99912],[-77.1183,-12.0002],[-77.11692,-12.00101]],[[-77.0992,-12.04065],[-77.09924,-12.04021],[-77.09904,-12.04197],[-77.09916,-12.04246],[-77.09902,-12.04421],[-77.09913,-12.04475],[-77.09873,-12.04544],[-77.09847,-12.04822],[-77.09836,-12.05133],[-77.09792,-12.05488],[-77.09722,-12.06265],[-77.09741,-12.06655],[-77.0976,-12.06777],[-77.09915,-12.07271],[-77.10005,-12.07376],[-77.10008,-12.07427],[-77.09383,-12.07731],[-77.09246,-12.07779],[-77.09089,-12.07806],[-77.08185,-12.07828],[-77.08066,-12.07842],[-77.07805,-12.07923],[-77.06579,-12.08368],[-77.06487,-12.0842],[-77.06432,-12.08555],[-77.06295,-12.0867],[-77.05076,-12.09478],[-77.00011,-12.0877],[-76.99851,-12.08743],[-76.99702,-12.08678],[-76.99592,-12.08672],[-76.99471,-12.08688],[-76.98791,-12.086],[-76.98512,-12.08516],[-76.98147,-12.085],[-76.97059,-12.08363],[-76.96991,-12.08375],[-76.96959,-12.08345],[-76.96973,-12.08298],[-76.97005,-12.08288],[-76.97035,-12.08302],[-76.97047,-12.08332],[-76.97033,-12.08364]],[[-77.12677,-11.87865],[-77.12693,-11.87725],[-77.12681,-11.8757],[-77.12727,-11.8731],[-77.12692,-11.87307],[-77.12811,-11.86684],[-77.12849,-11.8522],[-77.12829,-11.8519],[-77.12181,-11.85175],[-77.12174,-11.85378],[-77.1215,-11.85413],[-77.12091,-11.85429]],[[-77.12552,-11.87116],[-77.12744,-11.87151]],[[-76.97045,-12.0832],[-76.97084,-12.08341],[-76.97929,-12.0846],[-76.98188,-12.08488],[-76.98511,-12.08501],[-76.98751,-12.08572],[-76.99397,-12.08668],[-76.99492,-12.08678],[-76.99603,-12.08659],[-76.99706,-12.08669],[-76.99874,-12.0874],[-77.0196,-12.0903],[-77.02001,-12.09027],[-77.05067,-12.09461],[-77.06289,-12.08662],[-77.06417,-12.08558],[-77.06439,-12.08518],[-77.06448,-12.08451],[-77.06475,-12.08409],[-77.06558,-12.08358],[-77.07986,-12.07843],[-77.0817,-12.07811],[-77.09061,-12.07793],[-77.09175,-12.07779],[-77.0933,-12.07734],[-77.09821,-12.07499],[-77.09888,-12.07414],[-77.09908,-12.07313],[-77.09738,-12.06734],[-77.0971,-12.06243],[-77.09823,-12.0515],[-77.09829,-12.04861],[-77.09851,-12.04606],[-77.09865,-12.04527],[-77.09894,-12.04501],[-77.09903,-12.04475],[-77.09892,-12.0442],[-77.09905,-12.04252],[-77.09892,-12.04196],[-77.09918,-12.03907],[-77.09932,-12.03562],[-77.09958,-12.03464],[-77.10006,-12.03339],[-77.10044,-12.03297],[-77.10303,-12.02776],[-77.1033,-12.02745],[-77.10508,-12.02427],[-77.10591,-12.02174],[-77.10612,-12.02144],[-77.10656,-12.02117],[-77.10746,-12.01948],[-77.10762,-12.01874],[-77.10839,-12.01713],[-77.10879,-12.01673],[-77.11032,-12.01359],[-77.11097,-12.01296],[-77.11121,-12.01179],[-77.11215,-12.0096],[-77.11315,-12.00775],[-77.11432,-12.00515],[-77.11538,-12.0034],[-77.11553,-12.00266],[-77.11605,-12.00172],[-77.11681,-12.00088],[-77.11812,-12.00006],[-77.11859,-11.99949],[-77.12112,-11.9986]],[[-77.1063,-12.02136],[-77.10656,-12.02158],[-77.10675,-12.02092],[-77.10756,-12.01942],[-77.10765,-12.01897],[-77.10854,-12.0172],[-77.10885,-12.0168],[-77.11004,-12.01449],[-77.11111,-12.01292],[-77.11123,-12.01205],[-77.11217,-12.00983],[-77.11456,-12.00499],[-77.11546,-12.00345],[-77.11578,-12.00236],[-77.11677,-12.00115]],[[-76.95727,-12.07064],[-76.95724,-12.07112],[-76.95753,-12.07141],[-76.95954,-12.07275],[-76.96182,-12.07382],[-76.96319,-12.07488],[-76.96383,-12.07564],[-76.96537,-12.07846],[-76.96705,-12.08103],[-76.96812,-12.08195],[-76.96941,-12.08279],[-76.96984,-12.08292]],[[-76.9574,-12.07037],[-76.95732,-12.07034]],[[-76.96957,-12.08334],[-76.96931,-12.08291],[-76.96749,-12.08174],[-76.96692,-12.08117],[-76.96486,-12.07807],[-76.96364,-12.07567],[-76.96285,-12.07479],[-76.96165,-12.07394],[-76.95655,-12.07159],[-76.95841,-12.06772],[-76.95853,-12.06778],[-76.9572,-12.07062]],[[-76.94472,-12.05671],[-76.94242,-12.06066],[-76.9461,-12.06257],[-76.94907,-12.06252],[-76.95196,-12.06338],[-76.95342,-12.06503],[-76.95841,-12.06772]],[[-76.94444,-12.05717],[-76.94343,-12.05662],[-76.94233,-12.05562],[-76.94081,-12.05312],[-76.94097,-12.05288],[-76.94122,-12.05281],[-76.94173,-12.05294],[-76.94168,-12.05347],[-76.9422,-12.05449],[-76.94286,-12.05538],[-76.94372,-12.05614],[-76.95043,-12.05969],[-76.95392,-12.06119],[-76.95877,-12.06187],[-76.96083,-12.06263]],[[-76.90083,-12.0144],[-76.89954,-12.01572],[-76.89833,-12.01634],[-76.89759,-12.01827],[-76.89775,-12.01854],[-76.89934,-12.0192],[-76.91912,-12.02561],[-76.91999,-12.02598],[-76.92268,-12.0276],[-76.92362,-12.02837],[-76.93591,-12.04278],[-76.93656,-12.04324],[-76.93778,-12.04372],[-76.93788,-12.04493],[-76.9377,-12.04561],[-76.93777,-12.04642],[-76.94133,-12.05283]],[[-76.93461,-12.04143],[-76.92391,-12.02887],[-76.92312,-12.02804],[-76.92142,-12.02693],[-76.91986,-12.02603],[-76.91856,-12.02549],[-76.89878,-12.01912],[-76.89545,-12.01791],[-76.89536,-12.01757],[-76.8959,-12.0162],[-76.89611,-12.01612],[-76.89757,-12.01642],[-76.89942,-12.01571],[-76.90138,-12.01372],[-76.90279,-12.01264],[-76.90453,-12.01155],[-76.90474,-12.01125],[-76.90506,-12.01012]],[[-76.90138,-12.0138],[-76.90122,-12.01391],[-76.90301,-12.01251]],[[-76.90304,-12.01255],[-76.90215,-12.01338],[-76.90108,-12.01414]],[[-76.94081,-12.05312],[-76.93727,-12.04665],[-76.93712,-12.04573],[-76.93745,-12.04445],[-76.93736,-12.04397],[-76.93708,-12.04367],[-76.93591,-12.04304],[-76.93453,-12.0415]],[[-76.94168,-12.05347],[-76.94152,-12.05375],[-76.94116,-12.05375]],[[-76.95847,-12.06792],[-76.95347,-12.06521],[-76.95279,-12.06462],[-76.9519,-12.0635],[-76.94909,-12.06264],[-76.94606,-12.0627],[-76.94206,-12.0606],[-76.94444,-12.05657]],[[-77.10656,-12.02158],[-77.10634,-12.02224],[-77.1056,-12.02312],[-77.10525,-12.02382],[-77.10516,-12.02446],[-77.10342,-12.02752],[-77.10307,-12.02789],[-77.10048,-12.03314],[-77.10022,-12.03338],[-77.09991,-12.03405],[-77.09946,-12.03547],[-77.09927,-12.03999]],[[-77.12688,-11.87351],[-77.12659,-11.87331],[-77.12514,-11.87304]]]}},{"type":"Feature","properties":{"id":"relation/4500153","nombre":"X-IM55_I","distrito":"Bellavista","tipo":"osm"},"geometry":{"type":"MultiLineString","coordinates":[[[-77.12189,-12.05578],[-77.12075,-12.05455],[-77.11993,-12.05407],[-77.11515,-12.05358],[-77.11474,-12.05827],[-77.11485,-12.05909],[-77.11892,-12.06468],[-77.11913,-12.0648],[-77.11966,-12.06479],[-77.11989,-12.06502],[-77.11995,-12.06525],[-77.11975,-12.06561],[-77.11914,-12.06584],[-77.11886,-12.06566],[-77.11876,-12.0653],[-77.1192,-12.0648]],[[-77.0669,-12.05182],[-77.0666,-12.05232],[-77.06616,-12.05257],[-77.0588,-12.05513],[-77.05684,-12.05561],[-77.05623,-12.05566],[-77.05111,-12.05523],[-77.05172,-12.05724],[-77.0421,-12.06014],[-77.04205,-12.06]],[[-77.03935,-12.06447],[-77.03943,-12.06478],[-77.03907,-12.06488],[-77.03898,-12.06455],[-77.03914,-12.06443],[-77.03935,-12.06447],[-77.03947,-12.06431],[-77.04128,-12.06088],[-77.04192,-12.06064],[-77.0421,-12.06014]],[[-77.04143,-12.06077],[-77.04111,-12.06057],[-77.041,-12.0602],[-77.04111,-12.05991],[-77.04142,-12.05971]],[[-77.06664,-12.05428],[-77.06925,-12.05457],[-77.06838,-12.05789],[-77.07889,-12.0603]],[[-77.06925,-12.05457],[-77.07075,-12.05472]],[[-77.06663,-12.05435],[-77.06684,-12.05249]],[[-77.06639,-12.05248],[-77.0669,-12.0525]],[[-77.07966,-12.07493],[-77.07887,-12.07405],[-77.07835,-12.07294],[-77.07826,-12.07187],[-77.07781,-12.06971],[-77.07777,-12.06696],[-77.07836,-12.06324],[-77.0798,-12.05737],[-77.08015,-12.05667],[-77.08084,-12.05601]],[[-77.11962,-12.06572],[-77.11959,-12.066],[-77.12251,-12.07111],[-77.12077,-12.07209],[-77.11738,-12.07338],[-77.11654,-12.07124],[-77.1118,-12.07299],[-77.11135,-12.07217],[-77.10992,-12.07117],[-77.10943,-12.07029],[-77.1036,-12.07256],[-77.09339,-12.07751],[-77.09211,-12.07788],[-77.09062,-12.07807],[-77.08453,-12.07821],[-77.08436,-12.07631],[-77.08382,-12.07464],[-77.07985,-12.07492]],[[-77.10008,-12.07427],[-77.09937,-12.07461]],[[-77.12631,-12.04699],[-77.12734,-12.04708],[-77.12825,-12.04697],[-77.12972,-12.04724],[-77.12825,-12.04697],[-77.12734,-12.04708],[-77.12631,-12.04699],[-77.12603,-12.05021],[-77.12615,-12.05053],[-77.12578,-12.05049],[-77.12554,-12.05082],[-77.12572,-12.05117],[-77.1261,-12.05119],[-77.12566,-12.05226],[-77.12538,-12.05265],[-77.1225,-12.05496],[-77.12198,-12.05581]],[[-77.12615,-12.05053],[-77.12632,-12.05082],[-77.1261,-12.05119]],[[-77.12725,-12.04499],[-77.12707,-12.04707]]]}},{"type":"Feature","properties":{"id":"relation/4510235","nombre":"X-CR10-I","distrito":"Bellavista","tipo":"osm"},"geometry":{"type":"MultiLineString","coordinates":[[[-77.04345,-12.04312],[-77.04352,-12.04349],[-77.04333,-12.04376],[-77.04273,-12.04377],[-77.04249,-12.04355],[-77.04253,-12.04311],[-77.04297,-12.04294],[-77.0437,-12.04322],[-77.05085,-12.04391],[-77.05148,-12.04415],[-77.0523,-12.04425],[-77.09831,-12.04838],[-77.09851,-12.04606],[-77.09791,-12.04577],[-77.09827,-12.04501],[-77.0985,-12.04521],[-77.09895,-12.04526],[-77.1041,-12.04544],[-77.10728,-12.04573],[-77.10762,-12.04353],[-77.10925,-12.04374],[-77.10941,-12.04433],[-77.11556,-12.04272],[-77.12136,-12.042],[-77.12574,-12.04042],[-77.12666,-12.04208]],[[-77.09875,-12.04517],[-77.09939,-12.04525]],[[-77.10716,-12.04568],[-77.10718,-12.04555],[-77.10734,-12.04557]],[[-77.13115,-12.02714],[-77.12798,-12.02852],[-77.12763,-12.03056],[-77.12798,-12.03212],[-77.12799,-12.03301],[-77.12769,-12.03426],[-77.12741,-12.03706],[-77.12718,-12.03813],[-77.12656,-12.04458]],[[-77.13653,-12.02211],[-77.13581,-12.02223],[-77.13204,-12.02374],[-77.13133,-12.02343],[-77.12905,-12.02806]]]}},{"type":"Feature","properties":{"id":"relation/4510633","nombre":"X-CR02-V","distrito":"Bellavista","tipo":"osm"},"geometry":{"type":"MultiLineString","coordinates":[[[-76.9632,-12.10263],[-76.96295,-12.10289],[-76.96301,-12.1033],[-76.96496,-12.10475],[-76.96536,-12.10486],[-76.96525,-12.10498],[-76.96531,-12.10512],[-76.96554,-12.10506],[-76.96651,-12.1059],[-76.97123,-12.10925],[-76.97259,-12.10974],[-77.02874,-12.11364],[-77.03699,-12.11402],[-77.02993,-12.11378]],[[-77.03699,-12.11402],[-77.03992,-12.11414],[-77.03732,-12.11082]],[[-77.13914,-12.05287],[-77.13866,-12.05276],[-77.13843,-12.05245],[-77.1385,-12.05198],[-77.1388,-12.05175],[-77.13933,-12.05175],[-77.13967,-12.05198],[-77.13978,-12.05231],[-77.1397,-12.05259],[-77.13946,-12.0528],[-77.13914,-12.05287],[-77.13976,-12.0529],[-77.13998,-12.05306],[-77.14202,-12.05558],[-77.14238,-12.05642],[-77.14282,-12.05938],[-77.14294,-12.06107],[-77.14276,-12.06207],[-77.14125,-12.06184],[-77.14114,-12.06405],[-77.13255,-12.06264],[-77.13134,-12.06304],[-77.1307,-12.06126],[-77.12715,-12.0625],[-77.12745,-12.06335]],[[-77.13172,-12.06951],[-77.12321,-12.07259],[-77.11952,-12.06611],[-77.11914,-12.06584],[-77.11975,-12.06561],[-77.11995,-12.06517],[-77.12022,-12.06547],[-77.12151,-12.06552],[-77.12685,-12.06359]],[[-77.11914,-12.06584],[-77.11877,-12.06547],[-77.11896,-12.06497],[-77.1192,-12.0648],[-77.11955,-12.06477],[-77.11975,-12.06485],[-77.11995,-12.06517]],[[-77.1223,-12.07293],[-77.11016,-12.07738],[-77.10448,-12.08054],[-77.08453,-12.08959],[-77.08415,-12.0899],[-77.07719,-12.09348],[-77.07286,-12.09501],[-77.07341,-12.09657],[-77.06248,-12.10033],[-77.06002,-12.10129],[-77.05932,-12.10177],[-77.0537,-12.10786],[-77.04861,-12.11299],[-77.04838,-12.11303],[-77.04713,-12.11183],[-77.04195,-12.11708]],[[-77.04266,-12.11872],[-77.04154,-12.11619],[-77.03992,-12.11414]],[[-76.96536,-12.10486],[-76.96551,-12.1049],[-76.96554,-12.10506]]]}},{"type":"Feature","properties":{"id":"relation/4511964","nombre":"X-CR14-I","distrito":"Bellavista","tipo":"osm"},"geometry":{"type":"MultiLineString","coordinates":[[[-77.11605,-12.00172],[-77.11553,-12.00266],[-77.11538,-12.0034],[-77.11432,-12.00515],[-77.11315,-12.00775],[-77.11215,-12.0096],[-77.11121,-12.01179],[-77.11097,-12.01296],[-77.11032,-12.01359],[-77.10879,-12.01673],[-77.10839,-12.01713],[-77.10762,-12.01874],[-77.10746,-12.01948],[-77.10656,-12.02117],[-77.1063,-12.02136],[-77.10656,-12.02158],[-77.10642,-12.02209],[-77.1056,-12.02312],[-77.10525,-12.02382],[-77.10516,-12.02446],[-77.10342,-12.02752],[-77.10307,-12.02789],[-77.10048,-12.03314],[-77.1001,-12.0336],[-77.09946,-12.03547],[-77.09933,-12.03924],[-77.09904,-12.04197],[-77.09916,-12.04246],[-77.09902,-12.04421],[-77.09913,-12.04475],[-77.09873,-12.04544],[-77.09847,-12.04822],[-77.09836,-12.05133],[-77.09792,-12.05488],[-77.09722,-12.06265],[-77.09741,-12.06655],[-77.0976,-12.06777],[-77.09915,-12.07271],[-77.10005,-12.07376],[-77.10008,-12.07427],[-77.09383,-12.07731],[-77.09246,-12.07779],[-77.09089,-12.07806],[-77.08185,-12.07828],[-77.08066,-12.07842],[-77.07887,-12.07895],[-77.06729,-12.08314],[-77.06993,-12.09016],[-77.07024,-12.09033],[-77.07023,-12.09055],[-77.07004,-12.09068],[-77.06983,-12.09064],[-77.06972,-12.09045],[-77.06993,-12.09016]],[[-77.07011,-12.09066],[-77.07245,-12.09692],[-77.06097,-12.101],[-77.05962,-12.1017],[-77.0527,-12.10906],[-77.04303,-12.1188],[-77.04266,-12.11872],[-77.04251,-12.11906],[-77.04041,-12.11908],[-77.04035,-12.11883],[-77.04008,-12.1187],[-77.03983,-12.11884],[-77.03979,-12.11909],[-77.02939,-12.11918],[-77.02926,-12.1192],[-77.02914,-12.11949],[-77.02892,-12.11939],[-77.02897,-12.11897],[-77.02914,-12.11899],[-77.02926,-12.1192]],[[-77.04041,-12.11908],[-77.0401,-12.11932],[-77.03979,-12.11909]],[[-77.04303,-12.1188],[-77.04308,-12.11903],[-77.04293,-12.11923],[-77.04267,-12.11923],[-77.04251,-12.11906]],[[-77.11034,-11.99411],[-77.10944,-11.99499],[-77.10882,-11.99616],[-77.09845,-12.01686],[-77.09987,-12.01839],[-77.10125,-12.01944],[-77.10568,-12.02163],[-77.10605,-12.02153]]]}},{"type":"Feature","properties":{"id":"relation/4521496","nombre":"X-IM50-I","distrito":"Bellavista","tipo":"osm"},"geometry":{"type":"MultiLineString","coordinates":[[[-77.0434,-12.04129],[-77.04324,-12.04284],[-77.04335,-12.04304],[-77.0437,-12.04322],[-77.05085,-12.04391],[-77.05148,-12.04415],[-77.0523,-12.04425],[-77.06131,-12.04511],[-77.09831,-12.04838]],[[-77.09029,-12.01949],[-77.09034,-12.01928],[-77.09012,-12.01921],[-77.09135,-12.01856],[-77.09186,-12.01804],[-77.09272,-12.01674],[-77.0952,-12.01833],[-77.09591,-12.01909],[-77.09635,-12.01982],[-77.09671,-12.01993],[-77.09697,-12.01975],[-77.09835,-12.01677],[-77.09987,-12.01839],[-77.10125,-12.01944],[-77.10568,-12.02163],[-77.10605,-12.02153]],[[-77.05033,-12.02707],[-77.05177,-12.02964],[-77.05007,-12.03018],[-77.0472,-12.03054],[-77.04683,-12.0307],[-77.04514,-12.03057],[-77.04507,-12.03149],[-77.04419,-12.03141],[-77.04336,-12.04086]],[[-77.04507,-12.03149],[-77.04474,-12.03493]],[[-77.04523,-12.0296],[-77.04514,-12.03057],[-77.04428,-12.03051]],[[-77.07684,-12.04736],[-77.07666,-12.04619],[-77.07754,-12.0358],[-77.07815,-12.03495],[-77.07833,-12.0344],[-77.07828,-12.0339],[-77.07748,-12.03175]],[[-77.07771,-12.03563],[-77.07786,-12.0357],[-77.07788,-12.03587],[-77.0776,-12.03593]],[[-77.04345,-12.04312],[-77.04352,-12.04349],[-77.04333,-12.04376],[-77.0428,-12.04379],[-77.04253,-12.04361],[-77.04246,-12.04328],[-77.04265,-12.043],[-77.04297,-12.04294],[-77.04335,-12.04304]],[[-77.0776,-12.03174],[-77.09401,-12.02991],[-77.09298,-12.02747],[-77.09075,-12.02297]],[[-77.1063,-12.02136],[-77.10656,-12.02117],[-77.10746,-12.01948],[-77.10762,-12.01874],[-77.10839,-12.01713],[-77.10879,-12.01673],[-77.11032,-12.01359],[-77.11097,-12.01296],[-77.11121,-12.01179],[-77.11215,-12.0096],[-77.11315,-12.00775],[-77.11432,-12.00515],[-77.11538,-12.0034],[-77.11553,-12.00266],[-77.11618,-12.00154],[-77.11681,-12.00088],[-77.11812,-12.00006],[-77.11859,-11.99949],[-77.12458,-11.99744],[-77.12579,-11.99606],[-77.12593,-11.99552],[-77.12555,-11.99208],[-77.12528,-11.98561]],[[-77.08993,-12.01933],[-77.09012,-12.01921]],[[-77.09026,-12.01977],[-77.09045,-12.02056],[-77.09151,-12.02265]]]}},{"type":"Feature","properties":{"id":"relation/4522126","nombre":"X-IM51_I","distrito":"Bellavista","tipo":"osm"},"geometry":{"type":"MultiLineString","coordinates":[[[-77.04584,-12.05889],[-77.05155,-12.05716],[-77.05166,-12.05707],[-77.05111,-12.05523],[-77.05623,-12.05566],[-77.05684,-12.05561],[-77.0588,-12.05513],[-77.06616,-12.05257],[-77.0666,-12.05232],[-77.0669,-12.05182],[-77.06663,-12.05435]],[[-77.06664,-12.05428],[-77.06925,-12.05457],[-77.06838,-12.05789],[-77.07889,-12.0603]],[[-77.06925,-12.05457],[-77.07075,-12.05472]],[[-77.07788,-12.07018],[-77.07773,-12.06832],[-77.07779,-12.06676],[-77.07836,-12.06324],[-77.0798,-12.05737],[-77.08015,-12.05667],[-77.08084,-12.05601]],[[-77.07966,-12.07493],[-77.07887,-12.07405],[-77.07847,-12.07335],[-77.07799,-12.0707]],[[-77.11914,-12.06584],[-77.11962,-12.06572],[-77.1199,-12.06542],[-77.11994,-12.06511],[-77.11966,-12.06479],[-77.1192,-12.0648],[-77.11896,-12.06497],[-77.11876,-12.0653],[-77.11881,-12.06558],[-77.11948,-12.06605],[-77.12239,-12.07117],[-77.12077,-12.07209],[-77.11738,-12.07338],[-77.11654,-12.07124],[-77.1118,-12.07299],[-77.11135,-12.07217],[-77.10992,-12.07117],[-77.10943,-12.07029],[-77.1036,-12.07256],[-77.09339,-12.07751],[-77.09211,-12.07788],[-77.09062,-12.07807],[-77.08453,-12.07821],[-77.08436,-12.07631],[-77.08382,-12.07464],[-77.07985,-12.07492]],[[-77.11886,-12.06508],[-77.11879,-12.06476],[-77.11491,-12.05952],[-77.11461,-12.05881],[-77.1152,-12.04996],[-77.10645,-12.04918]],[[-77.11824,-12.05022],[-77.1152,-12.04996]]]}},{"type":"Feature","properties":{"id":"relation/4522321","nombre":"X-IM52_I","distrito":"Bellavista","tipo":"osm"},"geometry":{"type":"MultiLineString","coordinates":[[[-76.99006,-12.01781],[-76.98995,-12.01728],[-76.98959,-12.01669],[-76.98662,-12.01455],[-76.98591,-12.01339],[-76.98555,-12.01302],[-76.98377,-12.0119],[-76.98261,-12.01149],[-76.98095,-12.01007],[-76.98004,-12.00995],[-76.97946,-12.01027],[-76.97934,-12.01083],[-76.97965,-12.01192],[-76.98194,-12.01417],[-76.98486,-12.01992],[-76.98617,-12.02104],[-76.98613,-12.02387],[-76.98943,-12.02427],[-76.99617,-12.02448],[-77.00039,-12.02538],[-76.99977,-12.02828],[-76.99971,-12.03014],[-76.99858,-12.03276],[-77.00618,-12.03589],[-77.00688,-12.03638],[-77.00693,-12.0365],[-77.0058,-12.03783],[-77.00477,-12.04166],[-77.01159,-12.0439],[-77.01238,-12.04442],[-77.01236,-12.04523],[-77.01283,-12.04948],[-77.01315,-12.0545]],[[-76.99151,-12.01421],[-76.99101,-12.0154],[-76.9906,-12.01584]],[[-77.02907,-12.06452],[-77.01536,-12.06275],[-77.01554,-12.06137],[-77.01605,-12.06011],[-77.01354,-12.05921],[-77.01462,-12.05666],[-77.01312,-12.05482]],[[-77.05807,-12.05574],[-77.06144,-12.05642],[-77.06175,-12.05491],[-77.06159,-12.05414],[-77.06639,-12.05248],[-77.06672,-12.05219],[-77.0669,-12.05182],[-77.06663,-12.05435]],[[-77.05684,-12.05561],[-77.05772,-12.05567]],[[-77.05622,-12.0559],[-77.05166,-12.05707],[-77.04444,-12.05931],[-77.05124,-12.06733],[-77.04785,-12.07003],[-77.0443,-12.06576],[-77.0442,-12.06516],[-77.03988,-12.06458],[-77.03945,-12.06473],[-77.03939,-12.06451],[-77.03924,-12.06442],[-77.03896,-12.06461],[-77.03912,-12.0649],[-77.03935,-12.06487],[-77.03945,-12.06473]],[[-77.0442,-12.06516],[-77.04418,-12.06506]],[[-77.03632,-12.06431],[-77.03613,-12.06411],[-77.0324,-12.06361],[-77.03223,-12.06376],[-77.03207,-12.06491],[-77.0292,-12.06454]],[[-77.03902,-12.06484],[-77.03632,-12.0644]],[[-77.0574,-12.05549],[-77.0588,-12.05513],[-77.06159,-12.05414]],[[-77.06664,-12.05428],[-77.07075,-12.05472]],[[-77.07074,-12.05479],[-77.07132,-12.04933],[-77.07712,-12.04992],[-77.10117,-12.05414]],[[-77.10777,-12.05552],[-77.10186,-12.05427]],[[-77.11533,-12.04987],[-77.11511,-12.05251],[-77.1152,-12.05306],[-77.11485,-12.05704],[-77.1129,-12.05662]],[[-77.10634,-12.04908],[-77.11825,-12.05012]]]}},{"type":"Feature","properties":{"id":"relation/4522665","nombre":"X-IM53_I","distrito":"Bellavista","tipo":"osm"},"geometry":{"type":"MultiLineString","coordinates":[[[-77.11565,-12.04581],[-77.11578,-12.04271],[-77.10941,-12.04433],[-77.1097,-12.04542],[-77.10962,-12.04583]],[[-77.06576,-12.0408],[-77.07008,-12.04125],[-77.07022,-12.04116],[-77.08584,-12.04245],[-77.08604,-12.04016],[-77.08744,-12.04085],[-77.08754,-12.04055],[-77.08764,-12.04068]],[[-77.04451,-12.05939],[-77.05674,-12.05576],[-77.05769,-12.0558],[-77.06009,-12.05631],[-77.06013,-12.05613],[-77.06144,-12.05642],[-77.06175,-12.05491],[-77.06159,-12.05414],[-77.06639,-12.05248],[-77.06672,-12.05219],[-77.0669,-12.05182],[-77.06663,-12.05435]],[[-77.0574,-12.05549],[-77.0588,-12.05513],[-77.06159,-12.05414]],[[-77.06664,-12.05428],[-77.07075,-12.05472]],[[-77.07074,-12.05479],[-77.07132,-12.04933],[-77.07525,-12.04971],[-77.0783,-12.05023]],[[-77.07766,-12.03646],[-77.07677,-12.04648],[-77.07704,-12.04754],[-77.07774,-12.04871],[-77.07829,-12.04998]],[[-77.08758,-12.04081],[-77.08744,-12.04085]],[[-77.10716,-12.04568],[-77.09875,-12.04517],[-77.09903,-12.04475],[-77.09892,-12.0442],[-77.09905,-12.0426],[-77.09892,-12.04196],[-77.099,-12.04063],[-77.0987,-12.04005],[-77.09842,-12.0399],[-77.08831,-12.03798],[-77.08762,-12.04056]],[[-77.08834,-12.03784],[-77.08831,-12.03798],[-77.08151,-12.03667]],[[-77.09849,-12.04054],[-77.0986,-12.04056]],[[-77.09848,-12.0406],[-77.09747,-12.04032],[-77.08623,-12.03815]],[[-77.0976,-12.03973],[-77.09747,-12.04032]],[[-77.07638,-12.03572],[-77.07326,-12.03512],[-77.07126,-12.03496],[-77.06921,-12.03504],[-77.06621,-12.03542]],[[-77.12718,-12.03813],[-77.12565,-12.03813],[-77.12082,-12.03983],[-77.11588,-12.04042],[-77.10904,-12.04206],[-77.10255,-12.04131],[-77.10038,-12.04069],[-77.099,-12.04063],[-77.0991,-12.03997]],[[-77.09939,-12.04525],[-77.09868,-12.04523],[-77.09875,-12.04517]],[[-77.09851,-12.04606],[-77.09868,-12.04523]]]}},{"type":"Feature","properties":{"id":"relation/4525304","nombre":"X-IM54_I","distrito":"Bellavista","tipo":"osm"},"geometry":{"type":"MultiLineString","coordinates":[[[-77.01057,-12.05727],[-77.00864,-12.05881],[-77.00769,-12.05996],[-77.00671,-12.06072],[-77.00577,-12.06112],[-77.00446,-12.06208],[-77.00175,-12.06322],[-77.00001,-12.06352],[-76.99307,-12.07267],[-76.98441,-12.08372],[-76.98376,-12.0864],[-76.98213,-12.08776],[-76.98141,-12.08883],[-76.98079,-12.09262],[-76.97738,-12.11723],[-76.97703,-12.12703],[-76.97734,-12.12867],[-76.97994,-12.13535],[-76.98057,-12.1374],[-76.98221,-12.14642],[-76.9837,-12.15124],[-76.98392,-12.15306],[-76.98378,-12.15531],[-76.97922,-12.17106],[-76.97369,-12.18847],[-76.97294,-12.19175],[-76.97258,-12.1921],[-76.97109,-12.19257],[-76.96711,-12.19332],[-76.96115,-12.19273]],[[-76.91248,-12.23969],[-76.91284,-12.24],[-76.92326,-12.24599],[-76.92497,-12.24695],[-76.92531,-12.24701]],[[-76.92772,-12.2289],[-76.9274,-12.22897],[-76.92219,-12.23767],[-76.91911,-12.24123],[-76.91798,-12.24313]],[[-76.92767,-12.22887],[-76.92743,-12.2286],[-76.92743,-12.2284],[-76.92757,-12.2283],[-76.92775,-12.22835],[-76.92796,-12.22866],[-76.92785,-12.22889],[-76.92767,-12.22887]],[[-76.95752,-12.19831],[-76.94876,-12.19321]],[[-76.95658,-12.19128],[-76.93242,-12.23155]],[[-76.92783,-12.22842],[-76.93261,-12.23122],[-76.93728,-12.2376]],[[-76.96102,-12.19282],[-76.95469,-12.20317],[-76.95331,-12.20564]],[[-76.96082,-12.19255],[-76.96109,-12.19248],[-76.96115,-12.19273],[-76.96091,-12.19281],[-76.96082,-12.19255]],[[-77.01228,-12.05589],[-77.01393,-12.05793],[-77.0143,-12.05807],[-77.01308,-12.06099],[-77.02134,-12.06209],[-77.01796,-12.06163]],[[-77.02134,-12.06209],[-77.03373,-12.06369],[-77.03471,-12.06112],[-77.03534,-12.06036],[-77.03546,-12.05948],[-77.03565,-12.05929],[-77.03595,-12.05929],[-77.03688,-12.05973],[-77.04103,-12.06005]],[[-77.05807,-12.05574],[-77.06154,-12.05639],[-77.06412,-12.05704],[-77.06552,-12.05717],[-77.06821,-12.05782],[-77.07155,-12.05838],[-77.08218,-12.06084],[-77.08675,-12.06148],[-77.10462,-12.06315],[-77.10507,-12.05867],[-77.10573,-12.05559],[-77.10634,-12.04908],[-77.10924,-12.04934],[-77.10946,-12.04699]],[[-77.04142,-12.05971],[-77.04106,-12.05998],[-77.04101,-12.06036],[-77.04128,-12.06071],[-77.04169,-12.06076],[-77.04206,-12.06044],[-77.04205,-12.06],[-77.05148,-12.0572],[-77.05166,-12.05707],[-77.05111,-12.05523],[-77.05623,-12.05566],[-77.05772,-12.05567]],[[-77.10924,-12.04934],[-77.11825,-12.05012]]]}},{"type":"Feature","properties":{"id":"relation/4525408","nombre":"X-IM57_I","distrito":"Bellavista","tipo":"osm"},"geometry":{"type":"MultiLineString","coordinates":[[[-76.94431,-12.02631],[-76.94415,-12.02629],[-76.94484,-12.02328]],[[-76.94419,-12.02779],[-76.94778,-12.02839],[-76.95083,-12.02934],[-76.95291,-12.02981],[-76.95391,-12.02985],[-76.95573,-12.02966],[-76.96044,-12.03042],[-76.96241,-12.0312],[-76.96466,-12.03279]],[[-76.94515,-12.02331],[-76.94385,-12.02774]],[[-76.94911,-12.0359],[-76.94447,-12.04649],[-76.95626,-12.05117],[-76.9784,-12.06079],[-76.97765,-12.0621],[-76.97726,-12.0635],[-76.97498,-12.06891],[-76.97557,-12.06973],[-76.98166,-12.07212],[-76.98675,-12.07213],[-76.98851,-12.07265],[-76.989,-12.07153],[-76.98893,-12.07073],[-76.98929,-12.07069],[-76.99288,-12.07271],[-76.98894,-12.0777],[-76.99342,-12.08102],[-76.99582,-12.08169],[-76.99825,-12.08312],[-76.99936,-12.0835],[-77.01019,-12.08502],[-77.01085,-12.0849],[-77.01843,-12.08154],[-77.01966,-12.0813],[-77.02092,-12.08137],[-77.02681,-12.08251],[-77.03573,-12.08375],[-77.03632,-12.07983],[-77.03858,-12.08016],[-77.04229,-12.07968],[-77.04268,-12.07994]],[[-76.96069,-12.04074],[-76.95397,-12.03783],[-76.94897,-12.03584],[-76.95083,-12.02934]],[[-76.98893,-12.07073],[-76.98873,-12.07077]],[[-77.07926,-12.06014],[-77.07802,-12.06593],[-77.07789,-12.06832],[-77.07804,-12.07016],[-77.07796,-12.07041],[-77.07085,-12.07199],[-77.06739,-12.07244],[-77.06622,-12.07243],[-77.0642,-12.07216],[-77.06172,-12.07163],[-77.06042,-12.07161],[-77.05889,-12.07192],[-77.05798,-12.07221],[-77.0569,-12.07276],[-77.05396,-12.07511],[-77.05371,-12.07514],[-77.0533,-12.07546],[-77.04864,-12.07926],[-77.04245,-12.07997]],[[-77.07888,-12.06122],[-77.07985,-12.05723],[-77.08032,-12.05645],[-77.08118,-12.05578]],[[-77.09029,-12.01949],[-77.08994,-12.01955],[-77.08615,-12.0214],[-77.08588,-12.02398],[-77.08599,-12.02484],[-77.08844,-12.0307],[-77.07768,-12.03196],[-77.07837,-12.03389],[-77.07842,-12.03441],[-77.07786,-12.0357],[-77.07767,-12.03564],[-77.07754,-12.0358],[-77.07773,-12.03598],[-77.07677,-12.04618],[-77.07704,-12.04754],[-77.07817,-12.04957],[-77.07872,-12.04998],[-77.0854,-12.05127],[-77.08513,-12.05272],[-77.08468,-12.05359],[-77.08125,-12.05586]],[[-77.07741,-12.04976],[-77.07872,-12.04998]],[[-77.07817,-12.04957],[-77.07829,-12.04998],[-77.07817,-12.04957]],[[-77.07766,-12.03646],[-77.07677,-12.0464],[-77.07704,-12.04754],[-77.07817,-12.04957]],[[-77.07786,-12.0357],[-77.07788,-12.03587],[-77.07773,-12.03598]],[[-77.10733,-11.99066],[-77.10638,-11.9915],[-77.10506,-11.99419],[-77.10492,-11.99512],[-77.10412,-11.99607],[-77.09919,-12.0065],[-77.09724,-12.01024],[-77.09205,-12.0183],[-77.09134,-12.01895],[-77.09042,-12.01941]],[[-77.09882,-12.00723],[-77.09735,-12.01026],[-77.09548,-12.01308]]]}},{"type":"Feature","properties":{"id":"relation/4537215","nombre":"X-IO01_I","distrito":"Bellavista","tipo":"osm"},"geometry":{"type":"MultiLineString","coordinates":[[[-77.0582,-12.03294],[-77.05748,-12.03178],[-77.05838,-12.03321],[-77.05861,-12.03308],[-77.06777,-12.03192],[-77.0742,-12.03195]],[[-77.05636,-12.03217],[-77.05748,-12.03178],[-77.05636,-12.03217]],[[-77.05576,-12.03155],[-77.05636,-12.03217],[-77.05576,-12.03155]],[[-77.05544,-12.03178],[-77.05576,-12.03155],[-77.05544,-12.03178]],[[-77.01213,-12.03659],[-77.01506,-12.03909],[-77.01689,-12.04033],[-77.02153,-12.04259],[-77.02247,-12.04292],[-77.02382,-12.04318],[-77.02861,-12.04309],[-77.02917,-12.04301],[-77.03034,-12.04258],[-77.03358,-12.04092],[-77.03549,-12.04015],[-77.03723,-12.03873],[-77.03828,-12.0381],[-77.04494,-12.03608],[-77.04691,-12.03573],[-77.04966,-12.03488],[-77.05327,-12.0333],[-77.05465,-12.03247],[-77.05544,-12.03178],[-77.05381,-12.033]],[[-77.11034,-11.99411],[-77.10944,-11.99499],[-77.10882,-11.99616],[-77.09845,-12.01686],[-77.09987,-12.01839],[-77.1015,-12.01958],[-77.097,-12.02862],[-77.09651,-12.02933],[-77.09576,-12.02983],[-77.09488,-12.03002],[-77.07988,-12.03169],[-77.07521,-12.03198]]]}},{"type":"Feature","properties":{"id":"relation/4537820","nombre":"X-IO03_I","distrito":"Bellavista","tipo":"osm"},"geometry":{"type":"MultiLineString","coordinates":[[[-77.00055,-12.12896],[-76.98753,-12.1279],[-76.98634,-12.12817],[-76.98191,-12.12981],[-76.98375,-12.13468],[-76.98587,-12.14722],[-76.98701,-12.14927],[-76.98831,-12.15066],[-76.98908,-12.15174],[-76.98928,-12.15223]],[[-77.1063,-12.02136],[-77.10656,-12.02158],[-77.10642,-12.02209],[-77.1056,-12.02312],[-77.10525,-12.02382],[-77.10516,-12.02446],[-77.10342,-12.02752],[-77.10307,-12.02789],[-77.10048,-12.03314],[-77.1001,-12.0336],[-77.09946,-12.03547],[-77.09933,-12.03924],[-77.09904,-12.04197],[-77.09916,-12.04246],[-77.09902,-12.04421],[-77.09913,-12.04475],[-77.09873,-12.04544],[-77.09847,-12.04822],[-77.09836,-12.05133],[-77.09792,-12.05488],[-77.09722,-12.06265],[-77.09741,-12.06655],[-77.0976,-12.06777],[-77.09915,-12.07271],[-77.10005,-12.07376],[-77.10008,-12.07427],[-77.09383,-12.07731],[-77.09246,-12.07779],[-77.09089,-12.07806],[-77.08185,-12.07828],[-77.08066,-12.07842],[-77.07805,-12.07923],[-77.06579,-12.08368],[-77.06487,-12.0842],[-77.06432,-12.08555],[-77.06295,-12.0867],[-77.05338,-12.09304],[-77.05844,-12.1029],[-77.0527,-12.10906],[-77.04866,-12.11305],[-77.04863,-12.11323],[-77.04845,-12.11327],[-77.04303,-12.1188],[-77.04282,-12.11868],[-77.04257,-12.11878],[-77.04255,-12.11913],[-77.04273,-12.11925],[-77.04295,-12.11921],[-77.04308,-12.11903],[-77.04303,-12.1188]],[[-77.04251,-12.11906],[-77.04041,-12.11908],[-77.04035,-12.11883],[-77.04011,-12.1187],[-77.03985,-12.11881],[-77.03979,-12.11909],[-77.02926,-12.1192],[-77.02903,-12.11896],[-77.02888,-12.11912],[-77.02892,-12.11939],[-77.02914,-12.11949],[-77.02926,-12.1192]],[[-77.03979,-12.11909],[-77.03983,-12.11884],[-77.04008,-12.1187],[-77.04035,-12.11883],[-77.04039,-12.11914],[-77.04015,-12.11932],[-77.03985,-12.11921],[-77.03979,-12.11909],[-77.03994,-12.11928],[-77.04017,-12.11931],[-77.04041,-12.11908]],[[-76.98908,-12.15992],[-76.98945,-12.16074],[-76.99085,-12.16295],[-76.99089,-12.16329],[-76.99209,-12.16546],[-76.99601,-12.16313]],[[-76.99209,-12.16546],[-76.99221,-12.16573],[-76.99218,-12.16858],[-76.99278,-12.16852],[-76.99686,-12.16597]],[[-76.99536,-12.16201],[-76.99869,-12.16796]],[[-76.98893,-12.16],[-76.98872,-12.15939],[-76.98875,-12.15843],[-76.989,-12.15787],[-76.99044,-12.15568],[-76.99062,-12.15497],[-76.99042,-12.15402],[-76.98929,-12.15236]],[[-77.00109,-12.12833],[-77.00142,-12.12847],[-77.00158,-12.12887],[-77.00141,-12.12922],[-77.00103,-12.12935],[-77.00063,-12.12913],[-77.00054,-12.12878],[-77.00076,-12.12842],[-77.00109,-12.12833]],[[-77.02925,-12.11934],[-77.02931,-12.11969],[-77.0324,-12.12383],[-77.03162,-12.12415],[-77.02949,-12.12454],[-77.00218,-12.12882],[-77.00154,-12.12904]],[[-77.09729,-11.87297],[-77.09855,-11.87336],[-77.09896,-11.87333],[-77.10045,-11.87373],[-77.10171,-11.87354],[-77.10177,-11.87344],[-77.10251,-11.87352],[-77.10462,-11.87489],[-77.10595,-11.87506],[-77.10711,-11.87496],[-77.10923,-11.87415],[-77.11031,-11.87229],[-77.11359,-11.8697],[-77.11363,-11.86948],[-77.11338,-11.86859],[-77.11343,-11.86824],[-77.11375,-11.86785],[-77.11432,-11.86768],[-77.11542,-11.86825],[-77.11707,-11.86865],[-77.11795,-11.86903],[-77.12463,-11.8728],[-77.12645,-11.87317],[-77.1271,-11.87301],[-77.12727,-11.8731],[-77.1268,-11.87584],[-77.12692,-11.87772],[-77.12646,-11.87989],[-77.12629,-11.88433],[-77.12638,-11.8845],[-77.12614,-11.88717],[-77.12626,-11.8885],[-77.12624,-11.89161],[-77.12705,-11.89761],[-77.12825,-11.90116],[-77.12878,-11.90818],[-77.12864,-11.9131],[-77.13062,-11.9319],[-77.13187,-11.94815],[-77.13165,-11.94985],[-77.12623,-11.96631],[-77.12577,-11.96818],[-77.12524,-11.97147],[-77.12506,-11.97601],[-77.12577,-11.99239],[-77.12629,-11.99684],[-77.12578,-11.99749],[-77.12147,-11.99917],[-77.12117,-11.99912],[-77.1183,-12.0002],[-77.1175,-12.00059],[-77.11677,-12.00115],[-77.11024,-11.99428],[-77.10944,-11.99499],[-77.1062,-12.00124],[-77.09845,-12.01686],[-77.09987,-12.01839],[-77.10125,-12.01944],[-77.10568,-12.02163],[-77.10605,-12.02153]]]}},{"type":"Feature","properties":{"id":"relation/4538948","nombre":"X-IO06_I","distrito":"Bellavista","tipo":"osm"},"geometry":{"type":"MultiLineString","coordinates":[[[-77.12552,-11.87116],[-77.12756,-11.87153],[-77.12681,-11.8757],[-77.12692,-11.87772],[-77.12646,-11.87989],[-77.12629,-11.88433],[-77.12638,-11.8845],[-77.12614,-11.88717],[-77.12626,-11.8885],[-77.12624,-11.89161],[-77.12705,-11.89761],[-77.12825,-11.90116],[-77.12878,-11.90818],[-77.12864,-11.9131],[-77.13062,-11.9319],[-77.13187,-11.94836],[-77.13165,-11.94985],[-77.12653,-11.96525],[-77.12587,-11.96767],[-77.12524,-11.97147],[-77.12506,-11.97601],[-77.12577,-11.99239],[-77.12629,-11.99684],[-77.12578,-11.99749],[-77.12147,-11.99917],[-77.12273,-11.99869]],[[-77.12147,-11.99917],[-77.12089,-11.99922],[-77.1177,-12.00047],[-77.11677,-12.00115],[-77.11578,-12.00236],[-77.11546,-12.00345],[-77.11456,-12.00499],[-77.11217,-12.00983],[-77.11123,-12.01205],[-77.11111,-12.01292],[-77.11004,-12.01449],[-77.10885,-12.0168],[-77.10854,-12.0172],[-77.10765,-12.01897],[-77.10756,-12.01942],[-77.10675,-12.02092],[-77.10642,-12.02209],[-77.1056,-12.02312],[-77.10525,-12.02382],[-77.10516,-12.02446],[-77.10342,-12.02752],[-77.10307,-12.02789],[-77.10048,-12.03314],[-77.1001,-12.0336],[-77.09946,-12.03547],[-77.09933,-12.03924],[-77.09904,-12.04197],[-77.09916,-12.04246],[-77.09902,-12.04421],[-77.09913,-12.04475],[-77.09873,-12.04544],[-77.09847,-12.04822],[-77.09836,-12.05133],[-77.09792,-12.05488],[-77.09722,-12.06265],[-77.09741,-12.06655],[-77.0976,-12.06777],[-77.09915,-12.07271],[-77.10005,-12.07376],[-77.10008,-12.07427],[-77.09383,-12.07731],[-77.09246,-12.07779],[-77.09089,-12.07806],[-77.08185,-12.07828],[-77.08066,-12.07842],[-77.07805,-12.07923],[-77.06579,-12.08368],[-77.06487,-12.0842],[-77.06432,-12.08555],[-77.06295,-12.0867],[-77.05076,-12.09478],[-77.01109,-12.08921],[-77.00844,-12.08898],[-77.00364,-12.08831],[-77.0003,-12.11189],[-76.99859,-12.11848],[-76.9984,-12.12005],[-76.99844,-12.12141],[-76.9986,-12.12224],[-77.00095,-12.12819],[-77.00156,-12.12869],[-77.00148,-12.12914],[-77.00103,-12.12935],[-77.00063,-12.12913],[-77.00054,-12.12878],[-77.00076,-12.12842],[-77.00109,-12.12833]],[[-76.90622,-12.21019],[-76.90634,-12.21276],[-76.9085,-12.22507],[-76.90954,-12.22918],[-76.90974,-12.22947]],[[-76.90988,-12.22987],[-76.90987,-12.23046],[-76.91252,-12.23727],[-76.91264,-12.23806],[-76.91259,-12.2388]],[[-76.91221,-12.23965],[-76.91253,-12.23855],[-76.91245,-12.2374],[-76.90959,-12.22988]],[[-76.91248,-12.23969],[-76.91284,-12.24],[-76.92326,-12.24599],[-76.92497,-12.24695],[-76.92531,-12.24701]],[[-76.94733,-12.23011],[-76.92718,-12.21826],[-76.91824,-12.23311],[-76.91381,-12.24071]],[[-76.91816,-12.23326],[-76.91792,-12.23327],[-76.91784,-12.23301],[-76.91808,-12.2329],[-76.91824,-12.23311]],[[-76.9274,-12.2179],[-76.92718,-12.21826],[-76.92284,-12.21576],[-76.92253,-12.21564],[-76.92229,-12.21576]],[[-76.96102,-12.19282],[-76.95469,-12.20317],[-76.95331,-12.20564]],[[-76.96082,-12.19255],[-76.96109,-12.19248],[-76.96115,-12.19273],[-76.96091,-12.19281],[-76.96082,-12.19255]],[[-76.95336,-12.20568],[-76.94125,-12.22596]],[[-76.96093,-12.19246],[-76.96397,-12.18732],[-76.96608,-12.1818]],[[-76.96092,-12.19247],[-76.9597,-12.19156],[-76.96256,-12.18655]],[[-76.96412,-12.1874],[-76.96007,-12.18518]],[[-76.96384,-12.1849],[-76.96262,-12.18461],[-76.96171,-12.18608]],[[-76.96381,-12.18068],[-76.96413,-12.18239],[-76.96396,-12.18436],[-76.96422,-12.18401],[-76.9657,-12.18006],[-76.96916,-12.16682],[-76.96929,-12.16553],[-76.96912,-12.16349],[-76.96882,-12.16238],[-76.96801,-12.16037]],[[-76.9783,-12.16691],[-76.97804,-12.16668],[-76.97049,-12.16475],[-76.96918,-12.16469]],[[-76.96289,-12.14026],[-76.96371,-12.14129],[-76.96451,-12.14316],[-76.96506,-12.14403],[-76.96703,-12.14603],[-76.96965,-12.14829],[-76.97043,-12.14918],[-76.97182,-12.15386],[-76.97296,-12.15675],[-76.97326,-12.15801],[-76.97337,-12.15982],[-76.97291,-12.16388]],[[-76.99015,-12.14376],[-76.9897,-12.14414],[-76.98743,-12.14699],[-76.98691,-12.14743],[-76.98542,-12.14825],[-76.98347,-12.14956],[-76.98201,-12.15023],[-76.97949,-12.15099],[-76.97337,-12.15359],[-76.96052,-12.15872],[-76.95739,-12.16015],[-76.95681,-12.1607]],[[-76.98526,-12.14845],[-76.98347,-12.14956]],[[-77.00095,-12.12934],[-76.99335,-12.13998],[-76.99188,-12.14173]],[[-77.12728,-11.87148],[-77.12811,-11.86684],[-77.12861,-11.85214],[-77.12829,-11.8519],[-77.12513,-11.85181],[-77.12495,-11.85951],[-77.12423,-11.85948],[-77.12222,-11.85844],[-77.12198,-11.85809],[-77.12127,-11.85559]]]}},{"type":"Feature","properties":{"id":"relation/4540483","nombre":"X-IO07_I","distrito":"Bellavista","tipo":"osm"},"geometry":{"type":"MultiLineString","coordinates":[[[-77.00055,-12.12896],[-76.98753,-12.1279],[-76.98634,-12.12817],[-76.98191,-12.12981],[-76.98375,-12.13468],[-76.98587,-12.14722],[-76.98701,-12.14927],[-76.98831,-12.15066],[-76.98908,-12.15174],[-76.98928,-12.15223]],[[-77.1063,-12.02136],[-77.10656,-12.02158],[-77.10642,-12.02209],[-77.1056,-12.02312],[-77.10525,-12.02382],[-77.10516,-12.02446],[-77.10342,-12.02752],[-77.10307,-12.02789],[-77.10048,-12.03314],[-77.1001,-12.0336],[-77.09946,-12.03547],[-77.09933,-12.03924],[-77.09904,-12.04197],[-77.09916,-12.04246],[-77.09902,-12.04421],[-77.09913,-12.04475],[-77.09873,-12.04544],[-77.09847,-12.04822],[-77.09836,-12.05133],[-77.09792,-12.05488],[-77.09722,-12.06265],[-77.09741,-12.06655],[-77.0976,-12.06777],[-77.09915,-12.07271],[-77.10005,-12.07376],[-77.10008,-12.07427],[-77.09383,-12.07731],[-77.09246,-12.07779],[-77.09089,-12.07806],[-77.08185,-12.07828],[-77.08066,-12.07842],[-77.07805,-12.07923],[-77.06579,-12.08368],[-77.06487,-12.0842],[-77.06432,-12.08555],[-77.06313,-12.08656],[-77.05782,-12.0901],[-77.06171,-12.08748]],[[-76.99358,-12.17064],[-76.99635,-12.17376],[-77.00525,-12.18441]],[[-76.98908,-12.15992],[-76.98945,-12.16074],[-76.99085,-12.16295],[-76.99089,-12.16329],[-76.99209,-12.16546],[-76.99601,-12.16313]],[[-76.99209,-12.16546],[-76.99221,-12.16573],[-76.99218,-12.16858],[-76.99278,-12.16852],[-76.99686,-12.16597]],[[-76.99536,-12.16201],[-76.99869,-12.16796],[-76.9972,-12.16856],[-76.99672,-12.16898],[-76.99663,-12.16938],[-76.99682,-12.17039],[-76.99675,-12.17111],[-76.99576,-12.1731]],[[-76.98893,-12.16],[-76.98872,-12.15939],[-76.98875,-12.15843],[-76.989,-12.15787],[-76.99044,-12.15568],[-76.99062,-12.15497],[-76.99042,-12.15402],[-76.98929,-12.15236]],[[-77.00109,-12.12833],[-77.00142,-12.12847],[-77.00158,-12.12887],[-77.00141,-12.12922],[-77.00103,-12.12935],[-77.00063,-12.12913],[-77.00054,-12.12878],[-77.00076,-12.12842],[-77.00109,-12.12833]],[[-77.02521,-12.12208],[-77.02444,-12.12535],[-77.00218,-12.12882],[-77.00154,-12.12904]],[[-77.02888,-12.1193],[-77.02869,-12.11916],[-77.02611,-12.1192]],[[-77.05782,-12.0901],[-77.05338,-12.09304],[-77.05844,-12.1029],[-77.0527,-12.10906],[-77.04866,-12.11305],[-77.04863,-12.11323],[-77.04845,-12.11327],[-77.04312,-12.11872],[-77.04303,-12.1188],[-77.04266,-12.11872],[-77.04251,-12.11906],[-77.04041,-12.11908],[-77.04035,-12.11883],[-77.04008,-12.1187],[-77.03983,-12.11884],[-77.03979,-12.11909],[-77.02939,-12.11918],[-77.02926,-12.1192],[-77.02914,-12.11949],[-77.02892,-12.11939],[-77.02897,-12.11897],[-77.02914,-12.11899],[-77.02926,-12.1192]],[[-77.04041,-12.11908],[-77.0401,-12.11932],[-77.03979,-12.11909]],[[-77.04303,-12.1188],[-77.04308,-12.11903],[-77.04293,-12.11923],[-77.04267,-12.11923],[-77.04251,-12.11906]],[[-77.1018,-12.01012],[-77.09845,-12.01686],[-77.09987,-12.01839],[-77.10125,-12.01944],[-77.10568,-12.02163],[-77.10605,-12.02153]]]}},{"type":"Feature","properties":{"id":"relation/4540969","nombre":"X-IO09_I","distrito":"Bellavista","tipo":"osm"},"geometry":{"type":"MultiLineString","coordinates":[[[-77.10948,-12.07939],[-77.11101,-12.07842],[-77.11053,-12.07724],[-77.10448,-12.08054],[-77.08503,-12.08935],[-77.08563,-12.09064],[-77.08531,-12.09071],[-77.08485,-12.0907],[-77.08443,-12.08989],[-77.08413,-12.08961],[-77.08306,-12.08725],[-77.07658,-12.09058],[-77.07644,-12.09031],[-77.07385,-12.09125],[-77.07029,-12.08188],[-77.07923,-12.07863],[-77.08082,-12.07821],[-77.09061,-12.07793],[-77.09219,-12.0777],[-77.0933,-12.07734],[-77.09821,-12.07499],[-77.09879,-12.0743],[-77.09903,-12.07372],[-77.09905,-12.07289],[-77.09738,-12.06734],[-77.09709,-12.06252],[-77.09823,-12.0515],[-77.09829,-12.04861],[-77.09851,-12.04606],[-77.09865,-12.04527],[-77.09894,-12.04501],[-77.09903,-12.04475],[-77.09892,-12.0442],[-77.09905,-12.04252],[-77.09892,-12.04196],[-77.09918,-12.03907],[-77.09932,-12.03562],[-77.10006,-12.03339],[-77.10044,-12.03297],[-77.10303,-12.02776],[-77.1033,-12.02745],[-77.10508,-12.02427],[-77.1057,-12.02227]],[[-77.08178,-12.07887],[-77.08296,-12.08468],[-77.08383,-12.08689],[-77.08503,-12.08935]],[[-77.11101,-12.07842],[-77.11378,-12.07761]],[[-77.06172,-12.00409],[-77.06158,-12.00436],[-77.06169,-12.00461],[-77.06193,-12.00472],[-77.0622,-12.00462],[-77.06231,-12.00438],[-77.06223,-12.00413],[-77.06198,-12.00401],[-77.06172,-12.00409],[-77.0637,-11.99141],[-77.06358,-11.99052],[-77.06348,-11.99019],[-77.0632,-11.98998],[-77.05703,-11.98905],[-77.05686,-11.98881],[-77.05818,-11.98309],[-77.05947,-11.97838],[-77.0595,-11.97705],[-77.05921,-11.97612],[-77.05797,-11.97399],[-77.0576,-11.97302],[-77.05742,-11.9718],[-77.0575,-11.96916],[-77.05739,-11.96869],[-77.05573,-11.96577],[-77.051,-11.95182],[-77.05072,-11.95141],[-77.04955,-11.95035],[-77.04928,-11.94986],[-77.04933,-11.94895],[-77.05048,-11.94426],[-77.0501,-11.93923],[-77.04946,-11.93776],[-77.04686,-11.934],[-77.04452,-11.93118],[-77.04312,-11.92834],[-77.04275,-11.92708],[-77.04217,-11.92254],[-77.04134,-11.91783],[-77.04103,-11.91667],[-77.04048,-11.91537],[-77.03743,-11.90996],[-77.03679,-11.90947],[-77.03418,-11.90848],[-77.03584,-11.90589],[-77.0367,-11.90501],[-77.03904,-11.90146],[-77.03958,-11.901],[-77.04193,-11.89974],[-77.04161,-11.89936],[-77.0393,-11.89789],[-77.04066,-11.89548],[-77.04226,-11.89448],[-77.04159,-11.89408],[-77.04003,-11.89349],[-77.03906,-11.89255],[-77.04029,-11.89162],[-77.04284,-11.89078],[-77.04357,-11.8908],[-77.04408,-11.89095],[-77.04512,-11.89169],[-77.04605,-11.89287],[-77.04689,-11.89424],[-77.06546,-11.92735],[-77.06654,-11.92861],[-77.06823,-11.92979],[-77.06977,-11.93036],[-77.07154,-11.93062]],[[-77.10572,-12.02219],[-77.10571,-12.02195],[-77.10541,-12.02171],[-77.1014,-12.01979],[-77.10049,-12.01913],[-77.09943,-12.0182],[-77.09595,-12.01448],[-77.09484,-12.0135],[-77.09286,-12.01244],[-77.08999,-12.0117],[-77.08548,-12.0079],[-77.08411,-12.00708],[-77.08263,-12.00671],[-77.07673,-12.00639],[-77.07443,-12.00642],[-77.06222,-12.0046]],[[-77.08533,-11.95294],[-77.08545,-11.95357],[-77.08602,-11.94948],[-77.08713,-11.94954],[-77.08773,-11.9493],[-77.0891,-11.94811],[-77.0916,-11.94535]],[[-77.08505,-11.95323],[-77.08553,-11.95045],[-77.07147,-11.94585]],[[-77.04135,-11.90303],[-77.04176,-11.90277],[-77.04222,-11.90194],[-77.0424,-11.90061],[-77.04193,-11.89974]],[[-77.04336,-11.89389],[-77.04226,-11.89448]],[[-77.03892,-11.89239],[-77.03906,-11.89255]],[[-77.07084,-11.94607],[-77.07228,-11.93141]],[[-77.09162,-11.94547],[-77.08681,-11.94122],[-77.0858,-11.93967],[-77.08518,-11.93845],[-77.08418,-11.93743]],[[-77.08449,-11.94012],[-77.0841,-11.93897],[-77.08418,-11.93735]]]}},{"type":"Feature","properties":{"id":"relation/4542795","nombre":"X-IO100_I","distrito":"Bellavista","tipo":"osm"},"geometry":{"type":"MultiLineString","coordinates":[[[-77.00445,-11.96805],[-77.0091,-11.96516],[-77.00489,-11.95859],[-77.00446,-11.95816],[-77.00305,-11.95741],[-77.00224,-11.95714],[-76.992,-11.95579],[-76.98971,-11.9571],[-76.99207,-11.96117],[-76.99515,-11.96463],[-76.99882,-11.96998],[-77.00069,-11.97315],[-77.00395,-11.97596],[-77.00502,-11.97728]],[[-77.00393,-11.96818],[-77.00429,-11.96812]],[[-77.01244,-12.02052],[-77.01082,-12.00787],[-77.01229,-12.00344],[-77.01438,-11.99844],[-77.01526,-11.99686],[-77.01546,-11.99669],[-77.01501,-11.99563],[-77.01514,-11.99294],[-77.01493,-11.99189],[-77.01563,-11.98661],[-77.01561,-11.98593],[-77.01532,-11.98499],[-77.01431,-11.98415],[-77.01318,-11.98255],[-77.01298,-11.98179],[-77.00545,-11.97001],[-77.0041,-11.96815]],[[-77.04218,-12.07969],[-77.042,-12.07519],[-77.03915,-12.07501],[-77.0307,-12.07377],[-77.03029,-12.07293],[-77.03119,-12.07052],[-77.02831,-12.07015],[-77.03031,-12.05528],[-77.03027,-12.05476],[-77.02405,-12.04289],[-77.02261,-12.04265],[-77.02054,-12.04149],[-77.01877,-12.04069],[-77.01782,-12.04039],[-77.01446,-12.03787],[-77.0135,-12.03741],[-77.01322,-12.03714],[-77.01271,-12.03512],[-77.01246,-12.03308],[-77.01205,-12.03226],[-77.01224,-12.03227],[-77.01232,-12.03214],[-77.0121,-12.03198],[-77.01215,-12.03079],[-77.0115,-12.02859],[-77.01032,-12.02616],[-77.00773,-12.02331],[-77.01045,-12.02086],[-77.01257,-12.0205]],[[-77.00765,-12.02338],[-77.00773,-12.02331]],[[-77.01205,-12.03226],[-77.01199,-12.0321],[-77.0121,-12.03198]],[[-77.02197,-12.06934],[-77.02831,-12.07015]],[[-77.0307,-12.07377],[-77.03048,-12.07374]],[[-77.04274,-12.07526],[-77.042,-12.07519]],[[-77.04268,-12.07994],[-77.0424,-12.07969]],[[-77.13377,-12.0611],[-77.1292,-12.06273],[-77.13098,-12.06752],[-77.12011,-12.06554],[-77.11975,-12.06561],[-77.11995,-12.06525],[-77.11989,-12.06502],[-77.11966,-12.06479],[-77.1192,-12.0648],[-77.11876,-12.0653],[-77.11881,-12.06558],[-77.11906,-12.06583],[-77.11685,-12.06729],[-77.1036,-12.07256],[-77.09383,-12.07731],[-77.09211,-12.07788],[-77.09062,-12.07807],[-77.08113,-12.07833],[-77.08082,-12.07707],[-77.08021,-12.07574],[-77.07887,-12.07405],[-77.07847,-12.07335],[-77.07799,-12.0707],[-77.07766,-12.07053],[-77.07085,-12.07199],[-77.06739,-12.07244],[-77.06622,-12.07243],[-77.0642,-12.07216],[-77.06172,-12.07163],[-77.06042,-12.07161],[-77.05889,-12.07192],[-77.05798,-12.07221],[-77.0569,-12.07276],[-77.05396,-12.07511],[-77.05371,-12.07514],[-77.0533,-12.07546],[-77.04864,-12.07926],[-77.04245,-12.07997]],[[-77.13269,-12.06075],[-77.15,-12.06544],[-77.15562,-12.06669],[-77.15666,-12.06717],[-77.15743,-12.06773],[-77.15775,-12.0677]],[[-77.09937,-12.07461],[-77.09339,-12.07751]],[[-77.11975,-12.06561],[-77.11939,-12.06582],[-77.11906,-12.06583]]]}},{"type":"Feature","properties":{"id":"relation/4546164","nombre":"X-IO11_I","distrito":"Bellavista","tipo":"osm"},"geometry":{"type":"MultiLineString","coordinates":[[[-77.00061,-12.12858],[-77.0006,-12.12805],[-76.99832,-12.12223],[-76.99816,-12.12099],[-76.99815,-12.1199],[-76.9984,-12.11814],[-76.99969,-12.11349],[-77.00006,-12.11165],[-77.02874,-12.11364],[-77.03699,-12.11402],[-77.02993,-12.11378]],[[-77.03699,-12.11402],[-77.03992,-12.11414],[-77.03732,-12.11082]],[[-76.97788,-12.13112],[-76.98726,-12.12778],[-77.00056,-12.1287]],[[-76.9608,-12.19266],[-76.95907,-12.19549],[-76.95931,-12.19563]],[[-76.96116,-12.19256],[-76.96693,-12.19322],[-76.97139,-12.19242]],[[-76.97792,-12.13132],[-76.97727,-12.13142],[-76.9767,-12.13134],[-76.97664,-12.13149],[-76.97652,-12.13446],[-76.97552,-12.13715],[-76.97492,-12.13835],[-76.97479,-12.13927],[-76.97492,-12.14081],[-76.97405,-12.14281],[-76.96752,-12.15001],[-76.95556,-12.15995],[-76.95172,-12.16448],[-76.94956,-12.16673],[-76.94597,-12.17081],[-76.94244,-12.17516],[-76.94142,-12.17605]],[[-76.9767,-12.13134],[-76.97667,-12.12973]],[[-76.95676,-12.16017],[-76.95611,-12.15949],[-76.95194,-12.15346],[-76.94906,-12.14109],[-76.94549,-12.1376],[-76.94512,-12.13782],[-76.94399,-12.13669],[-76.94362,-12.13703]],[[-77.10572,-12.02219],[-77.10571,-12.02195],[-77.10541,-12.02171],[-77.1014,-12.01979],[-77.10084,-12.0194],[-77.09943,-12.0182],[-77.09515,-12.01374],[-77.0941,-12.01302],[-77.09286,-12.01244],[-77.09191,-12.01213],[-77.09029,-12.01186],[-77.08854,-12.01194],[-77.08734,-12.01219],[-77.08707,-12.01433]],[[-77.12776,-12.0642],[-77.13255,-12.06264],[-77.14114,-12.06405],[-77.14125,-12.06184],[-77.14276,-12.06207],[-77.14294,-12.06098],[-77.14268,-12.05835],[-77.14228,-12.05604],[-77.13992,-12.05299],[-77.13914,-12.05287],[-77.13953,-12.05276],[-77.13976,-12.05243],[-77.13975,-12.05212],[-77.13949,-12.05181],[-77.1388,-12.05175],[-77.13845,-12.05213],[-77.13843,-12.0519],[-77.13828,-12.05181],[-77.13467,-12.05166],[-77.13432,-12.05194],[-77.13405,-12.05198],[-77.13347,-12.05157],[-77.12678,-12.05097],[-77.12623,-12.05109],[-77.12627,-12.05064],[-77.12602,-12.05048],[-77.1257,-12.05053],[-77.12592,-12.0501],[-77.12686,-12.03986],[-77.12694,-12.03865],[-77.12686,-12.03722],[-77.12715,-12.03478],[-77.12743,-12.03028],[-77.12881,-12.02383],[-77.12918,-12.02098],[-77.12905,-12.01858],[-77.1268,-12.00726],[-77.12667,-12.00087],[-77.12634,-11.99783],[-77.1262,-11.99757],[-77.12578,-11.99749],[-77.12536,-11.99763],[-77.12147,-11.99917],[-77.12117,-11.99912],[-77.1183,-12.0002],[-77.11731,-12.00072],[-77.11642,-12.00152],[-77.11567,-12.00258],[-77.11546,-12.00345],[-77.11456,-12.00499],[-77.11217,-12.00983],[-77.11123,-12.01205],[-77.11111,-12.01292],[-77.11004,-12.01449],[-77.10774,-12.01879],[-77.10756,-12.01942],[-77.1067,-12.02106],[-77.10642,-12.02209],[-77.10603,-12.02255],[-77.1058,-12.02251],[-77.1057,-12.02227]],[[-77.12629,-11.99684],[-77.12694,-12.00246],[-77.12698,-12.00696],[-77.12927,-12.01847],[-77.12941,-12.02062]],[[-77.13172,-12.06951],[-77.12321,-12.07259],[-77.11952,-12.06611],[-77.11914,-12.06584],[-77.11975,-12.06561],[-77.11995,-12.06517],[-77.12022,-12.06547],[-77.12151,-12.06552],[-77.12685,-12.06359],[-77.12745,-12.06335],[-77.12715,-12.0625],[-77.1307,-12.06126]],[[-77.04195,-12.11708],[-77.04713,-12.11183],[-77.04838,-12.11303],[-77.04861,-12.11299],[-77.0537,-12.10786],[-77.05932,-12.10177],[-77.06002,-12.10129],[-77.06248,-12.10033],[-77.07341,-12.09657],[-77.07286,-12.09501],[-77.07719,-12.09348],[-77.08415,-12.0899],[-77.08453,-12.08959],[-77.10448,-12.08054],[-77.11016,-12.07738],[-77.12321,-12.07259]],[[-77.04266,-12.11872],[-77.04154,-12.11619],[-77.03992,-12.11414]],[[-77.00006,-12.11165],[-77.00018,-12.11091]],[[-77.13036,-12.06336],[-77.12975,-12.06159]],[[-76.9648,-12.19312],[-76.96851,-12.21246],[-76.96903,-12.21464],[-76.9682,-12.21628]],[[-76.94533,-12.18754],[-76.95907,-12.19549]],[[-76.96082,-12.19255],[-76.96109,-12.19248],[-76.96115,-12.19273],[-76.96091,-12.19281],[-76.96082,-12.19255]],[[-76.97173,-12.15389],[-76.97994,-12.15053],[-76.98069,-12.15044],[-76.98247,-12.14987]],[[-76.95668,-12.16047],[-76.95789,-12.15955],[-76.96817,-12.15538]],[[-76.9587,-12.15922],[-76.96011,-12.16306],[-76.96253,-12.17375],[-76.96272,-12.17978],[-76.96246,-12.18122],[-76.95605,-12.19219],[-76.93242,-12.23155]],[[-77.00109,-12.12833],[-77.00142,-12.12847],[-77.00158,-12.12887],[-77.00141,-12.12922],[-77.00103,-12.12935],[-77.00063,-12.12913],[-77.00054,-12.12878],[-77.00076,-12.12842],[-77.00109,-12.12833]],[[-77.11914,-12.06584],[-77.11877,-12.06547],[-77.11896,-12.06497],[-77.1192,-12.0648],[-77.11955,-12.06477],[-77.11975,-12.06485],[-77.11995,-12.06517]],[[-77.12623,-12.05109],[-77.126,-12.05122],[-77.12565,-12.05111],[-77.12554,-12.05082],[-77.1257,-12.05053]],[[-77.13372,-12.05172],[-77.13377,-12.05135],[-77.1341,-12.05117],[-77.13444,-12.05132],[-77.13452,-12.0517]],[[-77.13914,-12.05287],[-77.1386,-12.05271],[-77.13843,-12.05245],[-77.13845,-12.05213]]]}},{"type":"Feature","properties":{"id":"relation/4546344","nombre":"X-IO12_I","distrito":"Bellavista","tipo":"osm"},"geometry":{"type":"MultiLineString","coordinates":[[[-76.9713,-12.04068],[-76.9611,-12.03644],[-76.95799,-12.03535],[-76.95612,-12.0353],[-76.94309,-12.03086],[-76.9383,-12.02966],[-76.93349,-12.02868],[-76.93148,-12.02802],[-76.92797,-12.02773]],[[-77.13453,-12.05149],[-77.13447,-12.05179],[-77.13422,-12.05198],[-77.13385,-12.0519],[-77.1337,-12.05162],[-77.13383,-12.05129],[-77.1341,-12.05117],[-77.13479,-12.05157],[-77.13949,-12.05181],[-77.13971,-12.05205],[-77.13997,-12.05281],[-77.14227,-12.05563],[-77.14254,-12.05651],[-77.14306,-12.06028],[-77.14306,-12.06117],[-77.14266,-12.06358],[-77.13186,-12.06074],[-77.12716,-12.05971],[-77.12182,-12.06359],[-77.11994,-12.06511],[-77.11966,-12.06479],[-77.11908,-12.06488],[-77.11882,-12.06514],[-77.11876,-12.06541],[-77.11906,-12.06583],[-77.11745,-12.06699],[-77.11542,-12.06794],[-77.1036,-12.07256],[-77.09327,-12.07756],[-77.09089,-12.07806],[-77.08185,-12.07828],[-77.08013,-12.07854],[-77.06555,-12.08378],[-77.06475,-12.08435],[-77.06446,-12.08531],[-77.06422,-12.08567],[-77.06295,-12.0867],[-77.05076,-12.09478],[-77.01109,-12.08921],[-77.00844,-12.08898],[-76.98974,-12.08635],[-76.98729,-12.08587],[-76.98512,-12.08516],[-76.98147,-12.085],[-76.97059,-12.08363],[-76.97003,-12.08376],[-76.96971,-12.08364],[-76.96931,-12.08291],[-76.96749,-12.08174],[-76.96692,-12.08117],[-76.96486,-12.07807],[-76.96357,-12.07558],[-76.96419,-12.07431],[-76.96456,-12.07283],[-76.96464,-12.07164],[-76.96451,-12.06659],[-76.96508,-12.06353],[-76.96534,-12.0625],[-76.96599,-12.0615],[-76.96805,-12.05641],[-76.9675,-12.056],[-76.96454,-12.05475],[-76.96689,-12.04999],[-76.96769,-12.04799],[-76.96871,-12.04644],[-76.97211,-12.03847]],[[-76.96957,-12.08334],[-76.96973,-12.08298],[-76.97016,-12.0829],[-76.97045,-12.0832],[-76.97033,-12.08364]],[[-77.11994,-12.06511],[-77.11975,-12.06561],[-77.11939,-12.06582],[-77.11906,-12.06583]],[[-77.11673,-12.05754],[-77.11544,-12.05728]],[[-77.12716,-12.05971],[-77.11937,-12.05813]],[[-77.15792,-12.06817],[-77.15669,-12.06729],[-77.15568,-12.06681],[-77.15035,-12.06564],[-77.14266,-12.06358]],[[-77.13978,-12.05233],[-77.1397,-12.05259],[-77.13946,-12.0528],[-77.13901,-12.05286],[-77.13866,-12.05276],[-77.13846,-12.05253],[-77.13843,-12.05221],[-77.13854,-12.05193],[-77.13889,-12.05173]],[[-77.12656,-12.04458],[-77.13499,-12.04766],[-77.13429,-12.05094],[-77.13437,-12.05125]],[[-77.12554,-11.99637],[-77.12592,-11.9964],[-77.12627,-11.99668],[-77.12635,-11.99715],[-77.12694,-12.00246],[-77.12698,-12.00696],[-77.12927,-12.01847],[-77.1294,-12.01958],[-77.12928,-12.0222],[-77.12763,-12.03038],[-77.12802,-12.03273],[-77.12769,-12.03426],[-77.12741,-12.03706],[-77.12718,-12.03813],[-77.12681,-12.04217]],[[-77.11859,-11.99949],[-77.12446,-11.9975],[-77.12546,-11.99645]],[[-77.11267,-11.99662],[-77.11464,-11.99864],[-77.11587,-11.99942],[-77.11661,-11.99971],[-77.11765,-11.99988],[-77.11856,-11.99951]]]}},{"type":"Feature","properties":{"id":"relation/4547081","nombre":"X-IO13_I","distrito":"Bellavista","tipo":"osm"},"geometry":{"type":"LineString","coordinates":[[-77.11886,-12.06508],[-77.1192,-12.0648],[-77.11955,-12.06477],[-77.11982,-12.06493],[-77.11995,-12.06525],[-77.11962,-12.06572],[-77.1191,-12.06584],[-77.11877,-12.06549],[-77.11886,-12.06508]]}},{"type":"Feature","properties":{"id":"relation/4552558","nombre":"X-IO15_I","distrito":"Bellavista","tipo":"osm"},"geometry":{"type":"MultiLineString","coordinates":[[[-76.9899,-12.08599],[-76.99477,-12.08664],[-76.9962,-12.08648],[-76.99697,-12.08656],[-76.99846,-12.0872],[-77.00166,-12.08764],[-77.00217,-12.08763],[-77.00297,-12.08739],[-77.00346,-12.08743],[-77.00422,-12.08755],[-77.00524,-12.08809],[-77.00571,-12.08821],[-77.01349,-12.08928],[-77.0144,-12.08874],[-77.01516,-12.08637],[-77.01544,-12.08603],[-77.01665,-12.08831],[-77.01805,-12.08976],[-77.0188,-12.09017],[-77.05067,-12.09461],[-77.06289,-12.08662],[-77.06417,-12.08558],[-77.06439,-12.08518],[-77.06448,-12.08451],[-77.06475,-12.08409],[-77.06521,-12.08375],[-77.06611,-12.08338],[-77.06495,-12.08391],[-77.06446,-12.08463]],[[-76.97224,-12.03857],[-76.96873,-12.0467],[-76.96772,-12.04823],[-76.96693,-12.05027],[-76.96474,-12.05468],[-76.96815,-12.05614],[-76.96821,-12.05641],[-76.96612,-12.06158],[-76.96549,-12.06256],[-76.96478,-12.06548],[-76.96464,-12.06659],[-76.96469,-12.0725],[-76.96431,-12.07425],[-76.96373,-12.07551],[-76.9655,-12.07867],[-76.96705,-12.08103],[-76.96776,-12.0817],[-76.96941,-12.08279],[-76.97016,-12.0829],[-76.97067,-12.08336],[-76.98058,-12.08475],[-76.98511,-12.08501],[-76.98751,-12.08572],[-76.99043,-12.08608]],[[-76.97045,-12.0832],[-76.97033,-12.08364],[-76.97003,-12.08376],[-76.9698,-12.0837],[-76.96957,-12.08334],[-76.96984,-12.08292]],[[-76.96542,-12.03812],[-76.97134,-12.04058]],[[-76.96675,-12.03501],[-76.96436,-12.03319]],[[-76.96525,-12.03817],[-76.96684,-12.03446]],[[-77.15145,-12.06578],[-77.1519,-12.06404],[-77.15404,-12.06489],[-77.15791,-12.06728],[-77.15865,-12.06756],[-77.16558,-12.07312]],[[-77.13269,-12.06075],[-77.15,-12.06544],[-77.15562,-12.06669],[-77.15666,-12.06717],[-77.15743,-12.06773],[-77.15775,-12.0677]],[[-77.11966,-12.06479],[-77.11995,-12.06517],[-77.11975,-12.06561],[-77.11928,-12.06584],[-77.11893,-12.06574],[-77.11876,-12.0653],[-77.11908,-12.06488],[-77.11994,-12.06474],[-77.12703,-12.05952],[-77.1317,-12.06059],[-77.13214,-12.06055],[-77.13401,-12.0608],[-77.14686,-12.06268],[-77.14661,-12.06453]],[[-77.06611,-12.08338],[-77.08025,-12.07833],[-77.08183,-12.0781],[-77.09068,-12.07793],[-77.09219,-12.0777],[-77.09324,-12.07736],[-77.10356,-12.07245],[-77.11619,-12.06747],[-77.11743,-12.06673],[-77.11987,-12.0649]]]}},{"type":"Feature","properties":{"id":"relation/4552717","nombre":"X-IO18B_I","distrito":"Bellavista","tipo":"osm"},"geometry":{"type":"MultiLineString","coordinates":[[[-76.9713,-12.04068],[-76.9611,-12.03644],[-76.95799,-12.03535],[-76.95612,-12.0353],[-76.94317,-12.03088]],[[-76.97428,-12.04495],[-76.97263,-12.04869],[-76.96942,-12.04734],[-76.96892,-12.0473],[-76.96887,-12.04694],[-76.96855,-12.04674],[-76.97211,-12.03847]],[[-76.96885,-12.04876],[-76.96892,-12.0473]],[[-76.98085,-12.04097],[-76.98411,-12.04023],[-76.98432,-12.04107],[-76.98403,-12.0418],[-76.98332,-12.04296],[-76.98313,-12.04363],[-76.98235,-12.04531],[-76.98091,-12.04661],[-76.98036,-12.04681],[-76.9798,-12.04679],[-76.97644,-12.04536],[-76.97622,-12.04588],[-76.97425,-12.04504]],[[-77.01057,-12.05727],[-77.00864,-12.05881],[-77.00769,-12.05996],[-77.00671,-12.06072],[-77.00601,-12.06102],[-77.00597,-12.06083],[-77.00686,-12.05994],[-77.00732,-12.05882],[-77.00443,-12.05521],[-77.00414,-12.05466],[-77.00371,-12.0529],[-77.00345,-12.05228],[-76.99797,-12.04446],[-76.99765,-12.04368],[-76.99746,-12.04274],[-76.99751,-12.04029],[-76.99766,-12.04034],[-76.99775,-12.04023],[-76.99761,-12.03994],[-76.99745,-12.03996],[-76.99742,-12.04013],[-76.99677,-12.04007],[-76.99537,-12.04029],[-76.99285,-12.03991],[-76.99048,-12.03975],[-76.98965,-12.03984],[-76.9879,-12.03958],[-76.98626,-12.03977],[-76.98411,-12.04023]],[[-76.99751,-12.04029],[-76.99742,-12.04013]],[[-77.02907,-12.06452],[-77.01536,-12.06275],[-77.01555,-12.06133],[-77.01659,-12.05884],[-77.01713,-12.05826],[-77.01735,-12.05763],[-77.01645,-12.05749],[-77.01485,-12.05688],[-77.01381,-12.05565],[-77.01151,-12.05747],[-77.01089,-12.05743],[-77.01059,-12.0573],[-77.01061,-12.05716]],[[-77.02035,-12.06341],[-77.01875,-12.0632]],[[-77.03632,-12.06431],[-77.03613,-12.06411],[-77.0324,-12.06361],[-77.03223,-12.06376],[-77.03207,-12.06491],[-77.0292,-12.06454]],[[-77.03902,-12.06484],[-77.03632,-12.0644]],[[-77.03935,-12.06447],[-77.03943,-12.06478],[-77.03907,-12.06488],[-77.03898,-12.06455],[-77.03914,-12.06443],[-77.03935,-12.06447],[-77.03947,-12.06431],[-77.04128,-12.06088],[-77.04185,-12.0607],[-77.07193,-12.0971]],[[-77.04143,-12.06077],[-77.04111,-12.06057],[-77.041,-12.0602],[-77.04111,-12.05991],[-77.04142,-12.05971]],[[-77.04205,-12.06],[-77.04209,-12.06037],[-77.04185,-12.0607]],[[-77.1223,-12.07293],[-77.11016,-12.07738],[-77.10448,-12.08054],[-77.08503,-12.08935],[-77.08563,-12.09064],[-77.08485,-12.0907],[-77.08443,-12.08989],[-77.08413,-12.08961],[-77.08306,-12.08725],[-77.07658,-12.09058],[-77.07644,-12.09031],[-77.07281,-12.09162],[-77.07428,-12.09562],[-77.07143,-12.09663]],[[-77.08178,-12.07887],[-77.08296,-12.08468],[-77.08383,-12.08689],[-77.08503,-12.08935]],[[-77.12685,-12.06359],[-77.12136,-12.06577],[-77.12011,-12.06554],[-77.11975,-12.06561],[-77.11995,-12.06517],[-77.11966,-12.06479],[-77.1192,-12.0648],[-77.11878,-12.06522],[-77.11881,-12.06558],[-77.11906,-12.06583],[-77.11962,-12.06572],[-77.11959,-12.066],[-77.12334,-12.07254],[-77.12321,-12.07259]],[[-77.13172,-12.06951],[-77.12334,-12.07254]],[[-77.11975,-12.06561],[-77.11962,-12.06572]],[[-77.13453,-12.05149],[-77.13447,-12.05179],[-77.13422,-12.05198],[-77.13385,-12.0519],[-77.1337,-12.05162],[-77.13383,-12.05129],[-77.1341,-12.05117],[-77.13479,-12.05157],[-77.13949,-12.05181],[-77.13971,-12.05205],[-77.13997,-12.05281],[-77.14227,-12.05563],[-77.14254,-12.05651],[-77.14306,-12.06028],[-77.14306,-12.06117],[-77.14266,-12.06358],[-77.13357,-12.06119],[-77.12745,-12.06335]],[[-77.13357,-12.06119],[-77.13186,-12.06074]],[[-77.15792,-12.06817],[-77.15669,-12.06729],[-77.15568,-12.06681],[-77.15035,-12.06564],[-77.14266,-12.06358]],[[-77.13978,-12.05233],[-77.1397,-12.05259],[-77.13946,-12.0528],[-77.13901,-12.05286],[-77.13866,-12.05276],[-77.13846,-12.05253],[-77.13843,-12.05221],[-77.13854,-12.05193],[-77.13889,-12.05173]],[[-77.12506,-11.97601],[-77.12577,-11.99239],[-77.12694,-12.00246],[-77.12698,-12.00696],[-77.12927,-12.01847],[-77.1294,-12.01958],[-77.12928,-12.0222],[-77.12763,-12.03038],[-77.12802,-12.03273],[-77.12769,-12.03426],[-77.12741,-12.03706],[-77.12718,-12.03813],[-77.12656,-12.04458],[-77.13499,-12.04766],[-77.13429,-12.05094],[-77.13437,-12.05125]]]}},{"type":"Feature","properties":{"id":"relation/4552970","nombre":"X-IO18_I","distrito":"Bellavista","tipo":"osm"},"geometry":{"type":"MultiLineString","coordinates":[[[-76.87245,-12.00241],[-76.87889,-12.00417],[-76.87951,-12.00452],[-76.88072,-12.00571],[-76.88198,-12.00609],[-76.88965,-12.00818],[-76.89031,-12.00819],[-76.89157,-12.00788],[-76.89212,-12.00789],[-76.89258,-12.00818],[-76.89318,-12.00882],[-76.89875,-12.01033],[-76.89987,-12.01102],[-76.90042,-12.01171],[-76.90049,-12.01217],[-76.90027,-12.01298],[-76.90062,-12.01335],[-76.90075,-12.01394],[-76.90108,-12.01414],[-76.90083,-12.0144]],[[-76.9976,-12.04034],[-76.99742,-12.04013],[-76.9975,-12.03993],[-76.99775,-12.04018],[-76.9976,-12.04034],[-76.99754,-12.04274],[-76.99802,-12.04436],[-77.00342,-12.05209],[-77.00379,-12.05287],[-77.00422,-12.05464],[-77.00451,-12.0552],[-77.00768,-12.05915],[-77.00798,-12.05925],[-77.01232,-12.05583]],[[-76.92823,-12.01331],[-76.92814,-12.01326],[-76.92981,-12.0104],[-76.93665,-12.01425],[-76.9372,-12.01484],[-76.93765,-12.01566],[-76.9378,-12.01615],[-76.93782,-12.01756],[-76.95027,-12.0174],[-76.95029,-12.01915],[-76.95273,-12.01917],[-76.95391,-12.02019],[-76.95435,-12.02035],[-76.95848,-12.02066],[-76.95933,-12.02082],[-76.96866,-12.02448],[-76.97022,-12.02458],[-76.97769,-12.02402],[-76.9793,-12.02475],[-76.98765,-12.0262],[-76.99076,-12.02644],[-76.99623,-12.02662],[-77.00119,-12.02774],[-77.0008,-12.02877],[-76.99976,-12.03037],[-76.99873,-12.03282],[-76.99763,-12.03597],[-76.99745,-12.03709],[-76.99761,-12.03994]],[[-77.00169,-12.02619],[-77.00119,-12.02774]],[[-76.92814,-12.01326],[-76.92648,-12.01229],[-76.92424,-12.0161],[-76.92382,-12.01663],[-76.92279,-12.0174],[-76.92132,-12.01779],[-76.92023,-12.01771],[-76.90582,-12.01503],[-76.90444,-12.01424],[-76.90304,-12.01255],[-76.90145,-12.01385]],[[-77.01228,-12.05589],[-77.01393,-12.05793],[-77.0143,-12.05807],[-77.01308,-12.06099],[-77.03886,-12.06439]],[[-77.13309,-12.06766],[-77.13379,-12.06284],[-77.14114,-12.06405],[-77.14125,-12.06184],[-77.14276,-12.06207],[-77.14294,-12.06098],[-77.14268,-12.05835],[-77.14228,-12.05604],[-77.13992,-12.05299],[-77.13914,-12.05287],[-77.13946,-12.0528],[-77.1397,-12.05259],[-77.13977,-12.05225],[-77.13962,-12.05192],[-77.13933,-12.05175],[-77.13889,-12.05173],[-77.1386,-12.05187],[-77.13845,-12.05213],[-77.13843,-12.0519],[-77.13828,-12.05181],[-77.13467,-12.05166],[-77.13412,-12.05199],[-77.13376,-12.05178],[-77.13373,-12.05144],[-77.13397,-12.0512],[-77.13424,-12.05119],[-77.13449,-12.0514],[-77.13452,-12.0517]],[[-77.13914,-12.05287],[-77.1386,-12.05271],[-77.13843,-12.05245],[-77.13845,-12.05213]],[[-77.03935,-12.06428],[-77.04123,-12.06068],[-77.04161,-12.06078],[-77.04192,-12.06064],[-77.04209,-12.06037],[-77.04205,-12.06],[-77.05161,-12.05712],[-77.05111,-12.05523],[-77.05623,-12.05566],[-77.05778,-12.05568],[-77.06154,-12.05639],[-77.06412,-12.05704],[-77.06552,-12.05717],[-77.06821,-12.05782],[-77.07155,-12.05838],[-77.08218,-12.06084],[-77.08675,-12.06148],[-77.10056,-12.0628],[-77.10569,-12.06325],[-77.10772,-12.06326],[-77.11865,-12.0652],[-77.1192,-12.0648],[-77.11955,-12.06477],[-77.11982,-12.06493],[-77.11995,-12.06525],[-77.11962,-12.06572],[-77.11914,-12.06584],[-77.11881,-12.06558],[-77.11882,-12.06514]],[[-77.11995,-12.06517],[-77.12022,-12.06547],[-77.12122,-12.06557],[-77.1216,-12.06573],[-77.13298,-12.06776]],[[-77.04123,-12.06068],[-77.04103,-12.06044],[-77.04101,-12.06012],[-77.04116,-12.05985],[-77.04142,-12.05971]],[[-77.12602,-11.9975],[-77.12549,-11.99719],[-77.12539,-11.99688],[-77.12546,-11.99645],[-77.12586,-11.99593],[-77.12593,-11.99552],[-77.12556,-11.99228],[-77.12545,-11.98988],[-77.12488,-11.97568],[-77.125,-11.97251]],[[-77.125,-11.99697],[-77.12546,-11.99645]],[[-77.12917,-12.01996],[-77.12905,-12.01858],[-77.1268,-12.00726],[-77.12667,-12.00087],[-77.12631,-11.99772],[-77.12612,-11.99752],[-77.12578,-11.99749],[-77.12273,-11.99869]],[[-77.13397,-12.0512],[-77.13421,-12.0509],[-77.1349,-12.04763],[-77.12656,-12.04458]],[[-77.12629,-11.99684],[-77.12694,-12.00246],[-77.12698,-12.00696],[-77.12927,-12.01847],[-77.1294,-12.01958],[-77.12928,-12.0222],[-77.12763,-12.03038],[-77.12802,-12.03273],[-77.12769,-12.03426],[-77.12741,-12.03706],[-77.12718,-12.03813],[-77.12681,-12.04217]]]}},{"type":"Feature","properties":{"id":"relation/4553561","nombre":"X-IO19_I","distrito":"Bellavista","tipo":"osm"},"geometry":{"type":"MultiLineString","coordinates":[[[-77.05612,-12.0313],[-77.0573,-12.02944],[-77.05748,-12.02844],[-77.05793,-12.02791],[-77.05806,-12.02746],[-77.06039,-12.01334],[-77.06048,-12.01151],[-77.06096,-12.00885],[-77.06082,-12.00845],[-77.06129,-12.00773],[-77.06166,-12.00458],[-77.06204,-12.00471],[-77.06231,-12.00442],[-77.06214,-12.00406],[-77.06172,-12.00409],[-77.0637,-11.99141],[-77.06352,-11.99028],[-77.0632,-11.98998],[-77.05706,-11.98905],[-77.05688,-11.98887],[-77.05691,-11.9883],[-77.05893,-11.98015],[-77.04736,-11.97691],[-77.04714,-11.97767],[-77.04689,-11.97767],[-77.04567,-11.98176],[-77.04353,-11.98116],[-77.04324,-11.98151],[-77.04104,-11.98088],[-77.04051,-11.98265],[-77.03899,-11.98223],[-77.03973,-11.97972],[-77.03962,-11.97911],[-77.03775,-11.97839],[-77.03845,-11.97606]],[[-77.0472,-11.98218],[-77.04576,-11.98179],[-77.04698,-11.97763]],[[-77.04576,-11.98179],[-77.04567,-11.98176]],[[-77.06166,-12.00458],[-77.06159,-12.00432],[-77.06172,-12.00409]],[[-77.06106,-12.00816],[-77.06149,-12.0082],[-77.06166,-12.00861],[-77.06139,-12.00893],[-77.06096,-12.00885]],[[-77.05775,-12.02816],[-77.05805,-12.02812],[-77.05833,-12.02827],[-77.05845,-12.02854],[-77.0584,-12.02883],[-77.05794,-12.02909],[-77.05764,-12.02898],[-77.05747,-12.0287]],[[-77.12685,-12.06359],[-77.12136,-12.06577],[-77.12001,-12.06553],[-77.11939,-12.06582],[-77.11906,-12.06583],[-77.11745,-12.06699],[-77.11592,-12.06773],[-77.1036,-12.07256],[-77.09327,-12.07756],[-77.09089,-12.07806],[-77.08185,-12.07828],[-77.08066,-12.07842],[-77.07887,-12.07895],[-77.06729,-12.08314],[-77.06928,-12.08845],[-77.06583,-12.08971],[-77.04194,-12.06076],[-77.04135,-12.06074],[-77.04101,-12.06036],[-77.04111,-12.05991],[-77.04151,-12.0597],[-77.04159,-12.0595],[-77.04162,-12.05797],[-77.04355,-12.03606],[-77.04336,-12.03579],[-77.04305,-12.03571],[-77.04226,-12.03619],[-77.04229,-12.03651],[-77.0426,-12.03663],[-77.04593,-12.03569],[-77.04873,-12.03514],[-77.05439,-12.03277],[-77.0556,-12.03182]],[[-77.04151,-12.0597],[-77.04188,-12.0598],[-77.04208,-12.06007],[-77.04206,-12.06044],[-77.04185,-12.0607]],[[-77.07079,-12.09576],[-77.06583,-12.08971]],[[-77.11906,-12.06583],[-77.11881,-12.06558],[-77.11876,-12.0653],[-77.1192,-12.0648],[-77.11966,-12.06479],[-77.11989,-12.06502],[-77.11995,-12.06525],[-77.11975,-12.06561]],[[-77.1063,-12.02136],[-77.10656,-12.02158],[-77.10642,-12.02209],[-77.1056,-12.02312],[-77.10525,-12.02382],[-77.10516,-12.02446],[-77.10342,-12.02752],[-77.10307,-12.02789],[-77.09983,-12.03426],[-77.09946,-12.03547],[-77.09924,-12.04021],[-77.1025,-12.04118],[-77.10818,-12.04195],[-77.10921,-12.04196],[-77.11588,-12.04031],[-77.12075,-12.03976],[-77.12565,-12.03802],[-77.1272,-12.03805],[-77.12605,-12.04989],[-77.12615,-12.05053],[-77.12678,-12.05088],[-77.13347,-12.05146],[-77.13417,-12.05118],[-77.13479,-12.05157],[-77.13933,-12.05175],[-77.13971,-12.05205],[-77.13997,-12.05281],[-77.14227,-12.05563],[-77.14249,-12.05623],[-77.14296,-12.05927],[-77.14308,-12.06087],[-77.14266,-12.06358],[-77.13186,-12.06074]],[[-77.15792,-12.06817],[-77.15669,-12.06729],[-77.15568,-12.06681],[-77.15035,-12.06564],[-77.14266,-12.06358]],[[-77.13978,-12.05233],[-77.1397,-12.05259],[-77.13946,-12.0528],[-77.13901,-12.05286],[-77.13866,-12.05276],[-77.13846,-12.05253],[-77.13843,-12.05221],[-77.13854,-12.05193],[-77.13889,-12.05173]],[[-77.13453,-12.05149],[-77.13441,-12.05188],[-77.13405,-12.05198],[-77.13372,-12.05172],[-77.13377,-12.05135]],[[-77.12631,-12.0507],[-77.12615,-12.05116],[-77.12589,-12.05123],[-77.12565,-12.05111],[-77.12554,-12.05082],[-77.12562,-12.05061],[-77.12587,-12.05047],[-77.12615,-12.05053]],[[-77.13357,-12.06119],[-77.12745,-12.06335]],[[-77.12741,-12.03706],[-77.1272,-12.03805]],[[-77.08155,-12.03654],[-77.098,-12.03967],[-77.09924,-12.04021]],[[-77.09027,-12.0116],[-77.09246,-12.01208],[-77.09448,-12.01302],[-77.0959,-12.01411],[-77.09987,-12.01839],[-77.10049,-12.0189],[-77.10219,-12.01995],[-77.1055,-12.02155],[-77.10578,-12.02164],[-77.10605,-12.02153]]]}},{"type":"Feature","properties":{"id":"relation/4553981","nombre":"X-IO23_I","distrito":"Bellavista","tipo":"osm"},"geometry":{"type":"MultiLineString","coordinates":[[[-77.03817,-12.06764],[-77.03796,-12.06637],[-77.03817,-12.06764],[-77.03573,-12.08375],[-77.02681,-12.08251],[-77.02165,-12.08151],[-77.02123,-12.08447],[-77.02013,-12.0843],[-77.01947,-12.08438],[-77.01549,-12.08615],[-77.01388,-12.09198]],[[-76.94363,-12.18056],[-76.94238,-12.18256],[-76.94214,-12.18247],[-76.94209,-12.18271],[-76.94227,-12.18276],[-76.94239,-12.1826],[-76.94551,-12.18435],[-76.94621,-12.18476],[-76.9468,-12.18544],[-76.94407,-12.19002],[-76.94409,-12.1902],[-76.9396,-12.19761],[-76.94029,-12.19807]],[[-76.94238,-12.18256],[-76.94239,-12.1826]],[[-76.94849,-12.17266],[-76.94665,-12.17541],[-76.94373,-12.18043]],[[-76.99015,-12.14376],[-76.9897,-12.14414],[-76.98743,-12.14699],[-76.98691,-12.14743],[-76.98542,-12.14825],[-76.98347,-12.14956],[-76.98201,-12.15023],[-76.97949,-12.15099],[-76.97337,-12.15359],[-76.96052,-12.15872],[-76.95739,-12.16015],[-76.95649,-12.16109],[-76.95158,-12.1674],[-76.94941,-12.17111],[-76.94896,-12.17164]],[[-76.98526,-12.14845],[-76.98347,-12.14956]],[[-76.99973,-12.13097],[-76.99335,-12.13998],[-76.99188,-12.14173]],[[-77.01873,-12.10452],[-77.01532,-12.10831],[-77.0142,-12.10977],[-77.01207,-12.11277],[-77.00327,-12.12595],[-76.99963,-12.13109]],[[-77.01844,-12.11282],[-77.01868,-12.10203],[-77.02054,-12.09733],[-77.01741,-12.09773]],[[-77.01392,-12.09179],[-77.01914,-12.09255],[-77.01938,-12.09315],[-77.01941,-12.09357],[-77.0184,-12.09629],[-77.01842,-12.09761]],[[-77.03785,-12.06467],[-77.03771,-12.06478],[-77.03796,-12.06637]],[[-77.03902,-12.06484],[-77.03632,-12.0644]],[[-77.03935,-12.06447],[-77.03943,-12.06478],[-77.03907,-12.06488],[-77.03898,-12.06455],[-77.03914,-12.06443],[-77.03935,-12.06447],[-77.03947,-12.06431],[-77.04128,-12.06088],[-77.04192,-12.06064],[-77.0421,-12.06014],[-77.05691,-12.05574],[-77.05776,-12.05581],[-77.06869,-12.05795],[-77.0826,-12.06107],[-77.08455,-12.06129],[-77.08506,-12.06122],[-77.10459,-12.06329],[-77.10474,-12.06316],[-77.1052,-12.05868],[-77.106,-12.05515]],[[-77.04143,-12.06077],[-77.04111,-12.06057],[-77.041,-12.0602],[-77.04111,-12.05991],[-77.04142,-12.05971]],[[-77.04205,-12.06],[-77.0421,-12.06014]]]}},{"type":"Feature","properties":{"id":"relation/4554819","nombre":"X-IO28_I","distrito":"Bellavista","tipo":"osm"},"geometry":{"type":"MultiLineString","coordinates":[[[-76.95668,-12.16047],[-76.95789,-12.15955],[-76.96817,-12.15538]],[[-77.00063,-12.12913],[-77.00054,-12.12947],[-76.99958,-12.13091],[-76.99324,-12.1399],[-76.99205,-12.14132],[-76.99034,-12.14301],[-76.9872,-12.14704],[-76.98529,-12.14813],[-76.98434,-12.14893],[-76.98279,-12.14973],[-76.98188,-12.15011],[-76.97994,-12.15053],[-76.97173,-12.15389],[-76.97033,-12.14916],[-76.96507,-12.14422],[-76.96451,-12.14339],[-76.96359,-12.14127],[-76.9628,-12.14031]],[[-76.97263,-12.1652],[-76.97808,-12.16656],[-76.97834,-12.16678]],[[-76.96381,-12.18068],[-76.96413,-12.18239],[-76.96396,-12.18436],[-76.96422,-12.18401],[-76.96564,-12.18014],[-76.96901,-12.16706],[-76.96919,-12.16563],[-76.96917,-12.16461]],[[-76.96093,-12.19246],[-76.96397,-12.18732],[-76.96608,-12.1818]],[[-76.96082,-12.19255],[-76.96109,-12.19248],[-76.96115,-12.19273],[-76.96091,-12.19281],[-76.96082,-12.19255]],[[-76.94409,-12.1902],[-76.9489,-12.19297]],[[-76.9578,-12.19814],[-76.95975,-12.19923],[-76.97282,-12.19665]],[[-76.95276,-12.20583],[-76.95755,-12.198]],[[-76.96412,-12.1874],[-76.96007,-12.18518]],[[-76.96384,-12.1849],[-76.96262,-12.18461],[-76.96171,-12.18608]],[[-77.03256,-12.09705],[-77.03751,-12.064]],[[-77.00061,-12.12858],[-77.0006,-12.12805],[-76.99832,-12.12223],[-76.99816,-12.12099],[-76.99815,-12.1199],[-76.9984,-12.11814],[-76.99969,-12.11349],[-77.00006,-12.11165],[-77.02978,-12.1137],[-77.03242,-12.09807]],[[-77.02892,-12.11902],[-77.02978,-12.1137]],[[-77.00006,-12.11165],[-77.00018,-12.11091]],[[-77.00109,-12.12833],[-77.00142,-12.12847],[-77.00158,-12.12887],[-77.00141,-12.12922],[-77.00103,-12.12935],[-77.00063,-12.12913],[-77.00054,-12.12878],[-77.00076,-12.12842],[-77.00109,-12.12833]],[[-77.12335,-11.99153],[-77.12146,-11.98925],[-77.11988,-11.98955],[-77.11957,-11.98946],[-77.11921,-11.9891],[-77.11863,-11.98909],[-77.11814,-11.98961],[-77.11788,-11.98964],[-77.11677,-11.98845],[-77.11632,-11.98747]],[[-77.11364,-11.99526],[-77.11608,-11.99439],[-77.11698,-11.99459],[-77.11829,-11.9951],[-77.11841,-11.99488],[-77.11804,-11.99433],[-77.11841,-11.9934],[-77.11847,-11.99169],[-77.11764,-11.99081],[-77.11724,-11.99056],[-77.11706,-11.98999],[-77.11656,-11.98926],[-77.11593,-11.98761]],[[-77.11797,-11.974],[-77.11503,-11.979],[-77.11495,-11.97944],[-77.11462,-11.98135],[-77.1147,-11.98191],[-77.11608,-11.98504],[-77.116,-11.98579],[-77.11443,-11.98808],[-77.11411,-11.99424],[-77.09682,-12.02894],[-77.09601,-12.0297],[-77.09488,-12.03002],[-77.08123,-12.03153]],[[-77.03935,-12.06428],[-77.04123,-12.06068],[-77.04161,-12.06078],[-77.04192,-12.06064],[-77.04209,-12.06037],[-77.04205,-12.06],[-77.05161,-12.05712],[-77.05111,-12.05523],[-77.05623,-12.05566],[-77.05756,-12.05565],[-77.06144,-12.05642]],[[-77.04123,-12.06068],[-77.04103,-12.06044],[-77.04101,-12.06012],[-77.04116,-12.05985],[-77.04142,-12.05971]],[[-77.0364,-12.06408],[-77.03886,-12.06439]],[[-77.06146,-12.05641],[-77.06174,-12.05505],[-77.06171,-12.05449],[-77.05936,-12.04873],[-77.05934,-12.04809],[-77.06493,-12.04865],[-77.06603,-12.03852],[-77.06617,-12.03609],[-77.06603,-12.03563],[-77.0652,-12.03412],[-77.06493,-12.03227],[-77.06829,-12.03189],[-77.0742,-12.03195]],[[-77.0649,-12.03206],[-77.06493,-12.03227]],[[-77.07988,-12.03169],[-77.07521,-12.03198]],[[-77.0811,-12.03155],[-77.08023,-12.03165]]]}},{"type":"Feature","properties":{"id":"relation/4555083","nombre":"X-IO28B_I","distrito":"Bellavista","tipo":"osm"},"geometry":{"type":"MultiLineString","coordinates":[[[-77.13067,-11.93611],[-77.1304,-11.93159],[-77.13002,-11.92848],[-77.12902,-11.9225],[-77.12875,-11.91888],[-77.1283,-11.91206],[-77.12863,-11.90771],[-77.12816,-11.90116],[-77.12697,-11.89762],[-77.12597,-11.8902],[-77.12602,-11.88826],[-77.12591,-11.88652],[-77.12619,-11.88464],[-77.1265,-11.87672],[-77.12744,-11.87151],[-77.12756,-11.87153]],[[-77.08015,-12.03149],[-77.09451,-12.02986],[-77.09573,-12.02957],[-77.09647,-12.02901],[-77.10115,-12.01963],[-77.09983,-12.01858],[-77.09826,-12.01693],[-77.10464,-12.00401],[-77.10893,-11.99568],[-77.10937,-11.9949],[-77.11016,-11.99419],[-77.11034,-11.99411],[-77.11464,-11.99864],[-77.11532,-11.99912],[-77.11641,-11.99965],[-77.11745,-11.99986],[-77.11789,-11.99985],[-77.11856,-11.99951]],[[-76.90622,-12.21019],[-76.90634,-12.21276],[-76.9085,-12.22507],[-76.90954,-12.22918],[-76.90974,-12.22947]],[[-76.90988,-12.22987],[-76.90987,-12.23046],[-76.91252,-12.23727],[-76.91264,-12.23806],[-76.91259,-12.2388]],[[-76.91221,-12.23965],[-76.91253,-12.23855],[-76.91245,-12.2374],[-76.90959,-12.22988]],[[-76.92531,-12.24701],[-76.92468,-12.24697],[-76.9128,-12.24012],[-76.91234,-12.24001]],[[-76.92783,-12.22842],[-76.93261,-12.23122],[-76.93728,-12.2376]],[[-76.92772,-12.2289],[-76.9274,-12.22897],[-76.92219,-12.23767],[-76.91911,-12.24123],[-76.91798,-12.24313]],[[-76.92767,-12.22887],[-76.92743,-12.2286],[-76.92743,-12.2284],[-76.92757,-12.2283],[-76.92775,-12.22835],[-76.92796,-12.22866],[-76.92785,-12.22889],[-76.92767,-12.22887]],[[-76.95875,-12.15948],[-76.96011,-12.16306],[-76.96253,-12.17375],[-76.96272,-12.17978],[-76.96246,-12.18122],[-76.95605,-12.19219],[-76.93242,-12.23155]],[[-76.96855,-12.16167],[-76.96149,-12.16454],[-76.96043,-12.16478]],[[-76.96564,-12.18014],[-76.96901,-12.16706],[-76.96919,-12.16563],[-76.96917,-12.16461]],[[-76.9783,-12.16691],[-76.97804,-12.16668],[-76.97049,-12.16475],[-76.96918,-12.16469]],[[-76.96289,-12.14026],[-76.96371,-12.14129],[-76.96451,-12.14316],[-76.96506,-12.14403],[-76.96703,-12.14603],[-76.96965,-12.14829],[-76.97043,-12.14918],[-76.97182,-12.15386],[-76.97296,-12.15675],[-76.97326,-12.15801],[-76.97337,-12.15982],[-76.97291,-12.16388]],[[-76.98095,-12.13821],[-76.9823,-12.14589],[-76.98264,-12.14692]],[[-76.97173,-12.15389],[-76.97994,-12.15053],[-76.98069,-12.15044],[-76.98247,-12.14987],[-76.98434,-12.14893],[-76.98499,-12.14848],[-76.98535,-12.14798],[-76.98595,-12.14767],[-76.98571,-12.14708],[-76.98363,-12.13467],[-76.98176,-12.12974],[-76.98735,-12.12777],[-77.00056,-12.1287]],[[-76.95668,-12.16047],[-76.95789,-12.15955],[-76.96817,-12.15538]],[[-76.97638,-12.15205],[-76.97662,-12.15258],[-76.97822,-12.15384],[-76.97722,-12.15498],[-76.97296,-12.15675]],[[-76.9785,-12.15403],[-76.97822,-12.15384]],[[-77.00156,-12.12869],[-77.00184,-12.12874],[-77.02939,-12.12448],[-77.02908,-12.12227],[-77.02896,-12.11944]],[[-77.00109,-12.12833],[-77.00142,-12.12847],[-77.00158,-12.12887],[-77.00141,-12.12922],[-77.00103,-12.12935],[-77.00063,-12.12913],[-77.00054,-12.12878],[-77.00076,-12.12842],[-77.00109,-12.12833]],[[-77.03935,-12.06428],[-77.04123,-12.06068],[-77.04161,-12.06078],[-77.04192,-12.06064],[-77.04209,-12.06037],[-77.04205,-12.06],[-77.05161,-12.05712],[-77.05111,-12.05523],[-77.05665,-12.05565],[-77.05853,-12.05521],[-77.06159,-12.05414],[-77.05936,-12.04873],[-77.05934,-12.04809],[-77.06493,-12.04865],[-77.06603,-12.03852],[-77.06617,-12.03609],[-77.06603,-12.03563],[-77.0652,-12.03412],[-77.0649,-12.03206],[-77.06778,-12.03169],[-77.07722,-12.03184],[-77.07969,-12.03155]],[[-77.06159,-12.05414],[-77.0617,-12.0541]],[[-77.04123,-12.06068],[-77.04103,-12.06044],[-77.04101,-12.06012],[-77.04116,-12.05985],[-77.04142,-12.05971]],[[-77.0364,-12.06408],[-77.03912,-12.06444]],[[-77.02892,-12.11902],[-77.03235,-12.09855],[-77.03751,-12.064]],[[-77.02926,-12.1192],[-77.02914,-12.11949],[-77.02892,-12.11939],[-77.02893,-12.11901],[-77.02918,-12.11903]],[[-77.12552,-11.87116],[-77.12744,-11.87151]],[[-77.11859,-11.99949],[-77.12458,-11.99744],[-77.1259,-11.99579],[-77.12553,-11.99188],[-77.12488,-11.97568],[-77.12493,-11.97319],[-77.12521,-11.97035],[-77.12581,-11.96717],[-77.12673,-11.96403],[-77.13161,-11.94908],[-77.13162,-11.94719],[-77.13107,-11.93978],[-77.1307,-11.93687]],[[-77.12728,-11.87148],[-77.12811,-11.86684],[-77.1285,-11.85229]],[[-77.1283,-11.85957],[-77.12495,-11.85951],[-77.12513,-11.85181],[-77.12829,-11.8519]]]}},{"type":"Feature","properties":{"id":"relation/4555747","nombre":"X-IO30_I","distrito":"Bellavista","tipo":"osm"},"geometry":{"type":"MultiLineString","coordinates":[[[-77.0983,-12.04846],[-77.06587,-12.04561],[-77.06518,-12.04575],[-77.06444,-12.04549],[-77.05229,-12.04433],[-77.05086,-12.04438],[-77.04341,-12.04371]],[[-76.97788,-12.13112],[-76.98726,-12.12778],[-76.99822,-12.12866],[-77.00162,-12.12879],[-77.02939,-12.12448],[-77.02908,-12.12227],[-77.02896,-12.11944]],[[-77.08015,-12.03149],[-77.09451,-12.02986],[-77.09573,-12.02957],[-77.09647,-12.02901],[-77.10115,-12.01963],[-77.09983,-12.01858],[-77.09826,-12.01693],[-77.10464,-12.00401],[-77.10893,-11.99568],[-77.10951,-11.99475],[-77.11034,-11.99411],[-77.11267,-11.99662]],[[-76.97792,-12.13132],[-76.97727,-12.13142],[-76.9767,-12.13134],[-76.97664,-12.13149],[-76.97652,-12.13446],[-76.97552,-12.13715],[-76.97492,-12.13835],[-76.97479,-12.13927],[-76.97492,-12.14081],[-76.97405,-12.14281],[-76.96752,-12.15001],[-76.95556,-12.15995],[-76.95172,-12.16448],[-76.94956,-12.16673],[-76.94597,-12.17081],[-76.94244,-12.17516],[-76.94142,-12.17605]],[[-76.9767,-12.13134],[-76.97667,-12.12973]],[[-76.93397,-12.15524],[-76.93504,-12.15568],[-76.95055,-12.16624]],[[-77.06495,-12.04565],[-77.06492,-12.04539],[-77.06523,-12.04503],[-77.0661,-12.0363],[-77.066,-12.03579],[-77.06512,-12.03413],[-77.06481,-12.03207],[-77.06778,-12.03169],[-77.07722,-12.03184],[-77.07969,-12.03155]],[[-77.06486,-12.04854],[-77.06514,-12.04602],[-77.06503,-12.04571]],[[-77.03935,-12.06428],[-77.04123,-12.06068],[-77.04161,-12.06078],[-77.04192,-12.06064],[-77.04209,-12.06037],[-77.04205,-12.06],[-77.05161,-12.05712],[-77.05111,-12.05523],[-77.05665,-12.05565],[-77.05853,-12.05521],[-77.06159,-12.05414],[-77.05936,-12.04873],[-77.05935,-12.048],[-77.06494,-12.04855]],[[-77.06159,-12.05414],[-77.0617,-12.0541]],[[-77.04123,-12.06068],[-77.04103,-12.06044],[-77.04101,-12.06012],[-77.04116,-12.05985],[-77.04142,-12.05971]],[[-77.0364,-12.06408],[-77.03886,-12.06439]],[[-77.02892,-12.11902],[-77.03235,-12.09855],[-77.03751,-12.064]],[[-77.02926,-12.1192],[-77.02914,-12.11949],[-77.02892,-12.11939],[-77.02893,-12.11901],[-77.02918,-12.11903]]]}},{"type":"Feature","properties":{"id":"relation/4555931","nombre":"X-IO30B_I","distrito":"Bellavista","tipo":"osm"},"geometry":{"type":"MultiLineString","coordinates":[[[-77.00393,-12.12856],[-77.00162,-12.12886],[-76.99992,-12.12884],[-76.98733,-12.12791],[-76.98634,-12.12817],[-76.97792,-12.13132]],[[-76.94987,-12.16705],[-76.93851,-12.15934],[-76.93775,-12.15864],[-76.93749,-12.1586],[-76.93356,-12.15591]],[[-76.93788,-12.15887],[-76.93762,-12.15885],[-76.93749,-12.1586]],[[-76.97677,-12.1314],[-76.97659,-12.13447],[-76.97507,-12.13837],[-76.97492,-12.13933],[-76.97501,-12.14091],[-76.97427,-12.14289],[-76.97383,-12.14366],[-76.96969,-12.14824],[-76.96773,-12.1502],[-76.96308,-12.15408],[-76.96071,-12.15584],[-76.9557,-12.16008],[-76.95402,-12.16224],[-76.94571,-12.17195],[-76.94459,-12.17291],[-76.94264,-12.17525],[-76.94142,-12.17605]],[[-77.02925,-12.11934],[-77.02931,-12.11969],[-77.0324,-12.12383],[-77.03162,-12.12415],[-77.02949,-12.12454],[-77.00947,-12.12767],[-77.01811,-12.12633]],[[-77.00947,-12.12767],[-77.00399,-12.12855],[-77.00947,-12.12767]],[[-77.02926,-12.1192],[-77.02914,-12.11949],[-77.02892,-12.11939],[-77.02893,-12.11901],[-77.02918,-12.11903]],[[-77.03745,-12.0649],[-77.03252,-12.09846],[-77.02921,-12.118],[-77.02916,-12.119]],[[-77.03902,-12.06484],[-77.03632,-12.0644]],[[-77.03935,-12.06447],[-77.03943,-12.06478],[-77.03907,-12.06488],[-77.03898,-12.06455],[-77.03914,-12.06443],[-77.03935,-12.06447],[-77.03947,-12.06431],[-77.04143,-12.06077],[-77.04111,-12.06057],[-77.041,-12.0602],[-77.04111,-12.05991],[-77.04142,-12.05971]],[[-77.0742,-12.03195],[-77.06829,-12.03189],[-77.06493,-12.03227],[-77.0652,-12.03412],[-77.06603,-12.03563],[-77.06617,-12.03609],[-77.06603,-12.03852],[-77.06493,-12.04865],[-77.05945,-12.0481],[-77.05947,-12.04868],[-77.06182,-12.05446],[-77.06187,-12.05501],[-77.06159,-12.05657],[-77.05769,-12.0558],[-77.05665,-12.05577],[-77.04221,-12.06009],[-77.0421,-12.06014],[-77.04192,-12.06064],[-77.04143,-12.06077]],[[-77.04205,-12.06],[-77.0421,-12.06014]],[[-77.0649,-12.03206],[-77.06493,-12.03227]],[[-77.12756,-11.87153],[-77.12681,-11.8757],[-77.12692,-11.87772],[-77.12646,-11.87989],[-77.12629,-11.88433],[-77.12638,-11.8845],[-77.12614,-11.88717],[-77.12626,-11.8885],[-77.12624,-11.89161],[-77.12705,-11.89761],[-77.12825,-11.90116],[-77.12878,-11.90818],[-77.12864,-11.9131],[-77.13062,-11.9319],[-77.13187,-11.94836],[-77.13165,-11.94985],[-77.12653,-11.96525],[-77.12587,-11.96767],[-77.12524,-11.97147],[-77.12506,-11.97601],[-77.12577,-11.99239],[-77.12629,-11.99684],[-77.12578,-11.99749],[-77.12147,-11.99917],[-77.12117,-11.99912],[-77.1183,-12.0002],[-77.1175,-12.00059],[-77.11677,-12.00115],[-77.11024,-11.99428],[-77.10944,-11.99499],[-77.10882,-11.99616],[-77.09845,-12.01686],[-77.09987,-12.01839],[-77.1015,-12.01958],[-77.097,-12.02862],[-77.09651,-12.02933],[-77.09576,-12.02983],[-77.09488,-12.03002],[-77.07988,-12.03169],[-77.07521,-12.03198]],[[-77.12701,-11.87292],[-77.12811,-11.86684],[-77.12862,-11.85221]],[[-77.12717,-11.8721],[-77.12528,-11.87177]],[[-77.13033,-11.83025],[-77.12329,-11.82451],[-77.11949,-11.82877],[-77.11231,-11.83455],[-77.11096,-11.836],[-77.1107,-11.83666],[-77.11093,-11.8374],[-77.11894,-11.84562],[-77.11983,-11.84771],[-77.12048,-11.84849],[-77.1208,-11.8487],[-77.12311,-11.84954],[-77.12529,-11.84937],[-77.12635,-11.84956],[-77.12734,-11.85011],[-77.12851,-11.85128]],[[-77.13038,-11.8302],[-77.13192,-11.83152],[-77.132,-11.8317],[-77.13115,-11.83103],[-77.13304,-11.83253],[-77.13852,-11.83405]],[[-77.13115,-11.83103],[-77.13036,-11.83037]]]}},{"type":"Feature","properties":{"id":"relation/4557990","nombre":"X-IO31_I","distrito":"Bellavista","tipo":"osm"},"geometry":{"type":"MultiLineString","coordinates":[[[-77.06716,-12.08302],[-77.07923,-12.07863],[-77.08056,-12.07826],[-77.08183,-12.0781],[-77.09061,-12.07793],[-77.09219,-12.0777],[-77.0933,-12.07734],[-77.09821,-12.07499],[-77.09869,-12.07447],[-77.09899,-12.0739],[-77.09905,-12.07289],[-77.09738,-12.06734],[-77.09709,-12.06252],[-77.09823,-12.0515],[-77.09829,-12.04861],[-77.09851,-12.04606],[-77.09865,-12.04527],[-77.09894,-12.04501],[-77.09903,-12.04475],[-77.09892,-12.0442],[-77.09905,-12.04252],[-77.09892,-12.04196],[-77.09918,-12.03907],[-77.09932,-12.03562],[-77.10006,-12.03339],[-77.10044,-12.03297],[-77.10303,-12.02776],[-77.1033,-12.02745],[-77.10508,-12.02427],[-77.1057,-12.02227]],[[-77.10572,-12.02219],[-77.10571,-12.02195],[-77.10541,-12.02171],[-77.1014,-12.01979],[-77.10049,-12.01913],[-77.09943,-12.0182],[-77.09595,-12.01448],[-77.09484,-12.0135],[-77.09286,-12.01244],[-77.08999,-12.0117],[-77.08548,-12.0079],[-77.08411,-12.00708],[-77.08263,-12.00671],[-77.07673,-12.00639],[-77.07443,-12.00642],[-77.06222,-12.0046]],[[-77.06172,-12.00409],[-77.06198,-12.00401],[-77.06223,-12.00413],[-77.06231,-12.00438],[-77.0622,-12.00462],[-77.06178,-12.00468],[-77.06159,-12.00432],[-77.06172,-12.00409],[-77.06299,-11.99589],[-77.06324,-11.99511],[-77.06359,-11.993],[-77.06374,-11.99112],[-77.06364,-11.9902],[-77.06402,-11.9904],[-77.06442,-11.99042],[-77.06468,-11.99024],[-77.0647,-11.98995],[-77.06447,-11.9897],[-77.06392,-11.98963],[-77.06365,-11.98977],[-77.06362,-11.99015],[-77.0632,-11.98998],[-77.05703,-11.98905],[-77.05686,-11.98884],[-77.05818,-11.98309],[-77.05947,-11.97838],[-77.05954,-11.97769],[-77.05945,-11.97679],[-77.05911,-11.97593],[-77.05797,-11.97399],[-77.0576,-11.97302],[-77.05742,-11.9718],[-77.0575,-11.96916],[-77.05739,-11.96869],[-77.05573,-11.96577],[-77.051,-11.95182],[-77.05072,-11.95141],[-77.04955,-11.95035],[-77.04928,-11.94986],[-77.04933,-11.94895],[-77.05048,-11.94426],[-77.0502,-11.93979],[-77.04992,-11.93868],[-77.04946,-11.93776],[-77.04686,-11.934],[-77.04452,-11.93118],[-77.04312,-11.92834],[-77.04275,-11.92708],[-77.04217,-11.92254],[-77.04134,-11.91783],[-77.04103,-11.91667],[-77.04048,-11.91537],[-77.03743,-11.90996],[-77.03679,-11.90947],[-77.03418,-11.90848],[-77.03584,-11.90589],[-77.0367,-11.90501],[-77.0389,-11.90165],[-77.03975,-11.90091],[-77.03762,-11.89708],[-77.03605,-11.89492],[-77.03996,-11.89165],[-77.0431,-11.8905],[-77.0436,-11.89005],[-77.04402,-11.89012],[-77.04579,-11.89214],[-77.04678,-11.8936],[-77.06563,-11.92724],[-77.06702,-11.92875],[-77.06871,-11.92978],[-77.07018,-11.93022],[-77.07249,-11.93048],[-77.07182,-11.93755],[-77.07547,-11.93794],[-77.0764,-11.93836],[-77.07718,-11.93901]],[[-77.06364,-11.9902],[-77.06362,-11.99015]],[[-77.07735,-11.939],[-77.08006,-11.93699],[-77.08077,-11.93664],[-77.08324,-11.93582],[-77.08364,-11.93597],[-77.086,-11.93815],[-77.08648,-11.93831],[-77.08841,-11.93774],[-77.09062,-11.9363],[-77.09107,-11.93626],[-77.09148,-11.93655]]]}},{"type":"Feature","properties":{"id":"relation/4558489","nombre":"X-IO32_I","distrito":"Bellavista","tipo":"osm"},"geometry":{"type":"MultiLineString","coordinates":[[[-77.0008,-12.02877],[-76.99757,-12.02801],[-76.99628,-12.02757]],[[-77.04909,-12.03521],[-77.04445,-12.03634],[-77.03833,-12.03819],[-77.03729,-12.03881],[-77.03555,-12.04023],[-77.03363,-12.04101],[-77.03213,-12.04188],[-77.02948,-12.04302],[-77.02807,-12.04321],[-77.02355,-12.04328],[-77.02145,-12.04271],[-77.01824,-12.04123],[-77.01634,-12.04016],[-77.01499,-12.03919],[-77.00949,-12.03458],[-77.00636,-12.03261],[-77.00509,-12.03195],[-76.99971,-12.03014],[-76.99975,-12.0285]],[[-77.0742,-12.03195],[-77.06777,-12.03192],[-77.05861,-12.03308],[-77.05838,-12.03321],[-77.05902,-12.03419],[-77.05786,-12.03485],[-77.05487,-12.03539],[-77.0547,-12.03458],[-77.05414,-12.0332],[-77.05341,-12.0336],[-77.04993,-12.035]],[[-77.099,-12.03617],[-77.09777,-12.03589],[-77.09709,-12.03538],[-77.09444,-12.03006],[-77.07988,-12.03169],[-77.07521,-12.03198]],[[-77.09614,-11.90757],[-77.09631,-11.90747],[-77.0965,-11.90702],[-77.09698,-11.90686],[-77.10367,-11.90928],[-77.11143,-11.90677],[-77.11215,-11.90694],[-77.113,-11.90749],[-77.1139,-11.90932],[-77.11749,-11.91789],[-77.11751,-11.91818],[-77.11738,-11.92646],[-77.1172,-11.9289],[-77.1167,-11.92962],[-77.1138,-11.93175],[-77.11291,-11.93296],[-77.1126,-11.93369],[-77.11246,-11.93441],[-77.11243,-11.9367],[-77.11275,-11.93843],[-77.1145,-11.94317],[-77.11866,-11.94207],[-77.12244,-11.93929],[-77.1247,-11.93836],[-77.12622,-11.93846],[-77.12702,-11.93822],[-77.1273,-11.93808],[-77.12782,-11.93727],[-77.12882,-11.93712],[-77.12982,-11.93622],[-77.13092,-11.93609],[-77.13112,-11.93757],[-77.13187,-11.94815],[-77.13165,-11.94985],[-77.12623,-11.96631],[-77.12577,-11.96818],[-77.12524,-11.97147],[-77.12506,-11.97601],[-77.12577,-11.99239],[-77.12629,-11.99684],[-77.12578,-11.99749],[-77.12147,-11.99917],[-77.12089,-11.99922],[-77.1177,-12.00047],[-77.11677,-12.00115],[-77.11578,-12.00236],[-77.11546,-12.00345],[-77.11456,-12.00499],[-77.11217,-12.00983],[-77.11123,-12.01205],[-77.11111,-12.01292],[-77.11004,-12.01449],[-77.10885,-12.0168],[-77.10854,-12.0172],[-77.10765,-12.01897],[-77.10756,-12.01942],[-77.10675,-12.02092],[-77.10642,-12.02209],[-77.1056,-12.02312],[-77.10525,-12.02382],[-77.10516,-12.02446],[-77.10342,-12.02752],[-77.10307,-12.02789],[-77.10048,-12.03314],[-77.1001,-12.0336],[-77.09946,-12.03547],[-77.09945,-12.0365]]]}},{"type":"Feature","properties":{"id":"relation/4558599","nombre":"X-IO32B_I","distrito":"Bellavista","tipo":"osm"},"geometry":{"type":"MultiLineString","coordinates":[[[-77.04909,-12.03521],[-77.04445,-12.03634],[-77.03833,-12.03819],[-77.03729,-12.03881],[-77.03555,-12.04023],[-77.03363,-12.04101],[-77.03213,-12.04188],[-77.02948,-12.04302],[-77.02807,-12.04321],[-77.02355,-12.04328],[-77.02145,-12.04271],[-77.01824,-12.04123],[-77.01634,-12.04016],[-77.01499,-12.03919],[-77.00949,-12.03458],[-77.00636,-12.03261],[-77.00509,-12.03195],[-76.99971,-12.03014],[-76.99977,-12.02828],[-77.00083,-12.02332],[-77.00058,-12.02099],[-77.0003,-12.02055],[-77.00025,-12.02014],[-77.00126,-12.01695],[-77.0018,-12.01661],[-77.0018,-12.01514],[-77.00207,-12.01216],[-77.00243,-12.01132],[-77.00808,-12.00238],[-77.01088,-11.9927],[-77.01099,-11.992],[-77.01095,-11.99119],[-77.01069,-11.99],[-77.01009,-11.98896],[-77.00758,-11.98671],[-77.00702,-11.98598],[-77.00507,-11.98028],[-77.00438,-11.97887],[-77.00321,-11.97724],[-77.00155,-11.97586],[-76.99693,-11.97256],[-76.99604,-11.97172],[-76.99317,-11.96791],[-76.98549,-11.95696],[-76.98536,-11.95667],[-76.98542,-11.9562],[-76.98746,-11.95202],[-76.98748,-11.95151]],[[-77.0742,-12.03195],[-77.06777,-12.03192],[-77.05861,-12.03308],[-77.05838,-12.03321],[-77.05902,-12.03419],[-77.05786,-12.03485],[-77.05487,-12.03539],[-77.0547,-12.03458],[-77.05414,-12.0332],[-77.05341,-12.0336],[-77.04904,-12.03533]],[[-77.099,-12.03617],[-77.09777,-12.03589],[-77.09709,-12.03538],[-77.09444,-12.03006],[-77.07988,-12.03169],[-77.07521,-12.03198]],[[-77.15142,-11.8354],[-77.15559,-11.83788],[-77.15581,-11.83861],[-77.16189,-11.83713],[-77.16637,-11.83381],[-77.16871,-11.83081],[-77.17192,-11.83365]],[[-77.12653,-11.84993],[-77.12593,-11.84951],[-77.12627,-11.84883],[-77.12626,-11.84894]],[[-77.13342,-11.84746],[-77.12772,-11.84402],[-77.12725,-11.84395],[-77.12555,-11.8443],[-77.12433,-11.84367],[-77.12507,-11.84641],[-77.12653,-11.84736],[-77.12627,-11.84883]],[[-77.12701,-11.87292],[-77.12811,-11.86684],[-77.12848,-11.85216],[-77.12829,-11.8519],[-77.12797,-11.85188],[-77.12807,-11.85169],[-77.12801,-11.85146],[-77.12736,-11.85054],[-77.12653,-11.84993],[-77.12551,-11.84968],[-77.12318,-11.84977],[-77.12099,-11.84904],[-77.12008,-11.84854],[-77.11938,-11.84771],[-77.11868,-11.84601],[-77.11808,-11.84496],[-77.11527,-11.84196]],[[-77.12756,-11.87153],[-77.12681,-11.8757],[-77.12692,-11.87772],[-77.12646,-11.87989],[-77.12629,-11.88433],[-77.12638,-11.8845],[-77.12614,-11.88717],[-77.12626,-11.8885],[-77.12624,-11.89161],[-77.12705,-11.89761],[-77.12825,-11.90116],[-77.12878,-11.90818],[-77.12864,-11.9131],[-77.13062,-11.9319],[-77.13187,-11.94836],[-77.13165,-11.94985],[-77.12653,-11.96525],[-77.12587,-11.96767],[-77.12524,-11.97147],[-77.12506,-11.97601],[-77.12577,-11.99239],[-77.12629,-11.99684],[-77.12578,-11.99749],[-77.12147,-11.99917],[-77.12089,-11.99922],[-77.1177,-12.00047],[-77.11677,-12.00115],[-77.11578,-12.00236],[-77.11546,-12.00345],[-77.11456,-12.00499],[-77.11217,-12.00983],[-77.11123,-12.01205],[-77.11111,-12.01292],[-77.11004,-12.01449],[-77.10885,-12.0168],[-77.10854,-12.0172],[-77.10765,-12.01897],[-77.10756,-12.01942],[-77.10675,-12.02092],[-77.10642,-12.02209],[-77.1056,-12.02312],[-77.10525,-12.02382],[-77.10516,-12.02446],[-77.10342,-12.02752],[-77.10307,-12.02789],[-77.10048,-12.03314],[-77.1001,-12.0336],[-77.09946,-12.03547],[-77.09945,-12.0365]],[[-77.12717,-11.8721],[-77.12528,-11.87177]],[[-77.13321,-11.84732],[-77.13345,-11.8473]],[[-77.13359,-11.84726],[-77.13383,-11.84748],[-77.13376,-11.84768],[-77.13342,-11.84746],[-77.13359,-11.84726]],[[-77.15628,-11.83385],[-77.14977,-11.83538],[-77.14671,-11.83597],[-77.14588,-11.83639],[-77.14475,-11.83669],[-77.14434,-11.83703],[-77.14305,-11.83916],[-77.14251,-11.83973],[-77.14214,-11.83985],[-77.14189,-11.83984],[-77.13907,-11.83822],[-77.13359,-11.84726]]]}},{"type":"Feature","properties":{"id":"relation/4558930","nombre":"X-IO33_I","distrito":"Bellavista","tipo":"osm"},"geometry":{"type":"MultiLineString","coordinates":[[[-77.08477,-11.99639],[-77.0847,-11.99607],[-77.08445,-11.99603],[-77.0728,-11.99433],[-77.07203,-11.99386],[-77.07159,-11.99299],[-77.07159,-11.9923],[-77.07247,-11.98645],[-77.07213,-11.98454],[-77.07236,-11.98372],[-77.07242,-11.97641],[-77.07261,-11.9722],[-77.07601,-11.972],[-77.07497,-11.96778],[-77.07465,-11.9669],[-77.07376,-11.96545],[-77.07305,-11.96471],[-77.07186,-11.96376],[-77.07252,-11.96282],[-77.07407,-11.95279],[-77.07608,-11.9531],[-77.07789,-11.94125],[-77.07774,-11.94029],[-77.07733,-11.93945],[-77.0769,-11.93895],[-77.07614,-11.93838],[-77.07481,-11.93797],[-77.07168,-11.93769],[-77.07386,-11.9145],[-77.07371,-11.91363],[-77.07336,-11.91284],[-77.06986,-11.90783],[-77.0678,-11.90337],[-77.06762,-11.90239],[-77.06924,-11.8732],[-77.06937,-11.87256],[-77.06974,-11.87176],[-77.07392,-11.86543],[-77.07469,-11.86455],[-77.10099,-11.84348]],[[-77.1063,-12.02136],[-77.10656,-12.02158],[-77.10642,-12.02209],[-77.1056,-12.02312],[-77.10525,-12.02382],[-77.10516,-12.02446],[-77.10342,-12.02752],[-77.10307,-12.02789],[-77.10048,-12.03314],[-77.1001,-12.0336],[-77.09946,-12.03547],[-77.09933,-12.03924],[-77.09904,-12.04197],[-77.09916,-12.04246],[-77.09902,-12.04421],[-77.09913,-12.04475],[-77.09873,-12.04544],[-77.09847,-12.04822],[-77.09836,-12.05133],[-77.09792,-12.05488],[-77.09722,-12.06265],[-77.09741,-12.06655],[-77.0976,-12.06777],[-77.09915,-12.07271],[-77.10005,-12.07376],[-77.10008,-12.07427],[-77.09383,-12.07731],[-77.09246,-12.07779],[-77.09089,-12.07806],[-77.08453,-12.07821],[-77.085,-12.08171],[-77.08566,-12.0839],[-77.08643,-12.0857],[-77.08306,-12.08725],[-77.07658,-12.09058],[-77.07644,-12.09031],[-77.07069,-12.09239],[-77.07004,-12.09068],[-77.07023,-12.09055],[-77.07024,-12.09033],[-77.06993,-12.09016],[-77.06972,-12.09045],[-77.06983,-12.09064],[-77.07004,-12.09068]],[[-77.03423,-12.02628],[-77.03135,-12.02317],[-77.03077,-12.02228],[-77.02966,-12.02113],[-77.03227,-12.01831],[-77.0305,-12.01669],[-77.02989,-12.01644]],[[-77.03413,-12.02636],[-77.03342,-12.027],[-77.03875,-12.03372],[-77.03716,-12.03507],[-77.03112,-12.03967],[-77.03084,-12.03983],[-77.03021,-12.03991],[-77.03039,-12.04167],[-77.02449,-12.04222],[-77.02386,-12.04223],[-77.02223,-12.04183],[-77.02193,-12.04191],[-77.02188,-12.04207],[-77.02204,-12.04236],[-77.02261,-12.04265],[-77.02304,-12.04274],[-77.02387,-12.04264],[-77.02411,-12.04298],[-77.03031,-12.05493],[-77.02747,-12.07618]],[[-77.02387,-12.04264],[-77.02384,-12.04253]],[[-77.0484,-12.08658],[-77.03138,-12.08419],[-77.032,-12.08004],[-77.02929,-12.07717],[-77.02777,-12.0765]],[[-77.05972,-12.09705],[-77.05922,-12.09329],[-77.0589,-12.09213],[-77.05837,-12.09112],[-77.05598,-12.08769],[-77.05166,-12.08422],[-77.05025,-12.0869],[-77.05087,-12.08813],[-77.05056,-12.08814],[-77.0497,-12.08852],[-77.04701,-12.08815],[-77.04727,-12.08642]],[[-77.06596,-12.08999],[-77.06239,-12.09278],[-77.06124,-12.09322],[-77.05925,-12.09356]],[[-77.06986,-12.09019],[-77.0692,-12.08847],[-77.06596,-12.08965]],[[-77.08478,-11.99656],[-77.08475,-11.99718],[-77.08256,-12.00655],[-77.08391,-12.00684],[-77.08517,-12.00746],[-77.09027,-12.0116],[-77.09246,-12.01208],[-77.09448,-12.01302],[-77.0959,-12.01411],[-77.09987,-12.01839],[-77.10049,-12.0189],[-77.10219,-12.01995],[-77.1055,-12.02155],[-77.10578,-12.02164],[-77.10605,-12.02153]]]}},{"type":"Feature","properties":{"id":"relation/4560452","nombre":"X-IO35_I","distrito":"Bellavista","tipo":"osm"},"geometry":{"type":"MultiLineString","coordinates":[[[-77.13889,-12.05173],[-77.13933,-12.05175],[-77.13971,-12.05205],[-77.13976,-12.05243],[-77.13946,-12.0528],[-77.13887,-12.05285],[-77.13846,-12.05253],[-77.1385,-12.05198],[-77.13889,-12.05173]],[[-77.09851,-12.04606],[-77.09868,-12.04523],[-77.1041,-12.04544],[-77.10704,-12.04571],[-77.10721,-12.04554],[-77.10747,-12.04351],[-77.10925,-12.04374],[-77.10939,-12.04423],[-77.11557,-12.04262],[-77.12134,-12.04192],[-77.12575,-12.04029],[-77.12681,-12.04217],[-77.12603,-12.05012],[-77.12615,-12.05053],[-77.12587,-12.05047],[-77.12562,-12.05061],[-77.12554,-12.05082],[-77.12565,-12.05111],[-77.12589,-12.05123],[-77.12615,-12.05116],[-77.12631,-12.0507],[-77.12665,-12.05086],[-77.12755,-12.05095],[-77.13306,-12.05143],[-77.13377,-12.05135],[-77.13376,-12.05178],[-77.13412,-12.05199],[-77.13447,-12.05179],[-77.13453,-12.05149],[-77.13889,-12.05173]],[[-77.13377,-12.05135],[-77.13417,-12.05118],[-77.13453,-12.05149]],[[-77.12615,-12.05053],[-77.12631,-12.0507]],[[-77.10721,-12.04554],[-77.10736,-12.04565],[-77.10716,-12.04568]],[[-77.04266,-11.96967],[-77.04458,-11.96984],[-77.04595,-11.9705],[-77.0452,-11.97327],[-77.04749,-11.97392],[-77.04674,-11.97652],[-77.04683,-11.97674],[-77.05893,-11.98015],[-77.05687,-11.98851],[-77.0568,-11.98916],[-77.0571,-11.99177],[-77.05709,-11.99254],[-77.05685,-11.99326],[-77.05534,-11.99572],[-77.05515,-11.99641],[-77.05516,-11.99807],[-77.05468,-12.00179],[-77.0537,-12.00716],[-77.05379,-12.00737],[-77.05401,-12.00748],[-77.0601,-12.00835],[-77.06096,-12.00885],[-77.06048,-12.01151],[-77.06039,-12.01334],[-77.05931,-12.0203],[-77.05918,-12.02044],[-77.05846,-12.02034],[-77.05758,-12.02002],[-77.05708,-12.01971],[-77.05637,-12.01902],[-77.05381,-12.02117],[-77.05328,-12.02046],[-77.05301,-12.01941],[-77.05262,-12.01877],[-77.05213,-12.01837],[-77.05114,-12.018],[-77.05102,-12.01822],[-77.05108,-12.01924],[-77.0506,-12.02213],[-77.05026,-12.02285],[-77.04682,-12.02581],[-77.0443,-12.02822],[-77.04287,-12.02982],[-77.04001,-12.0267],[-77.03577,-12.03007]],[[-77.05369,-12.0072],[-77.0537,-12.00716]],[[-77.0609,-12.00879],[-77.06082,-12.00851],[-77.06095,-12.00824],[-77.06127,-12.00812],[-77.06156,-12.00826],[-77.06167,-12.00856],[-77.06156,-12.00882],[-77.06124,-12.00896],[-77.06096,-12.00885]],[[-77.03738,-12.06489],[-77.03838,-12.05331],[-77.03898,-12.04861],[-77.03221,-12.03882],[-77.02827,-12.03271],[-77.02764,-12.03195],[-77.03332,-12.02691],[-77.03582,-12.02998]],[[-77.03902,-12.06484],[-77.03889,-12.06481]],[[-77.03945,-12.06473],[-77.03935,-12.06487],[-77.03912,-12.0649],[-77.03896,-12.06461],[-77.03924,-12.06442],[-77.03939,-12.06451],[-77.03945,-12.06473],[-77.03994,-12.06458],[-77.04564,-12.06535],[-77.05371,-12.07514],[-77.05396,-12.07511],[-77.0569,-12.07276],[-77.05798,-12.07221],[-77.06023,-12.07164],[-77.06152,-12.07162],[-77.06164,-12.07234],[-77.06544,-12.07893],[-77.06722,-12.08317],[-77.0692,-12.08847],[-77.0724,-12.08734],[-77.07385,-12.09125],[-77.07644,-12.09031],[-77.07658,-12.09058],[-77.08306,-12.08725],[-77.08413,-12.08961],[-77.08443,-12.08989],[-77.08485,-12.0907],[-77.08563,-12.09064],[-77.08503,-12.08935],[-77.10448,-12.08054],[-77.11016,-12.07738],[-77.1223,-12.07293]],[[-77.08178,-12.07887],[-77.08296,-12.08468],[-77.08383,-12.08689],[-77.08503,-12.08935]],[[-77.13901,-12.05286],[-77.13791,-12.05302],[-77.12848,-12.05875],[-77.12536,-12.06093],[-77.11999,-12.065],[-77.1199,-12.06542],[-77.11959,-12.06575],[-77.11956,-12.06594],[-77.12334,-12.07254],[-77.12321,-12.07259]],[[-77.13172,-12.06951],[-77.12334,-12.07254]],[[-77.11962,-12.06572],[-77.11928,-12.06584],[-77.11893,-12.06574],[-77.11876,-12.06541],[-77.11882,-12.06514],[-77.1192,-12.0648],[-77.11944,-12.06476],[-77.11966,-12.06479],[-77.11994,-12.06511]],[[-77.10558,-12.02284],[-77.10517,-12.02376],[-77.10508,-12.02427],[-77.1033,-12.02745],[-77.10303,-12.02776],[-77.10044,-12.03297],[-77.10006,-12.03339],[-77.09933,-12.0355],[-77.09892,-12.04196],[-77.09905,-12.04252],[-77.09892,-12.0442],[-77.09903,-12.04475],[-77.09875,-12.04517],[-77.09939,-12.04525]],[[-77.099,-12.03617],[-77.09777,-12.03589],[-77.09709,-12.03538],[-77.09444,-12.03006],[-77.0811,-12.03155],[-77.08011,-12.02904],[-77.07668,-12.02927],[-77.07518,-12.02555]],[[-77.09868,-12.04523],[-77.09875,-12.04517]],[[-77.07672,-12.02939],[-77.07685,-12.02977]],[[-77.09029,-12.01949],[-77.08994,-12.01955],[-77.08011,-12.02434],[-77.07594,-12.02587],[-77.07569,-12.02623]],[[-77.10269,-12.00836],[-77.09911,-12.00665],[-77.09724,-12.01024],[-77.09217,-12.01813],[-77.09157,-12.01879],[-77.09042,-12.01941]],[[-77.09882,-12.00723],[-77.09735,-12.01026],[-77.09548,-12.01308]]]}},{"type":"Feature","properties":{"id":"relation/4561118","nombre":"X-IO35B_I","distrito":"Bellavista","tipo":"osm"},"geometry":{"type":"MultiLineString","coordinates":[[[-77.06215,-12.00466],[-77.06231,-12.00442],[-77.06225,-12.00416],[-77.06202,-12.00401],[-77.06175,-12.00406],[-77.0616,-12.00448],[-77.06181,-12.00469],[-77.06215,-12.00466],[-77.06211,-12.00528],[-77.06159,-12.00829],[-77.06117,-12.00813],[-77.06082,-12.00845],[-77.061,-12.00888],[-77.06144,-12.00891],[-77.06114,-12.0096],[-77.06067,-12.0118],[-77.05886,-12.02379],[-77.05892,-12.02506],[-77.05846,-12.02728],[-77.05841,-12.0284],[-77.05805,-12.02812],[-77.05771,-12.02817],[-77.05748,-12.02844],[-77.05753,-12.02885],[-77.05778,-12.02906],[-77.05821,-12.02902],[-77.05845,-12.02868],[-77.05841,-12.0284]],[[-77.03508,-11.90733],[-77.03438,-11.90844],[-77.03679,-11.90934],[-77.03759,-11.90996],[-77.04095,-11.91611],[-77.04144,-11.91772],[-77.04226,-11.92242],[-77.04283,-11.92674],[-77.04335,-11.92855],[-77.04463,-11.93112],[-77.0468,-11.93372],[-77.04893,-11.93677],[-77.04968,-11.93793],[-77.05019,-11.93921],[-77.05058,-11.94418],[-77.04937,-11.94923],[-77.0494,-11.94988],[-77.04973,-11.9504],[-77.0508,-11.95136],[-77.05117,-11.95195],[-77.05583,-11.96579],[-77.05749,-11.96866],[-77.0576,-11.96915],[-77.05755,-11.97207],[-77.05793,-11.97363],[-77.05949,-11.97635],[-77.05991,-11.97652],[-77.06005,-11.97676],[-77.05951,-11.97928],[-77.05955,-11.97987],[-77.05807,-11.98682],[-77.0573,-11.98846],[-77.05721,-11.98907]],[[-77.03438,-11.90844],[-77.03418,-11.90859]],[[-77.03983,-11.90105],[-77.03917,-11.90154],[-77.03683,-11.90509],[-77.03599,-11.90594]],[[-77.03906,-11.89255],[-77.03743,-11.89393],[-77.03717,-11.89441],[-77.03712,-11.89488],[-77.03784,-11.8969],[-77.04005,-11.90093]],[[-77.13845,-12.05213],[-77.1385,-12.0526],[-77.13887,-12.05285],[-77.13946,-12.0528],[-77.13976,-12.05243],[-77.13967,-12.05198],[-77.13922,-12.05173],[-77.13869,-12.0518],[-77.13845,-12.05213],[-77.13843,-12.0519],[-77.13828,-12.05181],[-77.13479,-12.05166],[-77.13452,-12.0517],[-77.13412,-12.05199],[-77.13385,-12.0519],[-77.13358,-12.05159],[-77.13331,-12.05155],[-77.12666,-12.05096],[-77.12589,-12.05123],[-77.12557,-12.051],[-77.12562,-12.05061],[-77.12596,-12.05046],[-77.12623,-12.05059],[-77.12632,-12.05082],[-77.12623,-12.05109]],[[-77.13372,-12.05172],[-77.13377,-12.05135],[-77.1341,-12.05117],[-77.13444,-12.05132],[-77.13452,-12.0517]],[[-77.09851,-12.04606],[-77.09868,-12.04523],[-77.1041,-12.04544],[-77.10704,-12.04571],[-77.10726,-12.04553],[-77.10962,-12.04583],[-77.1097,-12.04542],[-77.10941,-12.04433],[-77.11556,-12.04272],[-77.12136,-12.042],[-77.12574,-12.04042],[-77.12666,-12.04208],[-77.12667,-12.04193]],[[-77.10734,-12.04557],[-77.10731,-12.04572],[-77.10716,-12.04568]],[[-77.1257,-12.05053],[-77.12592,-12.0501],[-77.12666,-12.04208]],[[-77.11966,-12.06479],[-77.11995,-12.06517],[-77.11975,-12.06561],[-77.11928,-12.06584],[-77.11893,-12.06574],[-77.11876,-12.0653],[-77.11908,-12.06488],[-77.11994,-12.06474],[-77.12777,-12.0591],[-77.13822,-12.0527],[-77.13841,-12.05229]],[[-77.04192,-12.06064],[-77.04152,-12.06078],[-77.04116,-12.06063],[-77.041,-12.0602],[-77.04116,-12.05985],[-77.04158,-12.0597],[-77.04201,-12.05993],[-77.0421,-12.06029],[-77.04192,-12.06064],[-77.04198,-12.06073],[-77.06941,-12.09398],[-77.07671,-12.09136],[-77.07702,-12.09139],[-77.08201,-12.08885],[-77.08291,-12.09053],[-77.08503,-12.08935],[-77.10448,-12.08054],[-77.11016,-12.07738],[-77.12321,-12.07259],[-77.11952,-12.06611],[-77.11914,-12.06584]],[[-77.04451,-12.05939],[-77.04229,-12.06006]],[[-77.0431,-12.04663],[-77.04678,-12.05043],[-77.04983,-12.04973],[-77.05383,-12.049],[-77.05541,-12.05253],[-77.05709,-12.05465],[-77.05776,-12.05581],[-77.05665,-12.05577],[-77.04556,-12.05907]],[[-77.0434,-12.04129],[-77.04324,-12.04284],[-77.04353,-12.04337],[-77.04312,-12.04422],[-77.04298,-12.04591],[-77.04316,-12.04649],[-77.04289,-12.04678],[-77.04245,-12.04668],[-77.04233,-12.04637],[-77.04246,-12.04609],[-77.04275,-12.04598],[-77.04304,-12.04608]],[[-77.04333,-12.04376],[-77.04273,-12.04377],[-77.04253,-12.04361],[-77.04245,-12.04334],[-77.04271,-12.04297],[-77.04335,-12.04304]],[[-77.05746,-12.0286],[-77.05611,-12.02748],[-77.05005,-12.02343],[-77.04819,-12.02499],[-77.04448,-12.02846],[-77.04336,-12.04086]],[[-77.06159,-12.00829],[-77.06165,-12.00866],[-77.06144,-12.00891]],[[-77.05721,-11.98894],[-77.05981,-11.98932],[-77.05786,-12.00175],[-77.05774,-12.00333],[-77.05811,-12.00372],[-77.06165,-12.00416]],[[-77.10558,-12.02284],[-77.10517,-12.02376],[-77.10508,-12.02427],[-77.1033,-12.02745],[-77.10303,-12.02776],[-77.10044,-12.03297],[-77.10006,-12.03339],[-77.09933,-12.0355],[-77.09892,-12.04196],[-77.09905,-12.04252],[-77.09892,-12.0442],[-77.09903,-12.04475],[-77.09875,-12.04517],[-77.09939,-12.04525]],[[-77.099,-12.03617],[-77.09777,-12.03589],[-77.09709,-12.03538],[-77.09444,-12.03006],[-77.0811,-12.03155],[-77.08022,-12.02931],[-77.07803,-12.02952]],[[-77.09868,-12.04523],[-77.09875,-12.04517]],[[-77.0755,-12.02587],[-77.08008,-12.02421],[-77.0899,-12.01944],[-77.09004,-12.01924],[-77.09135,-12.01856],[-77.09182,-12.01808],[-77.09714,-12.01015],[-77.10404,-11.99602],[-77.10485,-11.9951],[-77.10497,-11.99419],[-77.10631,-11.99139],[-77.10695,-11.99068],[-77.09258,-11.97785],[-77.0887,-11.97466],[-77.08788,-11.97422]],[[-77.09524,-12.01288],[-77.09704,-12.01013],[-77.09852,-12.00718]],[[-77.07674,-12.02977],[-77.07555,-12.02678]]]}},{"type":"Feature","properties":{"id":"relation/4561682","nombre":"X-IO36_I","distrito":"Bellavista","tipo":"osm"},"geometry":{"type":"MultiLineString","coordinates":[[[-76.98394,-12.20143],[-76.97926,-12.19679]],[[-76.98181,-12.19348],[-76.98934,-12.20097]],[[-76.9727,-12.19235],[-76.97277,-12.19427],[-76.97418,-12.20196],[-76.9745,-12.20259]],[[-76.97985,-12.17074],[-76.97994,-12.17049],[-76.97955,-12.17147],[-76.97918,-12.17195],[-76.97342,-12.19014],[-76.97298,-12.1921],[-76.97295,-12.194],[-76.9745,-12.20259],[-76.97477,-12.20306],[-76.9747,-12.20333]],[[-76.97937,-12.19835],[-76.98308,-12.19479]],[[-76.976,-12.20274],[-76.98053,-12.19805]],[[-76.97507,-12.1849],[-76.98057,-12.18662],[-76.98056,-12.18791],[-76.9805,-12.18814],[-76.98015,-12.18842],[-76.97994,-12.191],[-76.97973,-12.1914]],[[-76.97263,-12.1652],[-76.97808,-12.16656],[-76.97834,-12.16678],[-76.97696,-12.17201]],[[-76.99301,-12.17418],[-76.99201,-12.17496],[-76.99172,-12.17486],[-76.99134,-12.17447],[-76.99029,-12.17485],[-76.98989,-12.17486],[-76.9881,-12.17373],[-76.98654,-12.17238],[-76.98593,-12.17211],[-76.98521,-12.17206],[-76.98249,-12.17254],[-76.98124,-12.17228],[-76.9783,-12.16691]],[[-76.97974,-12.16134],[-76.97834,-12.16678]],[[-76.96289,-12.14026],[-76.96371,-12.14129],[-76.96451,-12.14316],[-76.96506,-12.14403],[-76.96703,-12.14603],[-76.96965,-12.14829],[-76.97043,-12.14918],[-76.97182,-12.15386],[-76.97296,-12.15675],[-76.97326,-12.15801],[-76.97337,-12.15982],[-76.97291,-12.16388]],[[-76.99015,-12.14376],[-76.9897,-12.14414],[-76.98743,-12.14699],[-76.98691,-12.14743],[-76.98542,-12.14825],[-76.98347,-12.14956],[-76.98201,-12.15023],[-76.97949,-12.15099],[-76.97337,-12.15359],[-76.96052,-12.15872],[-76.95739,-12.16015],[-76.95681,-12.1607]],[[-76.98526,-12.14845],[-76.98347,-12.14956]],[[-77.00095,-12.12934],[-76.99335,-12.13998],[-76.99188,-12.14173]],[[-77.00109,-12.12833],[-77.00142,-12.12847],[-77.00158,-12.12887],[-77.00141,-12.12922],[-77.00103,-12.12935],[-77.00063,-12.12913],[-77.00054,-12.12878],[-77.00076,-12.12842],[-77.00109,-12.12833]],[[-77.02907,-12.06452],[-77.01783,-12.06308],[-77.01645,-12.07346],[-77.01159,-12.07211],[-77.01091,-12.07721],[-77.01059,-12.07682],[-77.01036,-12.07686],[-77.0102,-12.07709],[-77.01041,-12.07791],[-77.01054,-12.07809],[-77.01077,-12.07812],[-77.01043,-12.07846],[-77.01014,-12.07906],[-77.00961,-12.07958],[-77.00902,-12.07995],[-77.00595,-12.08101],[-77.00522,-12.08163],[-77.00469,-12.08244],[-77.00438,-12.08345],[-77.00343,-12.08968],[-77.0003,-12.11189],[-76.99859,-12.11848],[-76.9984,-12.12005],[-76.99844,-12.12141],[-76.9986,-12.12224],[-77.00109,-12.12833]],[[-77.01091,-12.07721],[-77.01099,-12.07791],[-77.01077,-12.07812]],[[-77.04909,-12.03521],[-77.04445,-12.03634],[-77.03833,-12.03819],[-77.03729,-12.03881],[-77.03555,-12.04023],[-77.03363,-12.04101],[-77.03248,-12.0417],[-77.03038,-12.04268],[-77.02917,-12.0431],[-77.02355,-12.04328],[-77.02185,-12.04288],[-77.01958,-12.04184],[-77.01912,-12.04195],[-77.01909,-12.04216],[-77.01922,-12.04232],[-77.01948,-12.04246],[-77.0197,-12.04241],[-77.02035,-12.0413],[-77.0218,-12.04183],[-77.02285,-12.0425],[-77.02396,-12.04259],[-77.03031,-12.0545],[-77.03042,-12.05519],[-77.0292,-12.06454]],[[-77.07518,-12.02555],[-77.07668,-12.02927],[-77.08011,-12.02904],[-77.0811,-12.03155],[-77.07736,-12.03191],[-77.07521,-12.03198],[-77.06777,-12.03192],[-77.05861,-12.03308],[-77.05838,-12.03321],[-77.05902,-12.03419],[-77.05786,-12.03485],[-77.05487,-12.03539],[-77.0547,-12.03458],[-77.05414,-12.0332],[-77.05341,-12.0336],[-77.04993,-12.035]],[[-77.07668,-12.02927],[-77.07685,-12.02977]],[[-77.09029,-12.01949],[-77.08994,-12.01955],[-77.08011,-12.02434],[-77.07594,-12.02587],[-77.07569,-12.02623]],[[-77.09712,-11.99034],[-77.09677,-11.99037],[-77.09342,-11.99231],[-77.09304,-11.99836],[-77.0917,-11.99972],[-77.08961,-12.00472],[-77.08926,-12.0052],[-77.08846,-12.00589],[-77.08808,-12.0066],[-77.08769,-12.00956],[-77.09027,-12.0116],[-77.09303,-12.01228],[-77.09408,-12.01279],[-77.0952,-12.01353],[-77.09205,-12.0183],[-77.09134,-12.01895],[-77.09042,-12.01941]],[[-77.09671,-11.98998],[-77.09675,-11.99023],[-77.09724,-11.99016],[-77.09745,-11.99079]],[[-77.0972,-11.98992],[-77.09724,-11.99016]],[[-77.0963,-11.95506],[-77.09052,-11.95573],[-77.09031,-11.95561],[-77.08913,-11.9546],[-77.08887,-11.95399],[-77.08887,-11.95343],[-77.08904,-11.95297],[-77.09085,-11.9507],[-77.08925,-11.94947],[-77.08854,-11.94872],[-77.08766,-11.94946],[-77.08731,-11.9496],[-77.08602,-11.94948],[-77.08577,-11.94965],[-77.08568,-11.9505],[-77.08064,-11.94884],[-77.07931,-11.95748],[-77.07916,-11.95789],[-77.08089,-11.96119],[-77.0813,-11.96224],[-77.07752,-11.96382],[-77.08587,-11.98236],[-77.08589,-11.9826],[-77.08517,-11.98263],[-77.08522,-11.98314],[-77.08689,-11.98318],[-77.08693,-11.98389],[-77.08634,-11.98665],[-77.08638,-11.98715],[-77.09411,-11.98516],[-77.09679,-11.98997]],[[-77.08586,-11.95056],[-77.08568,-11.9505],[-77.08507,-11.95498]],[[-77.08547,-11.95029],[-77.08564,-11.94917],[-77.08575,-11.94907],[-77.08585,-11.94917],[-77.08577,-11.94965]]]}},{"type":"Feature","properties":{"id":"relation/4565462","nombre":"X-IO37_I","distrito":"Bellavista","tipo":"osm"},"geometry":{"type":"MultiLineString","coordinates":[[[-76.98216,-11.94344],[-76.98716,-11.95064],[-76.9879,-11.95113],[-76.99162,-11.95546],[-76.99242,-11.95572],[-76.9982,-11.95648],[-76.99804,-11.95699],[-77.0003,-11.962],[-77.00191,-11.96453],[-77.00262,-11.96593],[-77.00577,-11.97],[-77.00696,-11.97188],[-77.00705,-11.97229],[-77.01315,-11.98186],[-77.01339,-11.98256],[-77.01444,-11.98403],[-77.01551,-11.98493],[-77.01582,-11.98633],[-77.0151,-11.99186],[-77.01532,-11.9929],[-77.01519,-11.99571],[-77.01555,-11.99667]],[[-76.98727,-11.9511],[-76.98727,-11.95078]],[[-77.03807,-12.0801],[-77.04217,-12.07958],[-77.04198,-12.07508],[-77.04264,-12.0751],[-77.04298,-12.07483],[-77.04349,-12.07482],[-77.04396,-12.07483],[-77.0443,-12.07507],[-77.04772,-12.07502],[-77.05144,-12.07206],[-77.05389,-12.07501],[-77.05683,-12.07267],[-77.05787,-12.07213],[-77.06037,-12.0715],[-77.06169,-12.07153],[-77.0614,-12.06819]],[[-77.03817,-12.06764],[-77.0371,-12.07463],[-77.03906,-12.0749],[-77.04198,-12.07508]],[[-77.04217,-12.07958],[-77.04239,-12.07957]],[[-77.0371,-12.07463],[-77.03632,-12.07983]],[[-77.02142,-12.04167],[-77.02285,-12.0425],[-77.02384,-12.04253],[-77.02404,-12.0427],[-77.0304,-12.05478],[-77.03026,-12.05657],[-77.02761,-12.07623],[-77.02929,-12.07684],[-77.03661,-12.07789]],[[-77.01231,-12.03209],[-77.01258,-12.03306],[-77.01276,-12.03493],[-77.01336,-12.03718],[-77.01435,-12.03771],[-77.01769,-12.04022],[-77.0193,-12.04073],[-77.02106,-12.04152]],[[-77.00773,-12.02347],[-77.0079,-12.02331],[-77.01032,-12.02584],[-77.01072,-12.0264],[-77.01149,-12.02804],[-77.01203,-12.02987],[-77.0123,-12.03097],[-77.0123,-12.03206]],[[-77.01447,-11.99883],[-77.01232,-12.00393],[-77.01105,-12.00782],[-77.01258,-12.02064],[-77.01095,-12.02084],[-77.01045,-12.02101],[-77.0079,-12.02331]],[[-77.06169,-12.07153],[-77.06193,-12.07255],[-77.06547,-12.07885],[-77.06723,-12.08299],[-77.07923,-12.07863],[-77.08056,-12.07826],[-77.08183,-12.0781],[-77.09068,-12.07793],[-77.09219,-12.0777],[-77.09324,-12.07736],[-77.10356,-12.07245],[-77.11619,-12.06747],[-77.11743,-12.06673],[-77.11987,-12.0649]],[[-77.12987,-12.06724],[-77.12802,-12.0622]],[[-77.11995,-12.06517],[-77.11966,-12.06479],[-77.1192,-12.0648],[-77.11886,-12.06508],[-77.11877,-12.06549],[-77.11906,-12.06583],[-77.11939,-12.06582],[-77.11975,-12.06561],[-77.11995,-12.06517],[-77.12022,-12.06547],[-77.12122,-12.06557],[-77.1216,-12.06573],[-77.13095,-12.06744]],[[-77.12715,-12.0625],[-77.1307,-12.06126],[-77.13134,-12.06304],[-77.13255,-12.06264],[-77.14389,-12.06442],[-77.14397,-12.06394]],[[-77.15792,-12.06817],[-77.15669,-12.06729],[-77.15568,-12.06681],[-77.15035,-12.06564],[-77.13186,-12.06074]],[[-77.15255,-12.06611],[-77.1531,-12.0641]]]}},{"type":"Feature","properties":{"id":"relation/4565752","nombre":"X-IO37B_I","distrito":"Bellavista","tipo":"osm"},"geometry":{"type":"MultiLineString","coordinates":[[[-77.026,-12.04665],[-77.02405,-12.04289],[-77.02261,-12.04265],[-77.02054,-12.04149],[-77.01877,-12.04069],[-77.01782,-12.04039],[-77.01425,-12.03773],[-77.01328,-12.03722],[-77.01271,-12.03512],[-77.01246,-12.03308],[-77.01205,-12.03226],[-77.01224,-12.03227],[-77.01232,-12.03214],[-77.0121,-12.03198],[-77.0122,-12.03126],[-77.01209,-12.03054],[-77.0115,-12.02859],[-77.01041,-12.0263],[-77.0094,-12.02508],[-77.00514,-12.02056],[-77.00324,-12.01895],[-77.0021,-12.01749],[-77.00178,-12.0165],[-77.00197,-12.01268],[-77.00226,-12.01165],[-77.00781,-12.00292],[-77.00823,-12.00197],[-77.01094,-11.99244],[-77.01095,-11.99119],[-77.01053,-11.98966],[-77.01065,-11.98942],[-77.01096,-11.98917],[-77.01539,-11.98998]],[[-77.01205,-12.03226],[-77.01199,-12.0321],[-77.0121,-12.03198]],[[-77.03632,-12.06431],[-77.03613,-12.06411],[-77.0324,-12.06361],[-77.03223,-12.06376],[-77.03207,-12.06491],[-77.02907,-12.06452],[-77.03031,-12.05528],[-77.03016,-12.0545]],[[-77.02907,-12.06452],[-77.02767,-12.06435]],[[-77.03902,-12.06484],[-77.03632,-12.0644]],[[-77.03945,-12.06473],[-77.03935,-12.06487],[-77.03912,-12.0649],[-77.03896,-12.06461],[-77.03924,-12.06442],[-77.03939,-12.06451],[-77.03945,-12.06473],[-77.03994,-12.06458],[-77.04564,-12.06535],[-77.06583,-12.08971],[-77.06928,-12.08845],[-77.06729,-12.08314],[-77.07887,-12.07895],[-77.08066,-12.07842],[-77.08185,-12.07828],[-77.09089,-12.07806],[-77.09246,-12.07779],[-77.09383,-12.07731],[-77.10008,-12.07427],[-77.10005,-12.07376],[-77.09915,-12.07271],[-77.0976,-12.06777],[-77.09741,-12.06655],[-77.09722,-12.06265],[-77.09792,-12.05488],[-77.09836,-12.05133],[-77.09847,-12.04822],[-77.09873,-12.04544],[-77.09913,-12.04475],[-77.09902,-12.04421],[-77.09916,-12.04246],[-77.09904,-12.04197],[-77.09933,-12.03924],[-77.09946,-12.03547],[-77.09983,-12.03426],[-77.10307,-12.02789],[-77.10342,-12.02752],[-77.10516,-12.02446],[-77.10525,-12.02382],[-77.1056,-12.02312],[-77.10642,-12.02209],[-77.10675,-12.02092],[-77.10756,-12.01942],[-77.10765,-12.01897],[-77.10854,-12.0172],[-77.10885,-12.0168],[-77.11004,-12.01449],[-77.11111,-12.01292],[-77.11123,-12.01205],[-77.11217,-12.00983],[-77.11456,-12.00499],[-77.11546,-12.00345],[-77.11578,-12.00236],[-77.11677,-12.00115],[-77.1177,-12.00047],[-77.12089,-11.99922],[-77.12147,-11.99917],[-77.12578,-11.99749],[-77.12629,-11.99684],[-77.12577,-11.99239],[-77.12506,-11.97601],[-77.12524,-11.97147],[-77.12587,-11.96767],[-77.12653,-11.96525],[-77.13165,-11.94985],[-77.13187,-11.94836],[-77.13062,-11.9319],[-77.12864,-11.9131],[-77.12878,-11.90818],[-77.12825,-11.90116],[-77.12705,-11.89761],[-77.12624,-11.89161],[-77.12615,-11.88656],[-77.12635,-11.88508],[-77.12629,-11.88433],[-77.12646,-11.87989],[-77.12669,-11.87895]],[[-77.07079,-12.09576],[-77.06583,-12.08971]],[[-77.1524,-11.83487],[-77.16348,-11.83215],[-77.16637,-11.83381],[-77.16871,-11.83081],[-77.17192,-11.83365]],[[-77.15891,-11.85515],[-77.15373,-11.85209],[-77.15354,-11.85178],[-77.15264,-11.84822],[-77.15242,-11.84793],[-77.15127,-11.84713],[-77.15084,-11.84592],[-77.15023,-11.84526],[-77.14997,-11.84426],[-77.15322,-11.84341],[-77.15584,-11.83917],[-77.15581,-11.83861],[-77.16173,-11.83719],[-77.16311,-11.83624],[-77.16249,-11.83386],[-77.15337,-11.83607],[-77.15313,-11.83618],[-77.15307,-11.83636]],[[-77.13058,-11.87791],[-77.12988,-11.87773],[-77.12868,-11.8778]],[[-77.13045,-11.8777],[-77.13302,-11.87798],[-77.13352,-11.87794],[-77.13418,-11.87763],[-77.13486,-11.87688]],[[-77.15142,-11.8354],[-77.15319,-11.83643]]]}},{"type":"Feature","properties":{"id":"relation/4573174","nombre":"X-IO38_I","distrito":"Bellavista","tipo":"osm"},"geometry":{"type":"MultiLineString","coordinates":[[[-77.04529,-12.04889],[-77.04549,-12.04668],[-77.04338,-12.04647],[-77.04273,-12.0468],[-77.04248,-12.0467],[-77.04234,-12.04645],[-77.04269,-12.04573],[-77.04282,-12.04391],[-77.04253,-12.04361],[-77.04245,-12.04334],[-77.04258,-12.04305],[-77.04292,-12.04281],[-77.04324,-12.04028],[-77.04355,-12.03606]],[[-77.04278,-12.04295],[-77.0434,-12.04308],[-77.04352,-12.04349],[-77.04326,-12.04378],[-77.04267,-12.04374]],[[-77.0426,-12.04601],[-77.04283,-12.04598],[-77.04309,-12.04614],[-77.04313,-12.04658]],[[-77.1063,-12.02136],[-77.10656,-12.02158],[-77.10642,-12.02209],[-77.1056,-12.02312],[-77.10525,-12.02382],[-77.10516,-12.02446],[-77.10342,-12.02752],[-77.10307,-12.02789],[-77.10048,-12.03314],[-77.1001,-12.0336],[-77.09946,-12.03547],[-77.09933,-12.03924],[-77.09904,-12.04197],[-77.09916,-12.04246],[-77.09902,-12.04421],[-77.09913,-12.04475],[-77.09873,-12.04544],[-77.09847,-12.04822],[-77.09836,-12.05133],[-77.09792,-12.05488],[-77.09722,-12.06265],[-77.09741,-12.06655],[-77.0976,-12.06777],[-77.09915,-12.07271],[-77.10005,-12.07376],[-77.10008,-12.07427],[-77.09383,-12.07731],[-77.09246,-12.07779],[-77.09089,-12.07806],[-77.08185,-12.07828],[-77.08066,-12.07842],[-77.07887,-12.07895],[-77.06729,-12.08314],[-77.06928,-12.08845],[-77.06583,-12.08971],[-77.04194,-12.06076],[-77.04135,-12.06074],[-77.04101,-12.06036],[-77.04106,-12.05998],[-77.04142,-12.05971],[-77.04173,-12.05972],[-77.04205,-12.06],[-77.04226,-12.05999],[-77.05148,-12.0572],[-77.05166,-12.05707],[-77.05111,-12.05523],[-77.05623,-12.05566],[-77.0574,-12.05549],[-77.05533,-12.05257],[-77.05374,-12.04913],[-77.04602,-12.05059],[-77.04249,-12.05084]],[[-77.04205,-12.06],[-77.04209,-12.06037],[-77.04185,-12.0607]],[[-77.07079,-12.09576],[-77.06583,-12.08971]],[[-77.06228,-12.00423],[-77.0629,-12.00453],[-77.07412,-12.00623],[-77.07492,-12.00633],[-77.07686,-12.00624],[-77.08256,-12.00655],[-77.08417,-12.00694],[-77.08556,-12.00773],[-77.0896,-12.01115],[-77.09027,-12.0116],[-77.09303,-12.01228],[-77.09408,-12.01279],[-77.0952,-12.01353],[-77.0959,-12.01411],[-77.09987,-12.01839],[-77.10125,-12.01944],[-77.10568,-12.02163],[-77.10605,-12.02153]],[[-77.0622,-12.00411],[-77.06231,-12.00438],[-77.0622,-12.00462],[-77.06193,-12.00472],[-77.06169,-12.00461],[-77.06158,-12.00436],[-77.06169,-12.00411],[-77.06194,-12.00401],[-77.0622,-12.00411]],[[-77.05721,-11.98894],[-77.05981,-11.98932],[-77.05786,-12.00175],[-77.05774,-12.00333],[-77.05811,-12.00372],[-77.06165,-12.00416]],[[-77.03946,-11.89301],[-77.04008,-11.89351],[-77.04159,-11.89408],[-77.04226,-11.89448],[-77.04073,-11.89539],[-77.03947,-11.89766],[-77.03862,-11.89836],[-77.04005,-11.90093],[-77.03917,-11.90154],[-77.03683,-11.90509],[-77.03604,-11.90586],[-77.03438,-11.90844],[-77.03679,-11.90934],[-77.03748,-11.90984],[-77.04062,-11.91537],[-77.04144,-11.91772],[-77.04226,-11.92242],[-77.04283,-11.92674],[-77.04314,-11.92803],[-77.04463,-11.93112],[-77.0468,-11.93372],[-77.04893,-11.93677],[-77.04968,-11.93793],[-77.05019,-11.93921],[-77.05058,-11.94418],[-77.04937,-11.94923],[-77.0494,-11.94988],[-77.04973,-11.9504],[-77.0508,-11.95136],[-77.05117,-11.95195],[-77.05583,-11.96579],[-77.05749,-11.96866],[-77.0576,-11.96915],[-77.05755,-11.97207],[-77.05793,-11.97363],[-77.05949,-11.97635],[-77.05991,-11.97652],[-77.06005,-11.97676],[-77.05951,-11.97928],[-77.05955,-11.97987],[-77.05807,-11.98682],[-77.0573,-11.98846],[-77.05721,-11.98907]],[[-77.03438,-11.90844],[-77.03418,-11.90859]],[[-77.04336,-11.89389],[-77.04226,-11.89448]],[[-77.03892,-11.89239],[-77.03906,-11.89255],[-77.04029,-11.89162],[-77.04284,-11.89078],[-77.04357,-11.8908],[-77.04408,-11.89095],[-77.04512,-11.89169],[-77.04605,-11.89287],[-77.04689,-11.89424],[-77.06546,-11.92735],[-77.06654,-11.92861],[-77.06823,-11.92979],[-77.06977,-11.93036],[-77.07234,-11.93071],[-77.07084,-11.94607]],[[-77.08553,-11.95045],[-77.07147,-11.94585]]]}},{"type":"Feature","properties":{"id":"relation/4573343","nombre":"X-IO40_I","distrito":"Bellavista","tipo":"osm"},"geometry":{"type":"MultiLineString","coordinates":[[[-77.1063,-12.02136],[-77.10656,-12.02158],[-77.10642,-12.02209],[-77.1056,-12.02312],[-77.10525,-12.02382],[-77.10516,-12.02446],[-77.10342,-12.02752],[-77.10307,-12.02789],[-77.10048,-12.03314],[-77.1001,-12.0336],[-77.09946,-12.03547],[-77.09933,-12.03924],[-77.09904,-12.04197],[-77.09916,-12.04246],[-77.09902,-12.04421],[-77.09913,-12.04475],[-77.09873,-12.04544],[-77.09847,-12.04822],[-77.09836,-12.05133],[-77.09792,-12.05488],[-77.09722,-12.06265],[-77.09741,-12.06655],[-77.0976,-12.06777],[-77.09915,-12.07271],[-77.10005,-12.07376],[-77.10008,-12.07427],[-77.09383,-12.07731],[-77.09211,-12.07788],[-77.09062,-12.07807],[-77.08176,-12.07828],[-77.08184,-12.0787],[-77.08162,-12.079],[-77.08066,-12.07842],[-77.07887,-12.07895]],[[-77.06228,-12.00423],[-77.0629,-12.00453],[-77.07412,-12.00623],[-77.07492,-12.00633],[-77.07686,-12.00624],[-77.08256,-12.00655],[-77.08417,-12.00694],[-77.08556,-12.00773],[-77.0896,-12.01115],[-77.09027,-12.0116],[-77.09303,-12.01228],[-77.09408,-12.01279],[-77.0952,-12.01353],[-77.0959,-12.01411],[-77.09987,-12.01839],[-77.10125,-12.01944],[-77.10568,-12.02163],[-77.10605,-12.02153]],[[-77.0622,-12.00411],[-77.06231,-12.00438],[-77.0622,-12.00462],[-77.06193,-12.00472],[-77.06169,-12.00461],[-77.06158,-12.00436],[-77.06169,-12.00411],[-77.06194,-12.00401],[-77.0622,-12.00411],[-77.06217,-12.00329],[-77.06243,-12.00091],[-77.06295,-11.99768],[-77.06347,-11.9969],[-77.0644,-11.9907],[-77.06459,-11.99036],[-77.06424,-11.99043],[-77.06377,-11.99032],[-77.06358,-11.99005],[-77.06365,-11.98977],[-77.06326,-11.98987],[-77.05721,-11.98894]],[[-77.06365,-11.98977],[-77.06403,-11.98963],[-77.06459,-11.98977],[-77.06472,-11.9901],[-77.06459,-11.99036]],[[-77.07084,-11.94607],[-77.07234,-11.93071],[-77.06977,-11.93036],[-77.06823,-11.92979],[-77.06654,-11.92861],[-77.06546,-11.92735],[-77.04703,-11.89449],[-77.04542,-11.89203],[-77.04494,-11.89149],[-77.04445,-11.89115],[-77.04329,-11.89077],[-77.04239,-11.89087],[-77.04018,-11.89168],[-77.03743,-11.89393],[-77.0372,-11.89432],[-77.03711,-11.89478],[-77.03784,-11.8969],[-77.04005,-11.90093],[-77.03917,-11.90154],[-77.03683,-11.90509],[-77.03604,-11.90586],[-77.03438,-11.90844],[-77.03679,-11.90934],[-77.03748,-11.90984],[-77.04062,-11.91537],[-77.04144,-11.91772],[-77.04226,-11.92242],[-77.04283,-11.92674],[-77.04314,-11.92803],[-77.04463,-11.93112],[-77.0468,-11.93372],[-77.04893,-11.93677],[-77.04968,-11.93793],[-77.05019,-11.93921],[-77.05058,-11.94418],[-77.04937,-11.94923],[-77.0494,-11.94988],[-77.04973,-11.9504],[-77.0508,-11.95136],[-77.05117,-11.95195],[-77.05583,-11.96579],[-77.05749,-11.96866],[-77.0576,-11.96915],[-77.05755,-11.97207],[-77.05793,-11.97363],[-77.05949,-11.97635],[-77.05991,-11.97652],[-77.06005,-11.97676],[-77.05951,-11.97928],[-77.05955,-11.97987],[-77.05807,-11.98682],[-77.0573,-11.98846],[-77.05721,-11.98907]],[[-77.03438,-11.90844],[-77.03418,-11.90859]],[[-77.07694,-11.94764],[-77.07147,-11.94585]]]}},{"type":"Feature","properties":{"id":"relation/4573844","nombre":"X-IO41_I","distrito":"Bellavista","tipo":"osm"},"geometry":{"type":"MultiLineString","coordinates":[[[-76.93421,-12.07643],[-76.93274,-12.07743],[-76.9305,-12.07818],[-76.93008,-12.0785],[-76.92828,-12.08183],[-76.92733,-12.08413],[-76.92678,-12.0847],[-76.92584,-12.08492],[-76.91922,-12.08526],[-76.91567,-12.08596],[-76.91352,-12.08602]],[[-77.12189,-12.05578],[-77.12075,-12.05455],[-77.11993,-12.05407],[-77.11515,-12.05358],[-77.11474,-12.05827],[-77.11485,-12.05909],[-77.11892,-12.06468],[-77.1192,-12.0648],[-77.11876,-12.0653],[-77.11881,-12.06558],[-77.11906,-12.06583],[-77.11745,-12.06699],[-77.11542,-12.06794],[-77.1036,-12.07256],[-77.09327,-12.07756],[-77.09089,-12.07806],[-77.08185,-12.07828],[-77.08013,-12.07854],[-77.06579,-12.08368],[-77.06487,-12.0842],[-77.06432,-12.08555],[-77.06295,-12.0867],[-77.05076,-12.09478],[-77.00011,-12.0877],[-76.99851,-12.08743],[-76.99702,-12.08678],[-76.99592,-12.08672],[-76.99471,-12.08688],[-76.98791,-12.086],[-76.98512,-12.08516],[-76.98147,-12.085],[-76.97059,-12.08363],[-76.96991,-12.08375],[-76.96964,-12.08355],[-76.96931,-12.08291],[-76.96749,-12.08174],[-76.96692,-12.08117],[-76.96486,-12.07807],[-76.96364,-12.07567],[-76.96285,-12.07479],[-76.96214,-12.07424],[-76.95535,-12.07104],[-76.9542,-12.0708],[-76.94682,-12.06845],[-76.94056,-12.06525],[-76.9401,-12.06528],[-76.93964,-12.06549],[-76.93902,-12.0663],[-76.93754,-12.07111],[-76.93727,-12.07144],[-76.93664,-12.07355],[-76.93566,-12.07524],[-76.93563,-12.07559],[-76.9347,-12.07608],[-76.93367,-12.07699],[-76.93302,-12.07739],[-76.93027,-12.07843],[-76.92858,-12.08143]],[[-76.86824,-12.08628],[-76.86947,-12.08567],[-76.87571,-12.08492],[-76.87735,-12.08428],[-76.8779,-12.08418],[-76.88157,-12.08494],[-76.88485,-12.08535],[-76.88573,-12.08538],[-76.88705,-12.08507],[-76.88927,-12.08577],[-76.89092,-12.08611],[-76.89799,-12.08591],[-76.90507,-12.08605],[-76.91517,-12.08586]],[[-76.87154,-12.13342],[-76.87169,-12.12864],[-76.87211,-12.12466]],[[-76.90021,-12.08605],[-76.89084,-12.08622],[-76.88701,-12.08516],[-76.88576,-12.08547],[-76.88437,-12.08538],[-76.8816,-12.08504],[-76.87758,-12.0842]],[[-76.87761,-12.08429],[-76.87781,-12.08493],[-76.87806,-12.08513],[-76.8791,-12.08519],[-76.87968,-12.08544],[-76.88092,-12.08549],[-76.88143,-12.08588],[-76.88213,-12.08606],[-76.88251,-12.08672],[-76.88356,-12.08724],[-76.8837,-12.08757],[-76.88171,-12.09017],[-76.88112,-12.09573],[-76.88092,-12.09671],[-76.876,-12.10507],[-76.87336,-12.11488],[-76.87253,-12.1235],[-76.87231,-12.12469]],[[-76.96957,-12.08334],[-76.96973,-12.08298],[-76.97016,-12.0829],[-76.97045,-12.0832],[-76.97033,-12.08364]],[[-77.1192,-12.0648],[-77.11966,-12.06479],[-77.11995,-12.06525],[-77.11962,-12.06572],[-77.11906,-12.06583]],[[-77.10634,-12.04908],[-77.12499,-12.05072],[-77.12562,-12.05061],[-77.12554,-12.05082],[-77.12565,-12.05111],[-77.1261,-12.05119],[-77.12552,-12.05249],[-77.1225,-12.05496],[-77.12198,-12.05581]],[[-77.12562,-12.05061],[-77.12596,-12.05046],[-77.12627,-12.05064],[-77.12631,-12.05094],[-77.1261,-12.05119]]]}},{"type":"Feature","properties":{"id":"relation/4573953","nombre":"X-IO44B_I","distrito":"Bellavista","tipo":"osm"},"geometry":{"type":"MultiLineString","coordinates":[[[-77.0581,-12.02907],[-77.05778,-12.02906],[-77.05747,-12.0287],[-77.05748,-12.02844],[-77.05775,-12.02816],[-77.05805,-12.02812],[-77.05833,-12.02827],[-77.05845,-12.02854],[-77.0584,-12.02883],[-77.05777,-12.02939],[-77.05665,-12.03102],[-77.05509,-12.0324],[-77.05421,-12.03301],[-77.05255,-12.03384],[-77.04927,-12.03515],[-77.04711,-12.03578],[-77.04383,-12.03784],[-77.04367,-12.03816],[-77.04354,-12.03937],[-77.04324,-12.04281],[-77.04335,-12.04304],[-77.04297,-12.04294],[-77.04265,-12.043],[-77.04246,-12.04328],[-77.04253,-12.04361],[-77.0428,-12.04379],[-77.04341,-12.04371],[-77.04353,-12.04337],[-77.04335,-12.04304]],[[-77.06459,-11.99036],[-77.06471,-11.99002],[-77.06447,-11.9897],[-77.06392,-11.98963],[-77.0636,-11.98986],[-77.06362,-11.99015],[-77.06377,-11.99032],[-77.06424,-11.99043],[-77.06459,-11.99036],[-77.0644,-11.9907],[-77.06411,-11.99274],[-77.06352,-11.99405],[-77.06243,-12.00091],[-77.06217,-12.00329],[-77.06231,-12.00442],[-77.06215,-12.00466],[-77.06159,-12.00829],[-77.06117,-12.00813],[-77.06082,-12.00845],[-77.061,-12.00888],[-77.06144,-12.00891],[-77.06114,-12.0096],[-77.06067,-12.0118],[-77.05886,-12.02379],[-77.05892,-12.02506],[-77.05846,-12.02728],[-77.05841,-12.0284]],[[-77.06229,-11.96176],[-77.06126,-11.96056],[-77.06093,-11.95995],[-77.05981,-11.95589],[-77.05991,-11.95076],[-77.06041,-11.94705],[-77.06036,-11.94604],[-77.06061,-11.94503],[-77.06045,-11.94335],[-77.05997,-11.94174],[-77.05256,-11.92826],[-77.05214,-11.92691],[-77.05133,-11.92223],[-77.05054,-11.92013],[-77.03762,-11.89708],[-77.03605,-11.89492],[-77.03996,-11.89165],[-77.0431,-11.8905],[-77.04366,-11.89003],[-77.04402,-11.89012],[-77.0451,-11.89134],[-77.04678,-11.8936],[-77.06563,-11.92724],[-77.06702,-11.92875],[-77.06871,-11.92978],[-77.07018,-11.93022],[-77.07249,-11.93048],[-77.07095,-11.94642],[-77.06468,-11.98663],[-77.06479,-11.98831],[-77.06463,-11.98983]],[[-77.04198,-12.06058],[-77.04161,-12.06078],[-77.04123,-12.06068],[-77.041,-12.06028],[-77.04111,-12.05991],[-77.04151,-12.0597],[-77.04198,-12.0599],[-77.0421,-12.06019],[-77.04205,-12.06068],[-77.06666,-12.09051],[-77.07172,-12.08869],[-77.07318,-12.09264],[-77.07671,-12.09136],[-77.07702,-12.09139],[-77.08201,-12.08885],[-77.08291,-12.09053],[-77.08415,-12.0899],[-77.08453,-12.08959],[-77.09647,-12.08412],[-77.09593,-12.08291],[-77.10196,-12.08026],[-77.09984,-12.07608],[-77.10521,-12.07348],[-77.10564,-12.07332],[-77.10568,-12.07343]],[[-77.04451,-12.05939],[-77.04229,-12.06006]],[[-77.0431,-12.04663],[-77.04678,-12.05043],[-77.04983,-12.04973],[-77.05383,-12.049],[-77.05541,-12.05253],[-77.05709,-12.05465],[-77.05776,-12.05581],[-77.05665,-12.05577],[-77.04556,-12.05907]],[[-77.04333,-12.04376],[-77.04312,-12.04422],[-77.04299,-12.04571],[-77.04316,-12.04649],[-77.04289,-12.04678],[-77.04245,-12.04668],[-77.04233,-12.04637],[-77.04246,-12.04609],[-77.04275,-12.04598],[-77.04304,-12.04608]],[[-77.06159,-12.00829],[-77.06165,-12.00866],[-77.06144,-12.00891]],[[-77.06215,-12.00466],[-77.06175,-12.00466],[-77.06159,-12.00432],[-77.06182,-12.00403],[-77.0622,-12.00411]],[[-77.08442,-11.99595],[-77.08325,-11.9934],[-77.08177,-11.99147],[-77.08121,-11.98939],[-77.07854,-11.98436],[-77.0778,-11.98108],[-77.0768,-11.97813],[-77.07662,-11.97591],[-77.07474,-11.96789],[-77.07389,-11.96603],[-77.07307,-11.96505],[-77.0722,-11.9643],[-77.06982,-11.9629],[-77.06319,-11.96179]],[[-77.0845,-11.9962],[-77.08445,-11.99603]],[[-77.09291,-12.05269],[-77.0815,-12.05067],[-77.07802,-12.05019],[-77.07798,-12.04951],[-77.07688,-12.04752],[-77.07666,-12.04647],[-77.07754,-12.0358],[-77.07815,-12.03495],[-77.07833,-12.03424],[-77.07642,-12.02889],[-77.07452,-12.02412],[-77.07445,-12.02297],[-77.07468,-12.0222],[-77.07923,-12.01349],[-77.07949,-12.0127],[-77.08014,-12.01189],[-77.08181,-12.00845],[-77.08448,-11.99738],[-77.08454,-11.99636]],[[-77.07771,-12.03563],[-77.0779,-12.03579],[-77.07773,-12.03598],[-77.07754,-12.0358],[-77.07771,-12.03563]],[[-77.07771,-12.03563],[-77.07786,-12.0357],[-77.07788,-12.03587],[-77.0776,-12.03593]],[[-77.10117,-12.05414],[-77.09581,-12.05319]],[[-77.10564,-12.07332],[-77.10469,-12.0712],[-77.10415,-12.06888],[-77.10395,-12.06712],[-77.10408,-12.06577],[-77.10462,-12.06315],[-77.10507,-12.05867],[-77.10575,-12.05509],[-77.10186,-12.05427]]]}},{"type":"Feature","properties":{"id":"relation/4577222","nombre":"X-IO45_I","distrito":"Bellavista","tipo":"osm"},"geometry":{"type":"MultiLineString","coordinates":[[[-77.1063,-12.02136],[-77.10656,-12.02158],[-77.10642,-12.02209],[-77.1056,-12.02312],[-77.10525,-12.02382],[-77.10516,-12.02446],[-77.10342,-12.02752],[-77.10307,-12.02789],[-77.10048,-12.03314],[-77.1001,-12.0336],[-77.09946,-12.03547],[-77.09933,-12.03924],[-77.09904,-12.04197],[-77.09916,-12.04246],[-77.09902,-12.04421],[-77.09913,-12.04475],[-77.09873,-12.04544],[-77.09847,-12.04822],[-77.09836,-12.05133],[-77.09792,-12.05488],[-77.09722,-12.06265],[-77.09741,-12.06655],[-77.0976,-12.06777],[-77.09915,-12.07271],[-77.10005,-12.07376],[-77.10008,-12.07427],[-77.09383,-12.07731],[-77.09246,-12.07779],[-77.09089,-12.07806],[-77.08185,-12.07828],[-77.08066,-12.07842],[-77.07805,-12.07923],[-77.06579,-12.08368],[-77.06487,-12.0842],[-77.06432,-12.08555],[-77.06313,-12.08656],[-77.05772,-12.09017],[-77.05604,-12.08774],[-77.05158,-12.08416],[-77.0521,-12.0832],[-77.0495,-12.08221],[-77.0485,-12.08199],[-77.04697,-12.08212],[-77.0461,-12.08236],[-77.04582,-12.0827],[-77.04372,-12.08194],[-77.04273,-12.08114],[-77.04234,-12.08046],[-77.04218,-12.07969],[-77.04206,-12.07585],[-77.04175,-12.07363],[-77.03948,-12.06855],[-77.03888,-12.06505]],[[-77.05772,-12.09017],[-77.05338,-12.09304]],[[-77.06163,-12.00836],[-77.06485,-12.00901],[-77.07168,-12.01125],[-77.07896,-12.01245],[-77.08007,-12.01248],[-77.08162,-12.01284],[-77.08294,-12.0129],[-77.08396,-12.01279],[-77.0893,-12.01163],[-77.09027,-12.0116],[-77.09246,-12.01208],[-77.09408,-12.01279],[-77.09538,-12.01366],[-77.09987,-12.01839],[-77.10116,-12.01938],[-77.10568,-12.02163],[-77.10605,-12.02153]],[[-77.06159,-12.00829],[-77.06166,-12.00861],[-77.06148,-12.00888],[-77.06114,-12.00894],[-77.06087,-12.00875],[-77.06082,-12.00845],[-77.06099,-12.0082],[-77.06131,-12.00813],[-77.06159,-12.00829],[-77.06171,-12.00771],[-77.06215,-12.00466],[-77.06231,-12.00438],[-77.06217,-12.00397],[-77.06217,-12.00329],[-77.06243,-12.00091],[-77.06352,-11.99405],[-77.06411,-11.99274],[-77.0644,-11.9907],[-77.06459,-11.99036],[-77.06424,-11.99043],[-77.06377,-11.99032],[-77.06358,-11.99005],[-77.06365,-11.98977],[-77.06326,-11.98987],[-77.05711,-11.98892],[-77.05826,-11.98414],[-77.0588,-11.98345],[-77.05955,-11.97987],[-77.05951,-11.97928],[-77.06005,-11.97676],[-77.05991,-11.97652],[-77.05949,-11.97635],[-77.05793,-11.97363],[-77.05755,-11.97207],[-77.0576,-11.96915],[-77.05749,-11.96866],[-77.05583,-11.96579],[-77.05117,-11.95195],[-77.0508,-11.95136],[-77.04973,-11.9504],[-77.0494,-11.94988],[-77.04937,-11.94923],[-77.05054,-11.94463],[-77.05059,-11.94402],[-77.05028,-11.93969],[-77.04996,-11.93853],[-77.04942,-11.93749],[-77.04686,-11.9338],[-77.04463,-11.93112],[-77.04335,-11.92855],[-77.04283,-11.92674],[-77.04226,-11.92242],[-77.04136,-11.91735],[-77.04062,-11.91537],[-77.03845,-11.91142],[-77.03768,-11.91007],[-77.03708,-11.90951],[-77.03333,-11.90798],[-77.03271,-11.90757],[-77.03213,-11.90685],[-77.03091,-11.90425],[-77.03062,-11.90312],[-77.03061,-11.90099],[-77.03042,-11.89929],[-77.02913,-11.89437],[-77.02865,-11.89309],[-77.02699,-11.89045],[-77.02602,-11.88936],[-77.02395,-11.8876],[-77.02343,-11.88672],[-77.02334,-11.88592],[-77.02379,-11.8832],[-77.02348,-11.88209],[-77.02265,-11.88124],[-77.02065,-11.88033],[-77.0197,-11.87971],[-77.01772,-11.87758],[-77.01628,-11.87457],[-77.01386,-11.87037],[-77.01142,-11.86686],[-77.01114,-11.86586],[-77.01034,-11.86516],[-77.00916,-11.8646],[-77.00731,-11.86259],[-77.00687,-11.86184],[-77.00631,-11.86044],[-77.00434,-11.85823],[-77.00386,-11.85607]],[[-77.06215,-12.00466],[-77.06175,-12.00466],[-77.06159,-12.00432],[-77.06182,-12.00403],[-77.0622,-12.00411]],[[-77.06365,-11.98977],[-77.06403,-11.98963],[-77.06459,-11.98977],[-77.06472,-11.9901],[-77.06459,-11.99036]]]}},{"type":"Feature","properties":{"id":"relation/4580670","nombre":"X-IO49_I","distrito":"Bellavista","tipo":"osm"},"geometry":{"type":"MultiLineString","coordinates":[[[-76.90727,-12.21808],[-76.90221,-12.22687],[-76.89447,-12.2288],[-76.89256,-12.22879],[-76.89164,-12.22904],[-76.89033,-12.2281],[-76.88958,-12.22789],[-76.88893,-12.22799],[-76.88782,-12.22853]],[[-76.92783,-12.22842],[-76.93261,-12.23122],[-76.93728,-12.2376]],[[-76.90795,-12.22189],[-76.90473,-12.22245]],[[-76.90622,-12.21019],[-76.90634,-12.21276],[-76.9085,-12.22507],[-76.90954,-12.22918],[-76.90974,-12.22947]],[[-76.90988,-12.22987],[-76.90987,-12.23046],[-76.91252,-12.23727],[-76.91264,-12.23806],[-76.91259,-12.2388]],[[-76.91221,-12.23965],[-76.91253,-12.23855],[-76.91245,-12.2374],[-76.90959,-12.22988]],[[-76.92531,-12.24701],[-76.92468,-12.24697],[-76.9128,-12.24012],[-76.91234,-12.24001]],[[-76.92772,-12.2289],[-76.9274,-12.22897],[-76.92219,-12.23767],[-76.91911,-12.24123],[-76.91798,-12.24313]],[[-76.92767,-12.22887],[-76.92743,-12.2286],[-76.92743,-12.2284],[-76.92757,-12.2283],[-76.92775,-12.22835],[-76.92796,-12.22866],[-76.92785,-12.22889],[-76.92767,-12.22887]],[[-76.95875,-12.15948],[-76.96011,-12.16306],[-76.96253,-12.17375],[-76.96272,-12.17978],[-76.96246,-12.18122],[-76.95605,-12.19219],[-76.93242,-12.23155]],[[-76.97696,-12.17201],[-76.96705,-12.16956],[-76.96527,-12.16952],[-76.96164,-12.17024]],[[-76.96801,-12.16037],[-76.96882,-12.16238],[-76.96912,-12.16349],[-76.96927,-12.16469],[-76.96924,-12.1662],[-76.96899,-12.16753],[-76.96564,-12.18014]],[[-76.9783,-12.16691],[-76.97804,-12.16668],[-76.97049,-12.16475],[-76.96918,-12.16469]],[[-76.96289,-12.14026],[-76.96371,-12.14129],[-76.96451,-12.14316],[-76.96506,-12.14403],[-76.96703,-12.14603],[-76.96965,-12.14829],[-76.97043,-12.14918],[-76.97182,-12.15386],[-76.97296,-12.15675],[-76.97326,-12.15801],[-76.97337,-12.15982],[-76.97291,-12.16388]],[[-76.99015,-12.14376],[-76.9897,-12.14414],[-76.98743,-12.14699],[-76.98432,-12.14905],[-76.98225,-12.15014],[-76.98019,-12.15072],[-76.97646,-12.15224],[-76.97662,-12.15258],[-76.97822,-12.15384],[-76.97722,-12.15498],[-76.97296,-12.15675]],[[-76.9785,-12.15403],[-76.97822,-12.15384]],[[-76.95681,-12.1607],[-76.95739,-12.16015],[-76.95856,-12.15956],[-76.97337,-12.15359],[-76.97646,-12.15224],[-76.97638,-12.15205]],[[-76.98526,-12.14845],[-76.98347,-12.14956]],[[-77.00095,-12.12934],[-76.99335,-12.13998],[-76.99188,-12.14173]],[[-77.00109,-12.12833],[-77.00142,-12.12847],[-77.00158,-12.12887],[-77.00141,-12.12922],[-77.00103,-12.12935],[-77.00063,-12.12913],[-77.00054,-12.12878],[-77.00076,-12.12842],[-77.00109,-12.12833]],[[-77.03182,-12.09472],[-77.02596,-12.0939],[-77.0255,-12.09396],[-77.0237,-12.0948],[-77.02165,-12.09482],[-77.01901,-12.10146],[-77.01877,-12.10283],[-77.01873,-12.10452],[-77.01532,-12.10831],[-77.0142,-12.10977],[-77.01207,-12.11277],[-77.0015,-12.12856]],[[-77.02976,-12.09011],[-77.03111,-12.09462]],[[-77.04218,-12.07969],[-77.03858,-12.08016],[-77.03632,-12.07983],[-77.03605,-12.08152],[-77.03296,-12.08109],[-77.03161,-12.09037],[-77.02961,-12.09009]],[[-77.04275,-12.04817],[-77.04177,-12.05949],[-77.04181,-12.05976],[-77.04208,-12.06007],[-77.04209,-12.06037],[-77.04185,-12.0607],[-77.04128,-12.06088],[-77.03935,-12.06447],[-77.03943,-12.06478],[-77.03911,-12.06505],[-77.03976,-12.06868],[-77.04201,-12.07366],[-77.04229,-12.07593],[-77.0424,-12.07969]],[[-77.03918,-12.06492],[-77.03899,-12.0648],[-77.03896,-12.06461],[-77.03912,-12.06444],[-77.03935,-12.06447]],[[-77.04143,-12.06077],[-77.04107,-12.06051],[-77.04103,-12.06005],[-77.04135,-12.05973],[-77.04181,-12.05976]],[[-77.10124,-12.02006],[-77.09682,-12.02894],[-77.09623,-12.02955],[-77.09555,-12.02991],[-77.07736,-12.03191],[-77.06829,-12.03189],[-77.06493,-12.03227],[-77.0652,-12.03412],[-77.06603,-12.03563],[-77.06617,-12.03609],[-77.06603,-12.03852],[-77.06493,-12.04865],[-77.04344,-12.04647],[-77.04296,-12.04675],[-77.04285,-12.04712]],[[-77.04296,-12.04675],[-77.04273,-12.0468],[-77.04245,-12.04668],[-77.04233,-12.04637],[-77.04246,-12.04609],[-77.04275,-12.04598],[-77.04304,-12.04608],[-77.04317,-12.0463],[-77.04313,-12.04658]],[[-77.0649,-12.03206],[-77.06493,-12.03227]],[[-77.10605,-11.98951],[-77.10724,-11.99071],[-77.10638,-11.9915],[-77.10506,-11.99419],[-77.10492,-11.99512],[-77.10412,-11.99607],[-77.09919,-12.0065],[-77.10275,-12.00823],[-77.09808,-12.01756],[-77.09691,-12.0202],[-77.09692,-12.02076],[-77.09869,-12.02364],[-77.09905,-12.02445]],[[-77.10733,-11.99066],[-77.10724,-11.99071]]]}},{"type":"Feature","properties":{"id":"relation/4580910","nombre":"X-IO50_I","distrito":"Bellavista","tipo":"osm"},"geometry":{"type":"MultiLineString","coordinates":[[[-77.07803,-12.05989],[-77.08218,-12.06084],[-77.08675,-12.06148],[-77.10569,-12.06325],[-77.10801,-12.0633],[-77.1169,-12.06491],[-77.11865,-12.0652],[-77.11882,-12.06514],[-77.11876,-12.06541],[-77.11886,-12.06566],[-77.11906,-12.06583],[-77.11939,-12.06582],[-77.1199,-12.06542],[-77.11989,-12.06502],[-77.11966,-12.06479],[-77.11944,-12.06476],[-77.11886,-12.06508],[-77.11879,-12.06476],[-77.11491,-12.05952],[-77.11459,-12.05854],[-77.11498,-12.05346],[-77.11796,-12.0537],[-77.11842,-12.04775]],[[-77.11882,-12.06514],[-77.11886,-12.06508]]]}},{"type":"Feature","properties":{"id":"relation/4580988","nombre":"X-IO51_I","distrito":"Bellavista","tipo":"osm"},"geometry":{"type":"MultiLineString","coordinates":[[[-77.00907,-12.14661],[-77.00673,-12.14619],[-77.00521,-12.14709],[-77.00448,-12.14579],[-77.0037,-12.14482],[-77.00139,-12.14134],[-77.00006,-12.14033],[-76.99953,-12.13972],[-76.99918,-12.13895],[-76.99883,-12.13697],[-76.9985,-12.13607],[-76.99806,-12.13554],[-76.99596,-12.13398],[-76.99276,-12.12831],[-76.99295,-12.12819],[-77.00056,-12.1287]],[[-77.02528,-12.16781],[-77.0192,-12.16204],[-77.01893,-12.16011]],[[-77.0109,-12.20643],[-77.01031,-12.20574],[-77.00502,-12.20197],[-77.00384,-12.20349],[-77.00138,-12.2074],[-77.00001,-12.20832],[-76.99842,-12.20868],[-76.99766,-12.20905],[-76.99633,-12.21058],[-76.99505,-12.21145],[-76.99278,-12.2124],[-76.99203,-12.21248],[-76.99142,-12.2124],[-76.99039,-12.21197],[-76.98792,-12.20964]],[[-77.01106,-12.20645],[-77.01322,-12.20906],[-77.01761,-12.20608],[-77.00624,-12.19019],[-77.00724,-12.18913],[-77.00766,-12.18818],[-77.00753,-12.18518],[-77.0073,-12.18472]],[[-77.02023,-12.17309],[-77.02151,-12.17176]],[[-77.00773,-12.18404],[-77.01001,-12.18332],[-77.01086,-12.18281],[-77.01864,-12.17476]],[[-77.01073,-12.14696],[-77.01186,-12.14703],[-77.00366,-12.15239]],[[-77.01777,-12.14692],[-77.01618,-12.14705],[-77.01186,-12.14703],[-77.01613,-12.14342],[-77.01611,-12.14319],[-77.01752,-12.14198],[-77.02216,-12.14115],[-77.02167,-12.14645],[-77.02103,-12.1489],[-77.02045,-12.15047],[-77.02006,-12.15032],[-77.01979,-12.15185]],[[-77.00641,-12.14607],[-77.00684,-12.14619]],[[-77.00061,-12.12858],[-77.0006,-12.12805],[-76.99832,-12.12223],[-76.99818,-12.12146],[-76.99815,-12.1199],[-76.9984,-12.11814],[-76.99996,-12.1123],[-77.00357,-12.08744],[-77.00422,-12.08755],[-77.00524,-12.08809],[-77.00571,-12.08821],[-77.01349,-12.08928],[-77.0144,-12.08874],[-77.01516,-12.08637],[-77.01544,-12.08603],[-77.01665,-12.08831],[-77.01805,-12.08976],[-77.0188,-12.09017],[-77.05067,-12.09461],[-77.06289,-12.08662],[-77.06417,-12.08558],[-77.06439,-12.08518],[-77.06448,-12.08451],[-77.06475,-12.08409],[-77.06558,-12.08358],[-77.07986,-12.07843],[-77.0817,-12.07811],[-77.09061,-12.07793],[-77.09175,-12.07779],[-77.0933,-12.07734],[-77.09821,-12.07499],[-77.09888,-12.07414],[-77.09908,-12.07313],[-77.09738,-12.06734],[-77.09709,-12.06252],[-77.09823,-12.0515],[-77.09829,-12.04861],[-77.09851,-12.04606],[-77.09865,-12.04527],[-77.09894,-12.04501],[-77.09903,-12.04475],[-77.09892,-12.0442],[-77.09905,-12.04252],[-77.09892,-12.04196],[-77.09918,-12.03907],[-77.09932,-12.03562],[-77.10006,-12.03339],[-77.10044,-12.03297],[-77.10303,-12.02776],[-77.1033,-12.02745],[-77.10508,-12.02427],[-77.1057,-12.02227]],[[-77.00109,-12.12833],[-77.00142,-12.12847],[-77.00158,-12.12887],[-77.00141,-12.12922],[-77.00103,-12.12935],[-77.00063,-12.12913],[-77.00054,-12.12878],[-77.00076,-12.12842],[-77.00109,-12.12833]],[[-76.99266,-12.12818],[-76.99295,-12.12819]],[[-77.10572,-12.02219],[-77.10571,-12.02195],[-77.10541,-12.02171],[-77.10107,-12.01958],[-77.09943,-12.0182],[-77.09515,-12.01374],[-77.09354,-12.01273],[-77.0923,-12.01223],[-77.09029,-12.01186],[-77.08929,-12.01187],[-77.08823,-12.01199],[-77.08464,-12.01282],[-77.08322,-12.01303],[-77.07945,-12.01281],[-77.08023,-12.01173],[-77.08131,-12.00961],[-77.08193,-12.0081],[-77.08457,-11.9967],[-77.08423,-11.99624],[-77.08353,-11.99606],[-77.07294,-11.99452],[-77.07222,-11.99424],[-77.07165,-11.99359],[-77.07146,-11.99315],[-77.0714,-11.99245],[-77.07227,-11.98649],[-77.072,-11.98457],[-77.07219,-11.98352],[-77.07226,-11.97635],[-77.07247,-11.97066],[-77.07193,-11.96902],[-77.07099,-11.96781],[-77.06978,-11.967],[-77.06904,-11.96673],[-77.06782,-11.96653]]]}},{"type":"Feature","properties":{"id":"relation/4581671","nombre":"X-IO53_I","distrito":"Bellavista","tipo":"osm"},"geometry":{"type":"MultiLineString","coordinates":[[[-77.13186,-12.06074],[-77.13357,-12.06119],[-77.12745,-12.06335]],[[-77.15792,-12.06817],[-77.15669,-12.06729],[-77.15568,-12.06681],[-77.15035,-12.06564],[-77.13357,-12.06119]],[[-77.10315,-12.0431],[-77.10414,-12.04321],[-77.10382,-12.04543],[-77.10704,-12.04571],[-77.10721,-12.04554],[-77.10747,-12.04351],[-77.10925,-12.04374],[-77.10939,-12.04423],[-77.11557,-12.04262],[-77.12134,-12.04192],[-77.12575,-12.04029],[-77.12681,-12.04217],[-77.12603,-12.05012],[-77.12615,-12.05053],[-77.12587,-12.05047],[-77.12562,-12.05061],[-77.1256,-12.05106],[-77.1258,-12.05121],[-77.1261,-12.05119],[-77.12629,-12.05099],[-77.12631,-12.0507],[-77.12665,-12.05086],[-77.12755,-12.05095],[-77.13306,-12.05143],[-77.13377,-12.05135],[-77.13376,-12.05178],[-77.13412,-12.05199],[-77.13447,-12.05179],[-77.13453,-12.05149],[-77.13889,-12.05173],[-77.13854,-12.05193],[-77.13841,-12.05236],[-77.1386,-12.05271],[-77.13901,-12.05286],[-77.13953,-12.05276],[-77.13978,-12.05233],[-77.13997,-12.05281],[-77.14227,-12.05563],[-77.14249,-12.05623],[-77.14296,-12.05927],[-77.14308,-12.06087],[-77.14266,-12.06358]],[[-77.13889,-12.05173],[-77.13949,-12.05181],[-77.13978,-12.05233]],[[-77.13377,-12.05135],[-77.13417,-12.05118],[-77.13453,-12.05149]],[[-77.12615,-12.05053],[-77.12631,-12.0507]],[[-77.10721,-12.04554],[-77.10736,-12.04565],[-77.10716,-12.04568]],[[-77.01202,-12.03224],[-77.01064,-12.03074],[-77.01116,-12.03003],[-77.01115,-12.02953],[-77.01062,-12.02835],[-77.00994,-12.02787],[-77.00889,-12.02757],[-77.00575,-12.02716],[-77.0019,-12.02572],[-76.99719,-12.02464],[-76.99594,-12.02447],[-76.99133,-12.02436],[-76.99135,-12.02243],[-76.99086,-12.02123],[-76.98995,-12.01728],[-76.98969,-12.0168],[-76.98662,-12.01455],[-76.98591,-12.01339],[-76.98555,-12.01302],[-76.98377,-12.0119],[-76.98261,-12.01149],[-76.98132,-12.01031],[-76.9797,-12.01199],[-76.98194,-12.01417],[-76.98486,-12.01992],[-76.98617,-12.02104],[-76.98613,-12.02387],[-76.983,-12.02437],[-76.98176,-12.02487],[-76.98063,-12.025],[-76.97912,-12.02482],[-76.97764,-12.02412],[-76.97367,-12.02446],[-76.97345,-12.02188]],[[-77.02747,-12.07618],[-77.03031,-12.05528],[-77.03027,-12.05476],[-77.02405,-12.04289],[-77.02261,-12.04265],[-77.02054,-12.04149],[-77.01877,-12.04069],[-77.01782,-12.04039],[-77.01425,-12.03773],[-77.01342,-12.03736],[-77.01321,-12.03711],[-77.01271,-12.03512],[-77.01246,-12.03308],[-77.01205,-12.03226]],[[-77.12685,-12.06359],[-77.12136,-12.06577],[-77.12001,-12.06553],[-77.11939,-12.06582],[-77.11906,-12.06583],[-77.11745,-12.06699],[-77.11592,-12.06773],[-77.1036,-12.07256],[-77.09327,-12.07756],[-77.09089,-12.07806],[-77.08185,-12.07828],[-77.08013,-12.07854],[-77.06579,-12.08368],[-77.06487,-12.0842],[-77.06432,-12.08555],[-77.06313,-12.08656],[-77.05772,-12.09017],[-77.05604,-12.08774],[-77.05158,-12.08416],[-77.0521,-12.0832],[-77.04871,-12.08201],[-77.04789,-12.08198],[-77.04697,-12.08212],[-77.0461,-12.08236],[-77.04582,-12.0827],[-77.04396,-12.08205],[-77.04323,-12.08164],[-77.04273,-12.08114],[-77.04234,-12.08046],[-77.04218,-12.07969],[-77.03858,-12.08016],[-77.03113,-12.0791],[-77.02929,-12.07717],[-77.02777,-12.0765]],[[-77.0424,-12.07969],[-77.04218,-12.07969]],[[-77.05772,-12.09017],[-77.05338,-12.09304]],[[-77.08453,-12.07821],[-77.08176,-12.07828]],[[-77.11906,-12.06583],[-77.11881,-12.06558],[-77.11876,-12.0653],[-77.1192,-12.0648],[-77.11966,-12.06479],[-77.11989,-12.06502],[-77.11995,-12.06525],[-77.11975,-12.06561]]]}},{"type":"Feature","properties":{"id":"relation/4583567","nombre":"X-IO55_I","distrito":"Bellavista","tipo":"osm"},"geometry":{"type":"MultiLineString","coordinates":[[[-77.10605,-12.02153],[-77.10568,-12.02163],[-77.10125,-12.01944],[-77.09656,-12.02889],[-77.09617,-12.02931],[-77.09549,-12.02967],[-77.07738,-12.03184],[-77.06778,-12.03169],[-77.06481,-12.03207],[-77.06512,-12.03413],[-77.066,-12.03579],[-77.0661,-12.0363],[-77.06523,-12.04503],[-77.06491,-12.04544],[-77.09831,-12.04838]],[[-76.89934,-12.0192],[-76.91856,-12.02539],[-76.91999,-12.02598],[-76.92268,-12.0276],[-76.92382,-12.02857],[-76.93577,-12.04262],[-76.93656,-12.04324],[-76.95615,-12.05102],[-76.97304,-12.05824],[-76.97859,-12.06073],[-76.98178,-12.06287],[-76.98229,-12.06308],[-76.98759,-12.06402],[-76.9905,-12.0642],[-76.9968,-12.06371],[-77.00133,-12.06322],[-77.00464,-12.06188],[-77.01347,-12.05492],[-77.01488,-12.0566],[-77.01664,-12.05726],[-77.03513,-12.05961],[-77.03584,-12.05927],[-77.03688,-12.05973],[-77.04103,-12.06005]],[[-77.04142,-12.05971],[-77.04188,-12.0598],[-77.0421,-12.06014],[-77.04203,-12.06052],[-77.04169,-12.06076],[-77.04123,-12.06068],[-77.041,-12.0602],[-77.0415,-12.05946],[-77.04233,-12.05015],[-77.0425,-12.04672],[-77.04296,-12.04675],[-77.04313,-12.04658],[-77.04317,-12.0463],[-77.05072,-12.04713],[-77.05102,-12.04395]],[[-77.0425,-12.04672],[-77.04233,-12.04637],[-77.04253,-12.04604],[-77.04291,-12.046],[-77.04317,-12.0463]],[[-77.04581,-12.04344],[-77.05085,-12.04391],[-77.05148,-12.04415],[-77.0523,-12.04425],[-77.06491,-12.04544]],[[-77.1063,-12.02136],[-77.10656,-12.02117],[-77.10746,-12.01948],[-77.10762,-12.01874],[-77.10839,-12.01713],[-77.10879,-12.01673],[-77.11032,-12.01359],[-77.11097,-12.01296],[-77.11121,-12.01179],[-77.11215,-12.0096],[-77.11315,-12.00775],[-77.11432,-12.00515],[-77.11538,-12.0034],[-77.11553,-12.00266],[-77.11618,-12.00154],[-77.11681,-12.00088],[-77.11812,-12.00006],[-77.11859,-11.99949],[-77.12458,-11.99744],[-77.12579,-11.99606],[-77.12593,-11.99566],[-77.12553,-11.99188],[-77.12488,-11.97568],[-77.12493,-11.97319],[-77.12521,-11.97035],[-77.12581,-11.96717],[-77.12637,-11.9652],[-77.13132,-11.95022],[-77.13168,-11.94837],[-77.13107,-11.93978],[-77.1307,-11.93687],[-77.1304,-11.93159],[-77.13002,-11.92848],[-77.12902,-11.9225],[-77.12875,-11.91888],[-77.1283,-11.91206],[-77.12863,-11.90771],[-77.12816,-11.90116],[-77.12697,-11.89762],[-77.12597,-11.8902],[-77.12602,-11.88826],[-77.12591,-11.88652],[-77.12619,-11.88464],[-77.1265,-11.87672],[-77.12696,-11.8741]],[[-77.12696,-11.87406],[-77.12688,-11.87351],[-77.12673,-11.87337],[-77.12439,-11.87282],[-77.11754,-11.86898],[-77.11622,-11.86853],[-77.11405,-11.86812],[-77.11373,-11.86826],[-77.11354,-11.86853],[-77.11373,-11.86947],[-77.11365,-11.86979],[-77.11043,-11.87235],[-77.10932,-11.87428],[-77.10853,-11.8746]]]}},{"type":"Feature","properties":{"id":"relation/4583709","nombre":"X-IO57B_I","distrito":"Bellavista","tipo":"osm"},"geometry":{"type":"MultiLineString","coordinates":[[[-76.93931,-12.07592],[-76.93834,-12.07563]],[[-76.86824,-12.08628],[-76.86947,-12.08567],[-76.87571,-12.08492],[-76.87758,-12.0842],[-76.87781,-12.08493],[-76.87801,-12.0851],[-76.8791,-12.08519],[-76.87968,-12.08544],[-76.88092,-12.08549],[-76.88143,-12.08588],[-76.88216,-12.08608],[-76.88255,-12.08675],[-76.8835,-12.0872],[-76.8837,-12.08749],[-76.88359,-12.08779],[-76.88171,-12.09017],[-76.88112,-12.09573],[-76.88092,-12.09671],[-76.876,-12.10507],[-76.87336,-12.11488],[-76.87253,-12.1235],[-76.87231,-12.12469]],[[-76.87816,-12.1011],[-76.87668,-12.10042]],[[-76.87549,-12.09877],[-76.87602,-12.09954],[-76.87607,-12.10033],[-76.87389,-12.10418],[-76.87273,-12.10779],[-76.87228,-12.10984],[-76.87032,-12.11692],[-76.87035,-12.11762],[-76.87103,-12.12029],[-76.87088,-12.1231]],[[-76.88327,-12.10789],[-76.88243,-12.10704],[-76.88178,-12.10576],[-76.88072,-12.10454],[-76.87516,-12.10193],[-76.87353,-12.10097],[-76.87319,-12.10044],[-76.87296,-12.09913]],[[-76.87186,-12.11602],[-76.87202,-12.11463],[-76.87481,-12.10476],[-76.87717,-12.10065]],[[-76.87154,-12.13342],[-76.87169,-12.12864],[-76.87211,-12.12466]],[[-76.87758,-12.0842],[-76.87842,-12.08425],[-76.88157,-12.08494],[-76.88485,-12.08535],[-76.88573,-12.08538],[-76.88705,-12.08507],[-76.88927,-12.08577],[-76.89092,-12.08611],[-76.89799,-12.08591],[-76.90507,-12.08605],[-76.91517,-12.08586]],[[-76.90021,-12.08605],[-76.89084,-12.08622],[-76.88701,-12.08516],[-76.88547,-12.08548],[-76.8816,-12.08504],[-76.8784,-12.08432],[-76.87761,-12.08429]],[[-76.93768,-12.07542],[-76.93655,-12.07536],[-76.93549,-12.07564],[-76.9347,-12.07608],[-76.93367,-12.07699],[-76.93302,-12.07739],[-76.93039,-12.07834],[-76.92992,-12.07889],[-76.92858,-12.08143]],[[-76.91352,-12.08602],[-76.91567,-12.08596],[-76.91922,-12.08526],[-76.92584,-12.08492],[-76.92678,-12.0847],[-76.92733,-12.08413],[-76.92828,-12.08183],[-76.93008,-12.0785],[-76.9305,-12.07818],[-76.93274,-12.07743],[-76.93421,-12.07643]],[[-76.9899,-12.08599],[-76.99477,-12.08664],[-76.9962,-12.08648],[-76.99697,-12.08656],[-76.99846,-12.0872],[-77.00166,-12.08764],[-77.00217,-12.08763],[-77.00297,-12.08739],[-77.00346,-12.08743],[-77.00422,-12.08755],[-77.00524,-12.08809],[-77.00571,-12.08821],[-77.01349,-12.08928],[-77.0144,-12.08874],[-77.01516,-12.08637],[-77.01544,-12.08603],[-77.01665,-12.08831],[-77.01805,-12.08976],[-77.0188,-12.09017],[-77.05067,-12.09461],[-77.06289,-12.08662],[-77.06417,-12.08558],[-77.06439,-12.08518],[-77.06448,-12.08451],[-77.06475,-12.08409],[-77.06558,-12.08358],[-77.08025,-12.07833],[-77.08183,-12.0781],[-77.09068,-12.07793],[-77.09219,-12.0777],[-77.0933,-12.07734],[-77.10356,-12.07245],[-77.11581,-12.06764],[-77.11626,-12.06743],[-77.11877,-12.06549],[-77.11906,-12.06583],[-77.11962,-12.06572],[-77.11995,-12.06525],[-77.11966,-12.06479],[-77.11994,-12.06474],[-77.12172,-12.06348],[-77.12703,-12.05952],[-77.1317,-12.06059],[-77.13214,-12.06055],[-77.13401,-12.0608],[-77.14686,-12.06268],[-77.147,-12.06159],[-77.14742,-12.06142],[-77.14829,-12.05955],[-77.14879,-12.05979],[-77.1512,-12.06187],[-77.15131,-12.06224],[-77.15119,-12.06343],[-77.15138,-12.06381],[-77.15404,-12.06489],[-77.15791,-12.06728],[-77.15865,-12.06756],[-77.16485,-12.07253],[-77.16427,-12.07324]],[[-76.93935,-12.07571],[-76.93966,-12.0733],[-76.94063,-12.07223],[-76.94056,-12.0725],[-76.94076,-12.07278],[-76.94101,-12.07282],[-76.94124,-12.0727],[-76.94133,-12.07251],[-76.94125,-12.07223],[-76.94106,-12.07209],[-76.94076,-12.07212],[-76.94136,-12.07146],[-76.94402,-12.06654],[-76.94703,-12.06811],[-76.95462,-12.07048],[-76.96112,-12.07348],[-76.96237,-12.07417],[-76.96383,-12.07564],[-76.96537,-12.07846],[-76.96705,-12.08103],[-76.96776,-12.0817],[-76.96941,-12.08279],[-76.97016,-12.0829],[-76.97067,-12.08336],[-76.98058,-12.08475],[-76.98511,-12.08501],[-76.98751,-12.08572],[-76.99043,-12.08608]],[[-76.97045,-12.0832],[-76.97033,-12.08364],[-76.97003,-12.08376],[-76.9698,-12.0837],[-76.96957,-12.08334],[-76.96984,-12.08292]],[[-76.94076,-12.0636],[-76.94082,-12.06437],[-76.94129,-12.06511]],[[-76.94063,-12.07223],[-76.94076,-12.07212]],[[-76.94402,-12.06654],[-76.9461,-12.06257]],[[-77.11877,-12.06549],[-77.11882,-12.06514],[-77.11908,-12.06488],[-77.11966,-12.06479]]]}},{"type":"Feature","properties":{"id":"relation/4584343","nombre":"X-IO57_I","distrito":"Bellavista","tipo":"osm"},"geometry":{"type":"MultiLineString","coordinates":[[[-76.93935,-12.07571],[-76.93966,-12.0733],[-76.94136,-12.07146],[-76.94385,-12.06688],[-76.94697,-12.0685],[-76.9542,-12.0708],[-76.95535,-12.07104],[-76.96214,-12.07424],[-76.96285,-12.07479],[-76.96364,-12.07567],[-76.96486,-12.07807],[-76.96692,-12.08117],[-76.96749,-12.08174],[-76.96931,-12.08291],[-76.96964,-12.08355],[-76.96991,-12.08375],[-76.97059,-12.08363],[-76.98147,-12.085],[-76.98512,-12.08516],[-76.98729,-12.08587],[-76.98974,-12.08635],[-77.00844,-12.08898],[-77.01109,-12.08921],[-77.05076,-12.09478],[-77.06295,-12.0867],[-77.06422,-12.08567],[-77.06446,-12.08531],[-77.06475,-12.08435],[-77.06555,-12.08378],[-77.08013,-12.07854],[-77.08185,-12.07828],[-77.09089,-12.07806],[-77.09327,-12.07756],[-77.1036,-12.07256],[-77.11542,-12.06794],[-77.11745,-12.06699],[-77.11906,-12.06583],[-77.11876,-12.06541],[-77.11882,-12.06514],[-77.11908,-12.06488],[-77.11966,-12.06479],[-77.11994,-12.06511],[-77.12182,-12.06359],[-77.12716,-12.05971],[-77.13186,-12.06074],[-77.15035,-12.06564],[-77.15576,-12.06683],[-77.15669,-12.06729],[-77.15792,-12.06817],[-77.16427,-12.07324]],[[-76.93931,-12.07592],[-76.93834,-12.07563]],[[-76.86824,-12.08628],[-76.86947,-12.08567],[-76.87571,-12.08492],[-76.87735,-12.08428],[-76.8779,-12.08418],[-76.88157,-12.08494],[-76.88485,-12.08535],[-76.88573,-12.08538],[-76.88705,-12.08507],[-76.88927,-12.08577],[-76.89092,-12.08611],[-76.89799,-12.08591],[-76.90507,-12.08605],[-76.91517,-12.08586]],[[-76.87154,-12.13342],[-76.87169,-12.12864],[-76.87211,-12.12466]],[[-76.90021,-12.08605],[-76.89084,-12.08622],[-76.88701,-12.08516],[-76.88576,-12.08547],[-76.88437,-12.08538],[-76.8816,-12.08504],[-76.87758,-12.0842]],[[-76.87761,-12.08429],[-76.87781,-12.08493],[-76.87806,-12.08513],[-76.8791,-12.08519],[-76.87968,-12.08544],[-76.88092,-12.08549],[-76.88143,-12.08588],[-76.88213,-12.08606],[-76.88251,-12.08672],[-76.88356,-12.08724],[-76.8837,-12.08757],[-76.88171,-12.09017],[-76.88112,-12.09573],[-76.88092,-12.09671],[-76.876,-12.10507],[-76.87336,-12.11488],[-76.87253,-12.1235],[-76.87231,-12.12469]],[[-76.93768,-12.07542],[-76.93655,-12.07536],[-76.93549,-12.07564],[-76.9347,-12.07608],[-76.93367,-12.07699],[-76.93302,-12.07739],[-76.93039,-12.07834],[-76.92992,-12.07889],[-76.92858,-12.08143]],[[-76.91352,-12.08602],[-76.91567,-12.08596],[-76.91922,-12.08526],[-76.92584,-12.08492],[-76.92678,-12.0847],[-76.92733,-12.08413],[-76.92828,-12.08183],[-76.93008,-12.0785],[-76.9305,-12.07818],[-76.93274,-12.07743],[-76.93421,-12.07643]],[[-76.94076,-12.07212],[-76.94106,-12.07209],[-76.94125,-12.07223],[-76.94133,-12.07251],[-76.94124,-12.0727],[-76.94101,-12.07282],[-76.94076,-12.07278],[-76.94056,-12.0725],[-76.94063,-12.07223]],[[-76.96957,-12.08334],[-76.96973,-12.08298],[-76.97016,-12.0829],[-76.97045,-12.0832],[-76.97033,-12.08364]],[[-77.11994,-12.06511],[-77.11975,-12.06561],[-77.11939,-12.06582],[-77.11906,-12.06583]],[[-77.11673,-12.05754],[-77.11544,-12.05728]],[[-77.12716,-12.05971],[-77.11937,-12.05813]]]}},{"type":"Feature","properties":{"id":"relation/4584734","nombre":"X-IO63_I","distrito":"Bellavista","tipo":"osm"},"geometry":{"type":"MultiLineString","coordinates":[[[-77.07864,-12.05006],[-77.10135,-12.05407]],[[-76.97494,-12.04523],[-76.97018,-12.04331],[-76.96867,-12.04681]],[[-76.97224,-12.03857],[-76.97018,-12.04331]],[[-76.95573,-12.02966],[-76.96044,-12.03042],[-76.96212,-12.03104],[-76.96291,-12.03153],[-76.96466,-12.03279],[-76.96284,-12.03704],[-76.97134,-12.04058]],[[-76.96284,-12.03704],[-76.9628,-12.03715]],[[-76.9749,-12.04532],[-76.9755,-12.04394],[-76.97813,-12.0423],[-76.98085,-12.04097]],[[-76.98076,-12.04072],[-76.98257,-12.04053],[-76.9857,-12.03987],[-76.9879,-12.03958],[-76.98981,-12.03967],[-76.99057,-12.03959],[-76.99299,-12.03975],[-76.99558,-12.04022],[-76.99662,-12.03999],[-76.99744,-12.03997]],[[-76.9976,-12.04034],[-76.99773,-12.04028],[-76.99774,-12.04012],[-76.9975,-12.03993],[-76.99742,-12.04013],[-76.9976,-12.04034],[-76.99754,-12.04274],[-76.99802,-12.04436],[-77.00342,-12.05209],[-77.00379,-12.05287],[-77.00422,-12.05464],[-77.00451,-12.0552],[-77.00776,-12.05919],[-77.00798,-12.05925],[-77.01347,-12.05492],[-77.01488,-12.0566],[-77.01664,-12.05726],[-77.03513,-12.05961],[-77.03584,-12.05927],[-77.03688,-12.05973],[-77.04103,-12.06005]],[[-77.04142,-12.05971],[-77.04106,-12.05998],[-77.04101,-12.06036],[-77.04128,-12.06071],[-77.04169,-12.06076],[-77.04206,-12.06044],[-77.04205,-12.06],[-77.05148,-12.0572],[-77.05166,-12.05707],[-77.05111,-12.05523],[-77.05623,-12.05566],[-77.05772,-12.05567],[-77.06154,-12.05639],[-77.06412,-12.05704],[-77.06552,-12.05717],[-77.06821,-12.05782],[-77.07155,-12.05838],[-77.07712,-12.05967],[-77.07796,-12.05975],[-77.07926,-12.06014]],[[-77.07888,-12.06122],[-77.07985,-12.05723],[-77.08027,-12.05652],[-77.08084,-12.05601],[-77.08088,-12.05581],[-77.0782,-12.05173],[-77.07807,-12.05127],[-77.07798,-12.04951],[-77.07684,-12.04736]],[[-77.15145,-12.06578],[-77.1519,-12.06404],[-77.15404,-12.06489],[-77.1552,-12.06551],[-77.15791,-12.06728],[-77.15865,-12.06756],[-77.16485,-12.07253],[-77.16427,-12.07324]],[[-77.13269,-12.06075],[-77.15,-12.06544],[-77.15562,-12.06669],[-77.15666,-12.06717],[-77.15743,-12.06773],[-77.15775,-12.0677]],[[-77.13188,-12.06058],[-77.13401,-12.0608],[-77.14686,-12.06268],[-77.14661,-12.06453]],[[-77.10577,-12.055],[-77.12043,-12.05807],[-77.13245,-12.05947],[-77.13235,-12.06057]],[[-77.10018,-12.05377],[-77.10009,-12.05406]],[[-77.07766,-12.03646],[-77.07677,-12.04648],[-77.07704,-12.04754],[-77.07774,-12.04871],[-77.07829,-12.04998]]]}},{"type":"Feature","properties":{"id":"relation/4586798","nombre":"X-IO64_I","distrito":"Bellavista","tipo":"osm"},"geometry":{"type":"MultiLineString","coordinates":[[[-77.0776,-12.03174],[-77.07837,-12.03389],[-77.07842,-12.03441],[-77.07786,-12.0357],[-77.07767,-12.03564],[-77.07754,-12.0358],[-77.07773,-12.03598],[-77.07677,-12.0464],[-77.07704,-12.04754],[-77.07833,-12.04973],[-77.07872,-12.04998],[-77.08163,-12.0506],[-77.10135,-12.05407]],[[-76.96284,-12.03704],[-76.97134,-12.04058]],[[-76.96069,-12.04074],[-76.96134,-12.03915],[-76.96228,-12.03805],[-76.96269,-12.0371]],[[-76.95083,-12.02934],[-76.94981,-12.03301],[-76.94387,-12.03102],[-76.9383,-12.02966],[-76.93349,-12.02868],[-76.93148,-12.02802],[-76.92797,-12.02773],[-76.92785,-12.02885],[-76.92743,-12.02986],[-76.92783,-12.03016],[-76.9349,-12.03251],[-76.94318,-12.03359],[-76.949,-12.03568],[-76.96074,-12.04062]],[[-76.97494,-12.04523],[-76.97018,-12.04331],[-76.96867,-12.04681]],[[-76.97224,-12.03857],[-76.97018,-12.04331]],[[-76.9749,-12.04532],[-76.9755,-12.04394],[-76.97813,-12.0423],[-76.97752,-12.04125],[-76.9782,-12.04095],[-76.98223,-12.04058],[-76.9857,-12.03987],[-76.9879,-12.03958],[-76.98981,-12.03967],[-76.99057,-12.03959],[-76.99299,-12.03975],[-76.99558,-12.04022],[-76.99662,-12.03999],[-76.99744,-12.03997]],[[-76.9976,-12.04034],[-76.99773,-12.04028],[-76.99774,-12.04012],[-76.9975,-12.03993],[-76.99742,-12.04013],[-76.9976,-12.04034],[-76.99754,-12.04274],[-76.99802,-12.04436],[-77.00331,-12.05192],[-77.0057,-12.05081],[-77.00843,-12.04861],[-77.00932,-12.04969],[-77.00958,-12.04969],[-77.00993,-12.05051],[-77.01495,-12.05663],[-77.01664,-12.05726],[-77.02981,-12.05892],[-77.03032,-12.05517],[-77.03016,-12.0545],[-77.02405,-12.04289],[-77.02282,-12.04272],[-77.02143,-12.04199],[-77.02125,-12.04201],[-77.02117,-12.04216],[-77.02153,-12.04259],[-77.02247,-12.04292],[-77.02382,-12.04318],[-77.02807,-12.04311],[-77.02948,-12.04292],[-77.03162,-12.042],[-77.03358,-12.04092],[-77.03549,-12.04015],[-77.03723,-12.03873],[-77.03828,-12.0381],[-77.04494,-12.03608],[-77.04691,-12.03573],[-77.04966,-12.03488],[-77.05168,-12.03407],[-77.05381,-12.033],[-77.05465,-12.03247],[-77.05571,-12.03155],[-77.05636,-12.03217],[-77.05748,-12.03178],[-77.0582,-12.03294],[-77.06778,-12.03169],[-77.07748,-12.03175]],[[-77.00324,-12.05195],[-77.00331,-12.05192]],[[-77.10577,-12.055],[-77.12043,-12.05807],[-77.137,-12.06006],[-77.13684,-12.06121],[-77.14686,-12.06268],[-77.14661,-12.06453]],[[-77.10018,-12.05377],[-77.10009,-12.05406]],[[-77.07741,-12.04976],[-77.07872,-12.04998]],[[-77.07817,-12.04957],[-77.07829,-12.04998],[-77.07817,-12.04957]],[[-77.07766,-12.03646],[-77.07677,-12.0464],[-77.07704,-12.04754],[-77.07817,-12.04957]],[[-77.07786,-12.0357],[-77.07788,-12.03587],[-77.07773,-12.03598]],[[-77.13269,-12.06075],[-77.15,-12.06544],[-77.15562,-12.06669],[-77.15666,-12.06717],[-77.15743,-12.06773],[-77.15775,-12.0677]]]}},{"type":"Feature","properties":{"id":"relation/4596446","nombre":"X-IO66_I","distrito":"Bellavista","tipo":"osm"},"geometry":{"type":"MultiLineString","coordinates":[[[-77.03918,-12.06492],[-77.03899,-12.0648],[-77.03896,-12.06461],[-77.03924,-12.06442],[-77.03939,-12.06451],[-77.03945,-12.06473],[-77.03918,-12.06492]],[[-77.03902,-12.06484],[-77.03632,-12.0644]],[[-77.03779,-12.06217],[-77.03764,-12.06426],[-77.03912,-12.06444],[-77.03886,-12.06439]],[[-76.98404,-11.96075],[-76.98139,-11.96245],[-76.97823,-11.95791],[-76.98193,-11.95545],[-76.9824,-11.95477],[-76.98286,-11.95499],[-76.98327,-11.95405],[-76.98309,-11.95359],[-76.97631,-11.94382],[-76.98035,-11.94109],[-76.97961,-11.94008],[-76.97912,-11.9397],[-76.97836,-11.93938],[-76.97481,-11.9384],[-76.97309,-11.93886],[-76.97271,-11.93878],[-76.96964,-11.93448]],[[-76.98675,-11.95903],[-76.98418,-11.96077]],[[-77.03632,-12.06431],[-77.03613,-12.06411],[-77.0324,-12.06361],[-77.03223,-12.06376],[-77.03207,-12.06491],[-77.02907,-12.06452],[-77.0303,-12.05485],[-77.02416,-12.04307],[-77.02387,-12.04264],[-77.02304,-12.04274],[-77.02261,-12.04265],[-77.02054,-12.04149],[-77.01877,-12.04069],[-77.01782,-12.04039],[-77.01425,-12.03773],[-77.01328,-12.03722],[-77.01271,-12.03512],[-77.01246,-12.03308],[-77.01205,-12.03226],[-77.01224,-12.03227],[-77.01232,-12.03214],[-77.0121,-12.03198],[-77.0122,-12.03126],[-77.01209,-12.03054],[-77.0115,-12.02859],[-77.01038,-12.02624],[-77.00514,-12.02056],[-77.00324,-12.01895],[-77.0021,-12.01749],[-77.00186,-12.01686],[-77.00175,-12.01604],[-77.00192,-12.01311],[-77.00212,-12.01199],[-77.00243,-12.01132],[-77.00808,-12.00238],[-77.01094,-11.99244],[-77.01098,-11.9914],[-77.01076,-11.99021],[-77.01009,-11.98896],[-77.00758,-11.98671],[-77.00702,-11.98598],[-77.00507,-11.98028],[-77.00438,-11.97887],[-77.00321,-11.97724],[-77.00155,-11.97586],[-76.99693,-11.97256],[-76.99604,-11.97172],[-76.99317,-11.96791],[-76.98683,-11.95892]],[[-77.01205,-12.03226],[-77.01199,-12.0321],[-77.0121,-12.03198]],[[-77.02387,-12.04264],[-77.02384,-12.04253]],[[-77.02907,-12.06452],[-77.02767,-12.06435]],[[-77.12685,-12.06359],[-77.12136,-12.06577],[-77.12011,-12.06554],[-77.11975,-12.06561],[-77.11994,-12.06511],[-77.11955,-12.06477],[-77.1192,-12.0648],[-77.11896,-12.06497],[-77.11876,-12.06541],[-77.11843,-12.06525],[-77.10711,-12.06331],[-77.10429,-12.06329],[-77.08506,-12.06122],[-77.08455,-12.06129],[-77.0826,-12.06107],[-77.06869,-12.05795],[-77.05776,-12.05581],[-77.05691,-12.05574],[-77.05172,-12.05724],[-77.05166,-12.05707],[-77.05144,-12.05703],[-77.03828,-12.0559],[-77.03781,-12.06195]],[[-77.04516,-12.0565],[-77.04204,-12.05624]],[[-77.11975,-12.06561],[-77.1191,-12.06584],[-77.11876,-12.06541]],[[-77.15792,-12.06817],[-77.15669,-12.06729],[-77.15568,-12.06681],[-77.15035,-12.06564],[-77.13357,-12.06119],[-77.12745,-12.06335]],[[-77.13357,-12.06119],[-77.13186,-12.06074]],[[-77.15198,-12.06407],[-77.15153,-12.06589]]]}},{"type":"Feature","properties":{"id":"relation/4596566","nombre":"X-IO67_I","distrito":"Bellavista","tipo":"osm"},"geometry":{"type":"MultiLineString","coordinates":[[[-76.94444,-12.05717],[-76.94343,-12.05662],[-76.94233,-12.05562],[-76.94081,-12.05312],[-76.94112,-12.05282],[-76.94181,-12.05282],[-76.94242,-12.05224],[-76.94447,-12.04649],[-76.93677,-12.04344],[-76.93598,-12.04298],[-76.92458,-12.02963],[-76.92284,-12.02782],[-76.91951,-12.02585],[-76.91486,-12.0243],[-76.91421,-12.02631],[-76.91817,-12.02677],[-76.9201,-12.02656]],[[-76.90029,-12.02308],[-76.89733,-12.02276],[-76.8966,-12.02237],[-76.89311,-12.02165],[-76.89014,-12.02048],[-76.88829,-12.02001],[-76.88593,-12.01902]],[[-76.87455,-12.01962],[-76.88148,-12.02103],[-76.88168,-12.01924],[-76.8813,-12.01767],[-76.88137,-12.01758]],[[-76.89522,-12.01796],[-76.8928,-12.02971],[-76.89191,-12.03144],[-76.8917,-12.03302],[-76.8909,-12.03398],[-76.8909,-12.03469],[-76.89063,-12.03508],[-76.89097,-12.03567]],[[-76.91421,-12.02631],[-76.89404,-12.02373]],[[-76.94179,-12.05305],[-76.94168,-12.05347]],[[-77.13978,-12.05233],[-77.13997,-12.05281],[-77.14227,-12.05563],[-77.14249,-12.05623],[-77.14296,-12.05927],[-77.14308,-12.06087],[-77.14266,-12.06358],[-77.13186,-12.06074],[-77.12716,-12.05971],[-77.12182,-12.06359],[-77.11994,-12.06511],[-77.11966,-12.06479],[-77.11908,-12.06488],[-77.11882,-12.06514],[-77.11876,-12.06541],[-77.11906,-12.06583],[-77.11745,-12.06699],[-77.11542,-12.06794],[-77.1036,-12.07256],[-77.09327,-12.07756],[-77.09089,-12.07806],[-77.08185,-12.07828],[-77.08013,-12.07854],[-77.06555,-12.08378],[-77.06475,-12.08435],[-77.06446,-12.08531],[-77.06422,-12.08567],[-77.06295,-12.0867],[-77.05076,-12.09478],[-77.01109,-12.08921],[-77.00844,-12.08898],[-76.99553,-12.08718],[-76.98791,-12.086],[-76.98512,-12.08516],[-76.98147,-12.085],[-76.97059,-12.08363],[-76.96991,-12.08375],[-76.96964,-12.08355],[-76.96931,-12.08291],[-76.96749,-12.08174],[-76.96692,-12.08117],[-76.96486,-12.07807],[-76.96364,-12.07567],[-76.96285,-12.07479],[-76.96214,-12.07424],[-76.95535,-12.07104],[-76.9542,-12.0708],[-76.94682,-12.06845],[-76.9402,-12.06504],[-76.94044,-12.06487],[-76.9405,-12.06452],[-76.94032,-12.06426],[-76.93991,-12.06422],[-76.9399,-12.06408],[-76.9409,-12.06261],[-76.94444,-12.05657]],[[-76.9402,-12.06504],[-76.93986,-12.06501],[-76.93965,-12.06476],[-76.93968,-12.06442],[-76.93991,-12.06422]],[[-76.96957,-12.08334],[-76.96973,-12.08298],[-76.97016,-12.0829],[-76.97045,-12.0832],[-76.97033,-12.08364]],[[-77.11994,-12.06511],[-77.11975,-12.06561],[-77.11939,-12.06582],[-77.11906,-12.06583]],[[-77.11673,-12.05754],[-77.11544,-12.05728]],[[-77.12716,-12.05971],[-77.11937,-12.05813]],[[-77.15792,-12.06817],[-77.15669,-12.06729],[-77.15568,-12.06681],[-77.15035,-12.06564],[-77.14266,-12.06358]],[[-77.14067,-12.05365],[-77.14172,-12.05285],[-77.14376,-12.05593],[-77.14525,-12.0578],[-77.14697,-12.05898],[-77.14823,-12.05957]]]}},{"type":"Feature","properties":{"id":"relation/4596722","nombre":"X-IO68_I","distrito":"Bellavista","tipo":"osm"},"geometry":{"type":"MultiLineString","coordinates":[[[-77.04909,-12.03521],[-77.04445,-12.03634],[-77.03833,-12.03819],[-77.03729,-12.03881],[-77.03555,-12.04023],[-77.03363,-12.04101],[-77.03213,-12.04188],[-77.02948,-12.04302],[-77.02807,-12.04321],[-77.02355,-12.04328],[-77.02145,-12.04271],[-77.01824,-12.04123],[-77.01634,-12.04016],[-77.01499,-12.03919],[-77.00949,-12.03458],[-77.00748,-12.03325],[-77.00509,-12.03195],[-76.99992,-12.03019],[-76.99917,-12.03003],[-76.99741,-12.0293],[-76.99674,-12.02917],[-76.99596,-12.02935],[-76.99404,-12.03032],[-76.99263,-12.03127],[-76.9911,-12.03278],[-76.99031,-12.03374],[-76.98975,-12.03465],[-76.98927,-12.03575],[-76.98801,-12.04012],[-76.98736,-12.04141],[-76.98665,-12.04244],[-76.98574,-12.04338],[-76.97771,-12.05049],[-76.97656,-12.05174],[-76.97555,-12.05362],[-76.97462,-12.05615],[-76.97453,-12.05678],[-76.97491,-12.05827],[-76.97461,-12.05913],[-76.95626,-12.05117],[-76.93638,-12.04325],[-76.93572,-12.04272],[-76.9265,-12.0319],[-76.92681,-12.03228]],[[-76.83199,-12.00863],[-76.82153,-12.01585],[-76.82109,-12.016],[-76.82041,-12.016],[-76.81893,-12.0154]],[[-76.83249,-12.00857],[-76.8333,-12.00866],[-76.8342,-12.00793],[-76.8354,-12.00626],[-76.8359,-12.00506]],[[-76.8389,-11.99996],[-76.83764,-12.0014],[-76.83603,-12.00512]],[[-76.92391,-12.02887],[-76.9265,-12.0319],[-76.92312,-12.02804],[-76.92044,-12.02634],[-76.9191,-12.02568],[-76.89306,-12.01729],[-76.87319,-12.01065],[-76.84875,-12.00616],[-76.84628,-12.00557],[-76.84494,-12.00498],[-76.84383,-12.00429],[-76.83882,-12.00004]],[[-76.93027,-12.03635],[-76.92908,-12.03494]],[[-77.0742,-12.03195],[-77.06777,-12.03192],[-77.05861,-12.03308],[-77.05838,-12.03321],[-77.05902,-12.03419],[-77.05786,-12.03485],[-77.05487,-12.03539],[-77.0547,-12.03458],[-77.05414,-12.0332],[-77.05341,-12.0336],[-77.04993,-12.035]],[[-77.1062,-12.00124],[-77.09845,-12.01686],[-77.09987,-12.01839],[-77.1015,-12.01958],[-77.097,-12.02862],[-77.09651,-12.02933],[-77.09576,-12.02983],[-77.09488,-12.03002],[-77.07988,-12.03169],[-77.07521,-12.03198]]]}},{"type":"Feature","properties":{"id":"relation/4597283","nombre":"X-IO71_I","distrito":"Bellavista","tipo":"osm"},"geometry":{"type":"MultiLineString","coordinates":[[[-76.95553,-12.07359],[-76.95663,-12.07143],[-76.96112,-12.07348],[-76.96237,-12.07417],[-76.96383,-12.07564],[-76.96537,-12.07846],[-76.96705,-12.08103],[-76.96776,-12.0817],[-76.96941,-12.08279],[-76.97016,-12.0829],[-76.97075,-12.08339],[-76.98058,-12.08475],[-76.98511,-12.08501],[-76.987,-12.08561],[-76.98874,-12.08593],[-76.99474,-12.08678],[-76.99603,-12.08659],[-76.99706,-12.08669],[-76.99874,-12.0874],[-77.0108,-12.08905],[-77.01345,-12.08928],[-77.0144,-12.08874],[-77.01516,-12.08637],[-77.01544,-12.08603],[-77.01665,-12.08831],[-77.01805,-12.08976],[-77.0188,-12.09017],[-77.05067,-12.09461],[-77.06289,-12.08662],[-77.06417,-12.08558],[-77.06439,-12.08518],[-77.06448,-12.08451],[-77.06475,-12.08409],[-77.06558,-12.08358],[-77.08025,-12.07833],[-77.08183,-12.0781],[-77.09061,-12.07793],[-77.09219,-12.0777],[-77.0933,-12.07734],[-77.09693,-12.07562],[-77.09821,-12.07499],[-77.0986,-12.0746],[-77.09899,-12.0739],[-77.09905,-12.07289],[-77.09738,-12.06734],[-77.09709,-12.06252],[-77.09823,-12.0515],[-77.09829,-12.04861],[-77.09851,-12.04606],[-77.09865,-12.04527],[-77.09894,-12.04501],[-77.09903,-12.04475],[-77.09892,-12.0442],[-77.09905,-12.04252],[-77.09892,-12.04196],[-77.09918,-12.03907],[-77.09932,-12.03562],[-77.09973,-12.03419],[-77.10006,-12.03339],[-77.10044,-12.03297],[-77.10303,-12.02776],[-77.1033,-12.02745],[-77.10508,-12.02427],[-77.10591,-12.02174],[-77.10612,-12.02144],[-77.10656,-12.02117],[-77.10746,-12.01948],[-77.10762,-12.01874],[-77.10839,-12.01713],[-77.10879,-12.01673],[-77.11032,-12.01359],[-77.11097,-12.01296],[-77.11121,-12.01179],[-77.11215,-12.0096],[-77.11315,-12.00775],[-77.11432,-12.00515],[-77.11538,-12.0034],[-77.11553,-12.00266],[-77.11605,-12.00172],[-77.11681,-12.00088],[-77.11812,-12.00006],[-77.11859,-11.99949],[-77.12458,-11.99744],[-77.12579,-11.99606],[-77.12593,-11.99566],[-77.12553,-11.99188],[-77.12488,-11.97568],[-77.12493,-11.97319],[-77.12521,-11.97035],[-77.12581,-11.96717],[-77.12637,-11.9652],[-77.13132,-11.95022],[-77.13168,-11.94837],[-77.13107,-11.93978],[-77.1307,-11.93687],[-77.1304,-11.93159],[-77.13002,-11.92848],[-77.12902,-11.9225],[-77.12875,-11.91888],[-77.1283,-11.91206],[-77.12863,-11.90771],[-77.12816,-11.90116],[-77.12697,-11.89762],[-77.12597,-11.8902],[-77.12602,-11.88826],[-77.12591,-11.88652],[-77.12619,-11.88464],[-77.1265,-11.87672],[-77.12731,-11.87221]],[[-76.97045,-12.0832],[-76.97033,-12.08364],[-76.97003,-12.08376],[-76.9698,-12.0837],[-76.96957,-12.08334],[-76.96984,-12.08292]],[[-76.95663,-12.07143],[-76.95841,-12.06772]],[[-76.90021,-12.08605],[-76.89084,-12.08622],[-76.88701,-12.08516],[-76.88547,-12.08548],[-76.8816,-12.08504],[-76.8784,-12.08432],[-76.87761,-12.08429]],[[-76.86824,-12.08628],[-76.86947,-12.08567],[-76.87571,-12.08492],[-76.87735,-12.08428],[-76.8779,-12.08418],[-76.88157,-12.08494],[-76.88485,-12.08535],[-76.88573,-12.08538],[-76.88705,-12.08507],[-76.88927,-12.08577],[-76.89092,-12.08611],[-76.89799,-12.08591],[-76.90507,-12.08605],[-76.91517,-12.08586]],[[-76.93421,-12.07643],[-76.93274,-12.07743],[-76.9305,-12.07818],[-76.93008,-12.0785],[-76.92828,-12.08183],[-76.92733,-12.08413],[-76.92678,-12.0847],[-76.92584,-12.08492],[-76.91922,-12.08526],[-76.91567,-12.08596],[-76.91352,-12.08602]],[[-76.93768,-12.07542],[-76.93655,-12.07536],[-76.93549,-12.07564],[-76.9347,-12.07608],[-76.93367,-12.07699],[-76.93302,-12.07739],[-76.93039,-12.07834],[-76.92992,-12.07889],[-76.92858,-12.08143]],[[-76.93931,-12.07592],[-76.93834,-12.07563]],[[-76.95525,-12.07399],[-76.95531,-12.0737],[-76.95553,-12.07359],[-76.95579,-12.07368],[-76.95588,-12.07385],[-76.95566,-12.07421],[-76.95545,-12.07421],[-76.95525,-12.07399],[-76.95517,-12.07449],[-76.95384,-12.07721]],[[-76.95159,-12.07938],[-76.95105,-12.07962],[-76.95043,-12.07959],[-76.93962,-12.07603]],[[-77.12701,-11.87292],[-77.12811,-11.86684],[-77.1285,-11.85229]],[[-77.12717,-11.8721],[-77.12528,-11.87177]],[[-77.1283,-11.85957],[-77.12495,-11.85951],[-77.12509,-11.85374],[-77.12301,-11.8537],[-77.12091,-11.85429]]]}},{"type":"Feature","properties":{"id":"relation/4597662","nombre":"X-IO72_I","distrito":"Bellavista","tipo":"osm"},"geometry":{"type":"MultiLineString","coordinates":[[[-76.94016,-12.07621],[-76.93828,-12.07701],[-76.9375,-12.07758],[-76.93674,-12.07837],[-76.93581,-12.07994],[-76.93515,-12.0824],[-76.93314,-12.08267],[-76.93068,-12.08275],[-76.92997,-12.08257],[-76.92848,-12.08188],[-76.92823,-12.08197],[-76.92828,-12.08183]],[[-76.93521,-12.08249],[-76.93524,-12.08234]],[[-76.90021,-12.08605],[-76.89084,-12.08622],[-76.88701,-12.08516],[-76.88576,-12.08547],[-76.88437,-12.08538],[-76.8816,-12.08504],[-76.878,-12.08426],[-76.87722,-12.0844],[-76.87586,-12.08498],[-76.86944,-12.08573],[-76.86824,-12.08628],[-76.86947,-12.08567],[-76.87571,-12.08492],[-76.87735,-12.08428],[-76.8779,-12.08418],[-76.88157,-12.08494],[-76.88485,-12.08535],[-76.88573,-12.08538],[-76.88705,-12.08507],[-76.88927,-12.08577],[-76.89092,-12.08611],[-76.89799,-12.08591],[-76.90507,-12.08605],[-76.91517,-12.08586]],[[-76.92823,-12.08197],[-76.92725,-12.08426],[-76.92678,-12.0847],[-76.92636,-12.08485],[-76.91922,-12.08526],[-76.91567,-12.08596],[-76.91352,-12.08602]],[[-76.95159,-12.07938],[-76.95105,-12.07962],[-76.95043,-12.07959],[-76.94049,-12.07631]],[[-76.95384,-12.07721],[-76.95517,-12.07449],[-76.95525,-12.07399],[-76.95545,-12.07421],[-76.95566,-12.07421],[-76.95588,-12.07385],[-76.95579,-12.07368],[-76.95553,-12.07359],[-76.95531,-12.0737],[-76.95525,-12.07399]],[[-76.95553,-12.07359],[-76.95655,-12.07159],[-76.96225,-12.07431],[-76.96364,-12.07567],[-76.96486,-12.07807],[-76.96692,-12.08117],[-76.96749,-12.08174],[-76.96931,-12.08291],[-76.96964,-12.08355],[-76.96991,-12.08375],[-76.97059,-12.08363],[-76.98147,-12.085],[-76.98512,-12.08516],[-76.98791,-12.086],[-76.99553,-12.08718],[-77.00844,-12.08898],[-77.01109,-12.08921],[-77.05076,-12.09478],[-77.06295,-12.0867],[-77.06432,-12.08555],[-77.06487,-12.0842],[-77.06579,-12.08368],[-77.08013,-12.07854],[-77.08185,-12.07828],[-77.09089,-12.07806],[-77.09327,-12.07756],[-77.1036,-12.07256],[-77.11542,-12.06794],[-77.11745,-12.06699],[-77.11906,-12.06583],[-77.11881,-12.06558],[-77.11876,-12.0653],[-77.1192,-12.0648],[-77.11892,-12.06468],[-77.11485,-12.05909],[-77.11474,-12.05827],[-77.11515,-12.05358],[-77.11993,-12.05407],[-77.12075,-12.05455],[-77.12189,-12.05578]],[[-76.96957,-12.08334],[-76.96973,-12.08298],[-76.97016,-12.0829],[-76.97045,-12.0832],[-76.97033,-12.08364]],[[-77.1192,-12.0648],[-77.11966,-12.06479],[-77.11995,-12.06525],[-77.11962,-12.06572],[-77.11906,-12.06583]],[[-77.13372,-12.05172],[-77.13377,-12.05135],[-77.13403,-12.05118],[-77.13437,-12.05125],[-77.13453,-12.05149],[-77.13447,-12.05179],[-77.13412,-12.05199],[-77.13347,-12.05157],[-77.12678,-12.05097],[-77.12623,-12.05109],[-77.12627,-12.05064],[-77.12602,-12.05048],[-77.12578,-12.05049],[-77.12558,-12.05068],[-77.12557,-12.051],[-77.1258,-12.05121],[-77.1261,-12.05119],[-77.12552,-12.05249],[-77.1225,-12.05496],[-77.12198,-12.05581]],[[-77.12623,-12.05109],[-77.1261,-12.05119]],[[-77.13901,-12.05286],[-77.13791,-12.05302],[-77.13311,-12.05595],[-77.13381,-12.05269],[-77.13385,-12.0519]],[[-77.13914,-12.05287],[-77.13866,-12.05276],[-77.13843,-12.05245],[-77.1385,-12.05198],[-77.1388,-12.05175],[-77.13933,-12.05175],[-77.13967,-12.05198],[-77.13978,-12.05231],[-77.1397,-12.05259],[-77.13946,-12.0528],[-77.13914,-12.05287],[-77.13987,-12.05295],[-77.14222,-12.05591],[-77.14268,-12.05835],[-77.14294,-12.06098]],[[-77.14235,-12.05626],[-77.14275,-12.05613],[-77.1436,-12.05546]]]}},{"type":"Feature","properties":{"id":"relation/4598747","nombre":"X-IO73_I","distrito":"Bellavista","tipo":"osm"},"geometry":{"type":"MultiLineString","coordinates":[[[-76.93461,-12.04143],[-76.9265,-12.0319],[-76.92681,-12.03228]],[[-76.90535,-12.04149],[-76.90532,-12.04084],[-76.90495,-12.03927],[-76.9042,-12.03753],[-76.90463,-12.03545],[-76.90487,-12.03164],[-76.90542,-12.02669],[-76.90611,-12.02528]],[[-76.92341,-12.02834],[-76.9265,-12.0319],[-76.92391,-12.02887],[-76.92284,-12.02782],[-76.91951,-12.02585],[-76.91486,-12.0243],[-76.91421,-12.02631],[-76.89404,-12.02373]],[[-76.9201,-12.02656],[-76.91817,-12.02677],[-76.91421,-12.02631]],[[-76.93027,-12.03635],[-76.92908,-12.03494]],[[-76.94081,-12.05312],[-76.93727,-12.04665],[-76.93712,-12.04573],[-76.93745,-12.04445],[-76.93736,-12.04397],[-76.93708,-12.04367],[-76.93591,-12.04304],[-76.93453,-12.0415]],[[-76.94444,-12.05717],[-76.94306,-12.05634],[-76.94201,-12.0552],[-76.94081,-12.05312],[-76.94112,-12.05282],[-76.94159,-12.05288]],[[-76.94179,-12.05305],[-76.94168,-12.05347]],[[-77.1192,-12.0648],[-77.11966,-12.06479],[-77.1192,-12.0648],[-77.11882,-12.06514],[-77.11877,-12.06549],[-77.11906,-12.06583],[-77.11685,-12.06729],[-77.1036,-12.07256],[-77.09327,-12.07756],[-77.09089,-12.07806],[-77.08185,-12.07828],[-77.08013,-12.07854],[-77.06579,-12.08368],[-77.06487,-12.0842],[-77.06432,-12.08555],[-77.06295,-12.0867],[-77.05076,-12.09478],[-77.01109,-12.08921],[-77.00844,-12.08898],[-76.99553,-12.08718],[-76.98791,-12.086],[-76.98512,-12.08516],[-76.98147,-12.085],[-76.97059,-12.08363],[-76.96991,-12.08375],[-76.96964,-12.08355],[-76.96931,-12.08291],[-76.96749,-12.08174],[-76.96692,-12.08117],[-76.96486,-12.07807],[-76.96364,-12.07567],[-76.96285,-12.07479],[-76.96165,-12.07394],[-76.95655,-12.07159],[-76.95834,-12.06786],[-76.95333,-12.06512],[-76.9519,-12.0635],[-76.94909,-12.06264],[-76.94606,-12.0627],[-76.94206,-12.0606],[-76.94444,-12.05657]],[[-76.95847,-12.06792],[-76.95834,-12.06786],[-76.95841,-12.06772]],[[-76.96957,-12.08334],[-76.96973,-12.08298],[-76.97016,-12.0829],[-76.97045,-12.0832],[-76.97033,-12.08364]],[[-77.08453,-12.07821],[-77.08176,-12.07828]],[[-77.11966,-12.06479],[-77.11994,-12.06511],[-77.12182,-12.06359],[-77.12716,-12.05971],[-77.13186,-12.06074],[-77.15035,-12.06564],[-77.15576,-12.06683],[-77.15669,-12.06729],[-77.15792,-12.06817],[-77.16427,-12.07324]],[[-77.11994,-12.06511],[-77.11975,-12.06561],[-77.11939,-12.06582],[-77.11906,-12.06583]],[[-77.11673,-12.05754],[-77.11544,-12.05728]],[[-77.12716,-12.05971],[-77.11937,-12.05813]],[[-77.15792,-12.06817],[-77.15772,-12.06778],[-77.15795,-12.06743],[-77.15788,-12.06732],[-77.15458,-12.06523],[-77.15197,-12.06413],[-77.15153,-12.06589]]]}},{"type":"Feature","properties":{"id":"relation/4598939","nombre":"X-IO74_I","distrito":"Bellavista","tipo":"osm"},"geometry":{"type":"MultiLineString","coordinates":[[[-76.81897,-12.01531],[-76.82044,-12.0159],[-76.82128,-12.01586],[-76.82192,-12.01553],[-76.825,-12.01337],[-76.82555,-12.01421],[-76.82565,-12.0148],[-76.82556,-12.0154],[-76.82446,-12.01817],[-76.82465,-12.01915],[-76.82507,-12.01966]],[[-76.83603,-12.00512],[-76.83764,-12.0014],[-76.8389,-11.99996],[-76.84427,-12.00449],[-76.84623,-12.00548],[-76.84713,-12.00577],[-76.8732,-12.01055],[-76.8927,-12.01705],[-76.89697,-12.01834],[-76.89866,-12.01898],[-76.91912,-12.02561],[-76.91999,-12.02598],[-76.92268,-12.0276],[-76.92382,-12.02857],[-76.93577,-12.04262],[-76.93639,-12.04314],[-76.95615,-12.05102],[-76.97304,-12.05824],[-76.97859,-12.06073],[-76.98211,-12.06302],[-76.98931,-12.06436],[-77.00816,-12.07497],[-77.00934,-12.07582],[-77.0101,-12.07677],[-77.01036,-12.07686]],[[-76.82972,-12.01017],[-76.82928,-12.00968],[-76.8273,-12.0083],[-76.82678,-12.00741],[-76.82461,-12.00821],[-76.82232,-12.00965],[-76.82107,-12.01072],[-76.81892,-12.01522]],[[-76.82966,-12.01009],[-76.83178,-12.00862],[-76.83214,-12.00852],[-76.83317,-12.00869],[-76.83366,-12.00839],[-76.83477,-12.00723],[-76.8354,-12.00626],[-76.8359,-12.00506]],[[-77.07985,-12.07492],[-77.08041,-12.07568],[-77.08116,-12.07714],[-77.08208,-12.0781],[-77.09061,-12.07793],[-77.09219,-12.0777],[-77.0933,-12.07734],[-77.10418,-12.07219],[-77.11581,-12.06764],[-77.11743,-12.06673],[-77.11987,-12.0649]],[[-77.078,-12.06987],[-77.0786,-12.07326],[-77.07894,-12.07389],[-77.07978,-12.07482]],[[-77.0105,-12.07682],[-77.01071,-12.07659],[-77.0108,-12.07617],[-77.01172,-12.06914],[-77.01377,-12.0694],[-77.01392,-12.06831],[-77.03167,-12.07057],[-77.03072,-12.0737],[-77.03906,-12.0749],[-77.04208,-12.07508],[-77.04264,-12.0751],[-77.04298,-12.07483],[-77.04349,-12.07482],[-77.04396,-12.07483],[-77.0443,-12.07507],[-77.04772,-12.07502],[-77.05144,-12.07206],[-77.05389,-12.07501],[-77.05683,-12.07267],[-77.05787,-12.07213],[-77.0595,-12.07166],[-77.06037,-12.0715],[-77.06169,-12.07153],[-77.0653,-12.07221],[-77.06738,-12.07234],[-77.07107,-12.07185],[-77.07771,-12.07039],[-77.07788,-12.07018]],[[-77.03072,-12.0737],[-77.03033,-12.0762]],[[-77.11962,-12.06572],[-77.1199,-12.06542],[-77.11994,-12.06511],[-77.11966,-12.06479],[-77.1192,-12.0648],[-77.11882,-12.06514],[-77.11881,-12.06558],[-77.1191,-12.06584],[-77.11962,-12.06572],[-77.11956,-12.06594],[-77.11979,-12.06635],[-77.12393,-12.07354]]]}},{"type":"Feature","properties":{"id":"relation/4599262","nombre":"X-IO75_I","distrito":"Bellavista","tipo":"osm"},"geometry":{"type":"MultiLineString","coordinates":[[[-76.93421,-12.07643],[-76.93274,-12.07743],[-76.9305,-12.07818],[-76.93008,-12.0785],[-76.92828,-12.08183],[-76.92733,-12.08413],[-76.92678,-12.0847],[-76.92584,-12.08492],[-76.91922,-12.08526],[-76.91567,-12.08596],[-76.91352,-12.08602]],[[-77.16485,-12.07253],[-77.16427,-12.07324],[-77.15792,-12.06817],[-77.15669,-12.06729],[-77.15568,-12.06681],[-77.15035,-12.06564],[-77.13186,-12.06074],[-77.12716,-12.05971],[-77.12182,-12.06359],[-77.11994,-12.06511],[-77.11966,-12.06479],[-77.11908,-12.06488],[-77.11882,-12.06514],[-77.11876,-12.06541],[-77.11906,-12.06583],[-77.11745,-12.06699],[-77.11542,-12.06794],[-77.1036,-12.07256],[-77.09327,-12.07756],[-77.09089,-12.07806],[-77.08185,-12.07828],[-77.08013,-12.07854],[-77.06555,-12.08378],[-77.06475,-12.08435],[-77.06446,-12.08531],[-77.06422,-12.08567],[-77.06295,-12.0867],[-77.05076,-12.09478],[-77.01109,-12.08921],[-77.00844,-12.08898],[-76.99553,-12.08718],[-76.98791,-12.086],[-76.98512,-12.08516],[-76.98147,-12.085],[-76.97059,-12.08363],[-76.96991,-12.08375],[-76.96964,-12.08355],[-76.96931,-12.08291],[-76.96749,-12.08174],[-76.96692,-12.08117],[-76.96486,-12.07807],[-76.96364,-12.07567],[-76.96285,-12.07479],[-76.96214,-12.07424],[-76.95535,-12.07104],[-76.9542,-12.0708],[-76.94682,-12.06845],[-76.94056,-12.06525],[-76.9401,-12.06528],[-76.93964,-12.06549],[-76.93902,-12.0663],[-76.93754,-12.07111],[-76.93727,-12.07144],[-76.93664,-12.07355],[-76.93566,-12.07524],[-76.93563,-12.07559],[-76.9347,-12.07608],[-76.93367,-12.07699],[-76.93302,-12.07739],[-76.93027,-12.07843],[-76.92858,-12.08143]],[[-76.86824,-12.08628],[-76.86947,-12.08567],[-76.87571,-12.08492],[-76.87758,-12.0842],[-76.8816,-12.08504],[-76.88437,-12.08538],[-76.88576,-12.08547],[-76.88701,-12.08516],[-76.89084,-12.08622],[-76.90021,-12.08605]],[[-76.87154,-12.13342],[-76.87169,-12.12864],[-76.87211,-12.12466]],[[-76.87761,-12.08429],[-76.87781,-12.08493],[-76.87806,-12.08513],[-76.8791,-12.08519],[-76.87968,-12.08544],[-76.88092,-12.08549],[-76.88143,-12.08588],[-76.88213,-12.08606],[-76.88251,-12.08672],[-76.88356,-12.08724],[-76.8837,-12.08757],[-76.88171,-12.09017],[-76.88112,-12.09573],[-76.88092,-12.09671],[-76.876,-12.10507],[-76.87336,-12.11488],[-76.87253,-12.1235],[-76.87231,-12.12469]],[[-76.87758,-12.0842],[-76.87842,-12.08425],[-76.88157,-12.08494],[-76.88485,-12.08535],[-76.88573,-12.08538],[-76.88705,-12.08507],[-76.88927,-12.08577],[-76.89092,-12.08611],[-76.89799,-12.08591],[-76.90507,-12.08605],[-76.91517,-12.08586]],[[-76.96957,-12.08334],[-76.96973,-12.08298],[-76.97016,-12.0829],[-76.97045,-12.0832],[-76.97033,-12.08364]],[[-77.11994,-12.06511],[-77.11975,-12.06561],[-77.11939,-12.06582],[-77.11906,-12.06583]],[[-77.11673,-12.05754],[-77.11544,-12.05728]],[[-77.12716,-12.05971],[-77.11937,-12.05813]]]}},{"type":"Feature","properties":{"id":"relation/4599922","nombre":"X-IO75B_I","distrito":"Bellavista","tipo":"osm"},"geometry":{"type":"MultiLineString","coordinates":[[[-77.12756,-11.87153],[-77.12681,-11.8757],[-77.12692,-11.87772],[-77.12646,-11.87989],[-77.12629,-11.88433],[-77.12638,-11.8845],[-77.12614,-11.88717],[-77.12626,-11.8885],[-77.12624,-11.89161],[-77.12705,-11.89761],[-77.12825,-11.90116],[-77.12878,-11.90818],[-77.12864,-11.9131],[-77.13062,-11.9319],[-77.13187,-11.94836],[-77.13165,-11.94985],[-77.12653,-11.96525],[-77.12587,-11.96767],[-77.12524,-11.97147],[-77.12506,-11.97601],[-77.12577,-11.99239],[-77.12629,-11.99684],[-77.12578,-11.99749],[-77.12273,-11.99869],[-77.12536,-11.99763]],[[-76.97033,-12.08364],[-76.97003,-12.08376],[-76.96971,-12.08364],[-76.96957,-12.08334],[-76.96973,-12.08298],[-76.97005,-12.08288],[-76.97035,-12.08302],[-76.97047,-12.08332],[-76.97033,-12.08364],[-76.98126,-12.08498],[-76.98512,-12.08516],[-76.98729,-12.08587],[-76.98974,-12.08635],[-77.00844,-12.08898],[-77.01109,-12.08921],[-77.05076,-12.09478],[-77.06295,-12.0867],[-77.06432,-12.08555],[-77.06487,-12.0842],[-77.06579,-12.08368],[-77.07805,-12.07923],[-77.08066,-12.07842],[-77.08185,-12.07828],[-77.09089,-12.07806],[-77.09246,-12.07779],[-77.09383,-12.07731],[-77.10008,-12.07427],[-77.10005,-12.07376],[-77.09915,-12.07271],[-77.0976,-12.06777],[-77.09741,-12.06655],[-77.09722,-12.06265],[-77.09792,-12.05488],[-77.09836,-12.05133],[-77.09847,-12.04822],[-77.09873,-12.04544],[-77.09913,-12.04475],[-77.09902,-12.04421],[-77.09916,-12.04246],[-77.09904,-12.04197],[-77.09933,-12.03924],[-77.09946,-12.03547],[-77.09968,-12.0347],[-77.1001,-12.0336],[-77.10048,-12.03314],[-77.10307,-12.02789],[-77.10342,-12.02752],[-77.10516,-12.02446],[-77.10525,-12.02382],[-77.1056,-12.02312],[-77.10642,-12.02209],[-77.10675,-12.02092],[-77.10756,-12.01942],[-77.10765,-12.01897],[-77.10854,-12.0172],[-77.10885,-12.0168],[-77.11004,-12.01449],[-77.11111,-12.01292],[-77.11123,-12.01205],[-77.11217,-12.00983],[-77.11456,-12.00499],[-77.11546,-12.00345],[-77.11578,-12.00236],[-77.11677,-12.00115],[-77.1177,-12.00047],[-77.12089,-11.99922],[-77.12147,-11.99917],[-77.12273,-11.99869]],[[-77.12117,-11.99912],[-77.11888,-11.99998]],[[-77.12701,-11.87292],[-77.12811,-11.86684],[-77.12862,-11.85221],[-77.12837,-11.8519],[-77.12513,-11.85181],[-77.12495,-11.85951]],[[-77.12717,-11.8721],[-77.12528,-11.87177]]]}},{"type":"Feature","properties":{"id":"relation/4600767","nombre":"X-IO76_I","distrito":"Bellavista","tipo":"osm"},"geometry":{"type":"MultiLineString","coordinates":[[[-77.0146,-12.06839],[-77.01536,-12.06275],[-77.02907,-12.06452]],[[-77.03632,-12.06431],[-77.03613,-12.06411],[-77.0324,-12.06361],[-77.03223,-12.06376],[-77.03207,-12.06491],[-77.0292,-12.06454]],[[-77.10171,-11.87354],[-77.10177,-11.87344],[-77.10266,-11.87355],[-77.10443,-11.87479],[-77.10533,-11.87502],[-77.10696,-11.87501],[-77.109,-11.87432],[-77.1093,-11.87406],[-77.11031,-11.87229],[-77.11359,-11.8697],[-77.11363,-11.86948],[-77.11338,-11.86859],[-77.11343,-11.86824],[-77.11375,-11.86785],[-77.11432,-11.86768],[-77.11542,-11.86825],[-77.11707,-11.86865],[-77.11795,-11.86903],[-77.12463,-11.8728],[-77.12645,-11.87317],[-77.1271,-11.87301],[-77.12727,-11.8731],[-77.1268,-11.87584],[-77.12692,-11.87772],[-77.12646,-11.87989],[-77.12629,-11.88433],[-77.12638,-11.8845],[-77.12614,-11.88717],[-77.12626,-11.8885],[-77.12624,-11.89161],[-77.12705,-11.89761],[-77.12825,-11.90116],[-77.12878,-11.90818],[-77.12864,-11.9131],[-77.13062,-11.9319],[-77.13187,-11.94836],[-77.13165,-11.94985],[-77.12653,-11.96525],[-77.12587,-11.96767],[-77.12524,-11.97147],[-77.12506,-11.97601],[-77.12577,-11.99239],[-77.12629,-11.99684],[-77.12578,-11.99749],[-77.12147,-11.99917],[-77.12089,-11.99922],[-77.1177,-12.00047],[-77.11677,-12.00115],[-77.11578,-12.00236],[-77.11546,-12.00345],[-77.11456,-12.00499],[-77.11217,-12.00983],[-77.11123,-12.01205],[-77.11111,-12.01292],[-77.11004,-12.01449],[-77.10885,-12.0168],[-77.10854,-12.0172],[-77.10765,-12.01897],[-77.10756,-12.01942],[-77.10675,-12.02092],[-77.10642,-12.02209],[-77.1056,-12.02312],[-77.10525,-12.02382],[-77.10516,-12.02446],[-77.10342,-12.02752],[-77.10307,-12.02789],[-77.10048,-12.03314],[-77.1001,-12.0336],[-77.09946,-12.03547],[-77.09933,-12.03924],[-77.09904,-12.04197],[-77.09916,-12.04246],[-77.09902,-12.04421],[-77.09913,-12.04475],[-77.09873,-12.04544],[-77.09847,-12.04822],[-77.09836,-12.05133],[-77.09792,-12.05488],[-77.09722,-12.06265],[-77.09741,-12.06655],[-77.0976,-12.06777],[-77.09915,-12.07271],[-77.10005,-12.07376],[-77.10008,-12.07427],[-77.09383,-12.07731],[-77.09246,-12.07779],[-77.09089,-12.07806],[-77.08185,-12.07828],[-77.08066,-12.07842],[-77.07805,-12.07923],[-77.06579,-12.08368],[-77.06487,-12.0842],[-77.06432,-12.08555],[-77.06313,-12.08656],[-77.05772,-12.09017],[-77.05604,-12.08774],[-77.05158,-12.08416],[-77.0521,-12.0832],[-77.0495,-12.08221],[-77.0485,-12.08199],[-77.04697,-12.08212],[-77.0461,-12.08236],[-77.04582,-12.0827],[-77.04372,-12.08194],[-77.0428,-12.08122],[-77.04238,-12.08056],[-77.04218,-12.07969],[-77.04206,-12.07585],[-77.04175,-12.07363],[-77.03948,-12.06855],[-77.03889,-12.06481],[-77.03632,-12.0644]],[[-77.05772,-12.09017],[-77.05338,-12.09304]]]}},{"type":"Feature","properties":{"id":"relation/4602238","nombre":"X-IO77_I","distrito":"Bellavista","tipo":"osm"},"geometry":{"type":"MultiLineString","coordinates":[[[-77.04581,-12.04344],[-77.05085,-12.04391],[-77.05148,-12.04415],[-77.0523,-12.04425],[-77.06131,-12.04511],[-77.09831,-12.04838]],[[-77.03389,-12.08059],[-77.03842,-12.08123],[-77.03859,-12.08007],[-77.04217,-12.07958],[-77.04206,-12.07585],[-77.04175,-12.07363],[-77.03948,-12.06855],[-77.03887,-12.06492],[-77.03902,-12.06451],[-77.03935,-12.06428],[-77.04123,-12.06068],[-77.04169,-12.06076],[-77.04203,-12.06052],[-77.0421,-12.06014],[-77.04188,-12.0598],[-77.04146,-12.0597],[-77.04111,-12.05991],[-77.041,-12.06028],[-77.04123,-12.06068]],[[-77.03764,-12.06426],[-77.03912,-12.06444]],[[-77.03918,-12.06442],[-77.03943,-12.06455],[-77.03939,-12.06483],[-77.03912,-12.0649],[-77.03896,-12.06471]],[[-77.04217,-12.07958],[-77.04239,-12.07957]],[[-77.03807,-12.0801],[-77.03859,-12.08007]],[[-77.0247,-12.09675],[-77.02533,-12.09669],[-77.02612,-12.09641],[-77.02467,-12.09326],[-77.02529,-12.09302],[-77.02565,-12.09304],[-77.02591,-12.09115],[-77.03224,-12.09206],[-77.03518,-12.07228],[-77.03543,-12.06973],[-77.0364,-12.06408]],[[-77.0282,-12.11917],[-77.02819,-12.11695],[-77.03113,-12.09951],[-77.03224,-12.09206]],[[-77.02526,-12.09106],[-77.02591,-12.09115]],[[-77.01741,-12.09773],[-77.02054,-12.09733]],[[-77.11418,-11.99091],[-77.11384,-11.9909],[-77.11277,-11.98829]],[[-77.11495,-11.98715],[-77.11587,-11.98575],[-77.11594,-11.98508],[-77.11458,-11.98202],[-77.1145,-11.98142],[-77.11494,-11.97894],[-77.11784,-11.97396]],[[-77.09841,-12.01665],[-77.10615,-12.00106],[-77.1095,-12.00278],[-77.11403,-11.99409],[-77.1143,-11.9881]],[[-77.0755,-12.02587],[-77.08008,-12.02421],[-77.0899,-12.01944],[-77.09004,-12.01924],[-77.09108,-12.01875],[-77.09191,-12.01797],[-77.09509,-12.01312],[-77.0985,-12.01676]],[[-77.06491,-12.04544],[-77.06523,-12.04503],[-77.0661,-12.0363],[-77.066,-12.03579],[-77.06512,-12.03413],[-77.06481,-12.03207],[-77.06778,-12.03169],[-77.07294,-12.03174],[-77.07298,-12.02956],[-77.07203,-12.02734],[-77.0742,-12.02649],[-77.07508,-12.026]],[[-77.05102,-12.04395],[-77.05072,-12.04713],[-77.04337,-12.04638],[-77.04283,-12.04598],[-77.0424,-12.04617],[-77.04234,-12.04645],[-77.04256,-12.04689],[-77.04233,-12.05015],[-77.04142,-12.05971]],[[-77.04317,-12.0463],[-77.04313,-12.04658],[-77.04296,-12.04675],[-77.0425,-12.04672]]]}},{"type":"Feature","properties":{"id":"relation/4621513","nombre":"X-IO79_I","distrito":"Bellavista","tipo":"osm"},"geometry":{"type":"MultiLineString","coordinates":[[[-77.05807,-12.05574],[-77.06154,-12.05639],[-77.06412,-12.05704],[-77.06552,-12.05717],[-77.06821,-12.05782],[-77.07155,-12.05838],[-77.08218,-12.06084],[-77.08675,-12.06148],[-77.10056,-12.0628],[-77.10569,-12.06325],[-77.10772,-12.06326],[-77.11865,-12.0652],[-77.1192,-12.0648],[-77.11955,-12.06477],[-77.11982,-12.06493],[-77.12016,-12.06545],[-77.12122,-12.06557],[-77.12745,-12.06335],[-77.12715,-12.0625],[-77.1307,-12.06126],[-77.13134,-12.06304],[-77.13255,-12.06264],[-77.14114,-12.06405],[-77.14125,-12.06184],[-77.14276,-12.06207],[-77.14294,-12.06107],[-77.14282,-12.05938],[-77.14238,-12.05642],[-77.14202,-12.05558],[-77.13987,-12.05295],[-77.13887,-12.05285],[-77.1385,-12.0526],[-77.13847,-12.05205],[-77.1388,-12.05175],[-77.13941,-12.05178],[-77.13975,-12.05212],[-77.13965,-12.05266],[-77.13914,-12.05287]],[[-77.11995,-12.06517],[-77.11975,-12.06561],[-77.11914,-12.06584],[-77.11881,-12.06558],[-77.11882,-12.06514]],[[-76.89469,-11.98519],[-76.90107,-11.98976],[-76.90141,-11.99028],[-76.90242,-11.9927],[-76.90507,-11.99496],[-76.90764,-11.9981],[-76.90746,-11.9987],[-76.90624,-11.99966],[-76.906,-12.00011],[-76.90564,-12.00119],[-76.90553,-12.00336],[-76.90536,-12.00401],[-76.90432,-12.00462],[-76.90392,-12.00517],[-76.90399,-12.00575],[-76.9048,-12.00694],[-76.90523,-12.00802],[-76.90526,-12.0091],[-76.90465,-12.0114],[-76.90301,-12.01251],[-76.90437,-12.01418],[-76.90555,-12.01494],[-76.92023,-12.01771],[-76.9218,-12.01773],[-76.92279,-12.0174],[-76.92332,-12.01706],[-76.92424,-12.0161],[-76.92803,-12.00954],[-76.92821,-12.0095],[-76.93665,-12.01425],[-76.9372,-12.01484],[-76.93765,-12.01566],[-76.9378,-12.01615],[-76.93782,-12.01756],[-76.95027,-12.0174],[-76.95029,-12.01915],[-76.95273,-12.01917],[-76.95391,-12.02019],[-76.95435,-12.02035],[-76.95848,-12.02066],[-76.95933,-12.02082],[-76.96866,-12.02448],[-76.97022,-12.02458],[-76.97769,-12.02402],[-76.9793,-12.02475],[-76.98806,-12.02626],[-76.9965,-12.02666],[-77.00119,-12.02774],[-77.00528,-12.02926],[-77.00921,-12.02989],[-77.01068,-12.03068],[-77.01203,-12.03202]],[[-77.01231,-12.03209],[-77.01219,-12.03229],[-77.01199,-12.03215],[-77.0121,-12.03198],[-77.01227,-12.03202],[-77.0125,-12.03266],[-77.01276,-12.03493],[-77.01329,-12.03705],[-77.01346,-12.03727],[-77.01435,-12.03771],[-77.01769,-12.04022],[-77.01943,-12.04078],[-77.0218,-12.04183],[-77.02285,-12.0425],[-77.02384,-12.04253],[-77.02404,-12.0427],[-77.03035,-12.0546],[-77.03042,-12.05519],[-77.02994,-12.05894],[-77.03513,-12.05961],[-77.03584,-12.05927],[-77.03688,-12.05973],[-77.04103,-12.06005]],[[-77.05772,-12.05567],[-77.05623,-12.05566],[-77.05111,-12.05523],[-77.05166,-12.05707],[-77.05148,-12.0572],[-77.04205,-12.06],[-77.04206,-12.06044],[-77.04169,-12.06076],[-77.04128,-12.06071],[-77.04101,-12.06036],[-77.04106,-12.05998],[-77.04142,-12.05971]],[[-77.13845,-12.05213],[-77.13843,-12.0519],[-77.13821,-12.0518],[-77.13467,-12.05166],[-77.13412,-12.05199],[-77.13347,-12.05157],[-77.12678,-12.05097],[-77.12623,-12.05109],[-77.12631,-12.0507],[-77.12596,-12.05046],[-77.12562,-12.05061],[-77.12557,-12.051],[-77.12514,-12.05082],[-77.10645,-12.04918]],[[-77.12623,-12.05109],[-77.12589,-12.05123],[-77.12557,-12.051]],[[-77.13372,-12.05172],[-77.13377,-12.05135],[-77.1341,-12.05117],[-77.13444,-12.05132],[-77.13452,-12.0517]]]}},{"type":"Feature","properties":{"id":"relation/4621730","nombre":"X-IO80B_I","distrito":"Bellavista","tipo":"osm"},"geometry":{"type":"MultiLineString","coordinates":[[[-76.82095,-12.02969],[-76.82264,-12.02678],[-76.8226,-12.02566],[-76.82226,-12.02521],[-76.82203,-12.02554],[-76.82205,-12.02579],[-76.82083,-12.02576],[-76.82079,-12.02437],[-76.82114,-12.02371],[-76.82067,-12.02344],[-76.82029,-12.02263],[-76.82033,-12.02219],[-76.82067,-12.02171],[-76.82073,-12.02021],[-76.82118,-12.01913],[-76.82153,-12.01745],[-76.82182,-12.01721],[-76.82191,-12.01696],[-76.82149,-12.01576]],[[-76.83164,-12.00882],[-76.82153,-12.01585]],[[-76.83025,-12.00634],[-76.83059,-12.00718],[-76.83164,-12.00882],[-76.83304,-12.0104],[-76.83379,-12.011],[-76.83414,-12.01104],[-76.83495,-12.01074],[-76.83844,-12.00889],[-76.83947,-12.0081],[-76.84,-12.00751],[-76.8403,-12.00681],[-76.84026,-12.00657],[-76.8401,-12.00641],[-76.83603,-12.00512],[-76.83764,-12.0014],[-76.8389,-11.99996]],[[-77.02907,-12.06452],[-77.01783,-12.06308],[-77.01645,-12.07346],[-77.01159,-12.07211],[-77.01091,-12.07721],[-77.01099,-12.07791],[-77.01092,-12.07804],[-77.01061,-12.07812],[-77.01041,-12.07791],[-77.0102,-12.07718],[-77.0099,-12.0767],[-77.00923,-12.07596],[-77.00828,-12.07525],[-76.99001,-12.06484],[-76.98841,-12.06432],[-76.98194,-12.06313],[-76.97853,-12.06085],[-76.97359,-12.05865],[-76.95626,-12.05117],[-76.93638,-12.04325],[-76.93572,-12.04272],[-76.92327,-12.02818],[-76.92142,-12.02693],[-76.91951,-12.02585],[-76.89306,-12.01729],[-76.87319,-12.01065],[-76.84875,-12.00616],[-76.84628,-12.00557],[-76.84494,-12.00498],[-76.84383,-12.00429],[-76.83882,-12.00004]],[[-77.0102,-12.07718],[-77.01031,-12.07691],[-77.01059,-12.07682],[-77.01091,-12.07721]],[[-77.11797,-11.974],[-77.11503,-11.979],[-77.11495,-11.97944],[-77.11462,-11.98135],[-77.1147,-11.98191],[-77.11608,-11.98504],[-77.116,-11.98579],[-77.11443,-11.98808],[-77.11411,-11.99424],[-77.09682,-12.02894],[-77.09601,-12.0297],[-77.09488,-12.03002],[-77.07988,-12.03169],[-77.07521,-12.03198]],[[-77.03632,-12.06431],[-77.03613,-12.06411],[-77.0324,-12.06361],[-77.03223,-12.06376],[-77.03207,-12.06491],[-77.0292,-12.06454]],[[-77.03902,-12.06484],[-77.03632,-12.0644]],[[-77.03935,-12.06447],[-77.03943,-12.06478],[-77.03907,-12.06488],[-77.03898,-12.06455],[-77.03914,-12.06443],[-77.03935,-12.06447],[-77.03947,-12.06431],[-77.04128,-12.06088],[-77.04192,-12.06064],[-77.0421,-12.06014],[-77.04221,-12.06009],[-77.05674,-12.05576],[-77.05769,-12.0558],[-77.06159,-12.05657],[-77.06187,-12.05501],[-77.06182,-12.05446],[-77.05947,-12.04868],[-77.05945,-12.0481],[-77.06493,-12.04865],[-77.06603,-12.03852],[-77.06617,-12.03609],[-77.06603,-12.03563],[-77.0652,-12.03412],[-77.06493,-12.03227],[-77.06829,-12.03189],[-77.0742,-12.03195]],[[-77.04143,-12.06077],[-77.04111,-12.06057],[-77.041,-12.0602],[-77.04111,-12.05991],[-77.04142,-12.05971]],[[-77.04205,-12.06],[-77.0421,-12.06014]],[[-77.0649,-12.03206],[-77.06493,-12.03227]]]}},{"type":"Feature","properties":{"id":"relation/4623317","nombre":"X-IO80_I","distrito":"Bellavista","tipo":"osm"},"geometry":{"type":"MultiLineString","coordinates":[[[-77.04142,-12.05971],[-77.04188,-12.0598],[-77.0421,-12.06014],[-77.04203,-12.06052],[-77.04169,-12.06076],[-77.04123,-12.06068],[-77.041,-12.0602],[-77.0415,-12.05946],[-77.04256,-12.04693],[-77.04233,-12.04637],[-77.04268,-12.04581],[-77.04282,-12.044],[-77.04245,-12.04334],[-77.04253,-12.04311],[-77.04278,-12.04295],[-77.04324,-12.04299],[-77.0437,-12.04322],[-77.05085,-12.04391],[-77.05148,-12.04415],[-77.0523,-12.04425],[-77.09831,-12.04838]],[[-76.98894,-12.0777],[-76.98905,-12.07755],[-76.98894,-12.0777]],[[-76.94999,-12.1428],[-76.94951,-12.14289],[-76.94899,-12.14279],[-76.93962,-12.14074],[-76.93862,-12.1447],[-76.93763,-12.1445],[-76.93743,-12.14503],[-76.93665,-12.14592],[-76.93543,-12.14648],[-76.93464,-12.14761],[-76.93335,-12.14808],[-76.92897,-12.14672]],[[-76.9456,-12.14441],[-76.94669,-12.14467],[-76.9466,-12.14508],[-76.94551,-12.14483],[-76.94282,-12.14324]],[[-76.97707,-12.12828],[-76.97688,-12.12673],[-76.97722,-12.1172],[-76.98122,-12.08843],[-76.98156,-12.08792],[-76.98358,-12.08647],[-76.98428,-12.08368],[-76.98894,-12.0777]],[[-76.97747,-12.13009],[-76.97788,-12.13112]],[[-76.97792,-12.13132],[-76.97727,-12.13142],[-76.9767,-12.13134],[-76.97664,-12.13149],[-76.97652,-12.13446],[-76.97552,-12.13715],[-76.97492,-12.13835],[-76.97479,-12.13927],[-76.97492,-12.14081],[-76.97405,-12.14281],[-76.96752,-12.15001],[-76.95556,-12.15995],[-76.95172,-12.16448],[-76.94956,-12.16673],[-76.94597,-12.17081],[-76.94244,-12.17516],[-76.94142,-12.17605]],[[-76.9767,-12.13134],[-76.97667,-12.12973]],[[-76.94547,-12.14832],[-76.9456,-12.14656]],[[-76.95115,-12.14761],[-76.94857,-12.14851],[-76.94281,-12.14816]],[[-76.9497,-12.14159],[-76.95221,-12.15201],[-76.95238,-12.15212],[-76.95407,-12.15101],[-76.95489,-12.15214],[-76.95663,-12.15414],[-76.95914,-12.15535],[-76.95969,-12.15556],[-76.96052,-12.15566],[-76.96071,-12.15584]],[[-76.98905,-12.07755],[-76.99962,-12.064],[-76.99984,-12.06341],[-77.00174,-12.0631],[-77.00451,-12.06196],[-77.01347,-12.05492],[-77.0148,-12.05653]],[[-77.08155,-12.03654],[-77.098,-12.03967],[-77.09975,-12.04041],[-77.1025,-12.04118],[-77.10882,-12.04199]],[[-77.06915,-12.03487],[-77.07219,-12.03481],[-77.0744,-12.03507],[-77.07763,-12.03565]],[[-77.05617,-12.04461],[-77.05662,-12.03962],[-77.06596,-12.03827],[-77.06609,-12.03625],[-77.06603,-12.03588],[-77.06564,-12.03522],[-77.06783,-12.03505]],[[-77.04345,-12.04312],[-77.04353,-12.04337],[-77.04341,-12.04371],[-77.04319,-12.0438],[-77.04267,-12.04374]],[[-77.0426,-12.04601],[-77.04298,-12.04604],[-77.04318,-12.0464],[-77.04296,-12.04675],[-77.0425,-12.04672]],[[-77.0149,-12.05661],[-77.01487,-12.05669],[-77.01663,-12.05737],[-77.0351,-12.05969],[-77.03584,-12.05927],[-77.03688,-12.05973],[-77.04103,-12.06005]]]}},{"type":"Feature","properties":{"id":"relation/4625659","nombre":"X-IO81_I","distrito":"Bellavista","tipo":"osm"},"geometry":{"type":"MultiLineString","coordinates":[[[-77.01057,-12.05727],[-77.00864,-12.05881],[-77.00769,-12.05996],[-77.00671,-12.06072],[-77.00577,-12.06112],[-77.00402,-12.0623],[-77.00131,-12.06334],[-76.99689,-12.06383],[-76.98956,-12.06438],[-76.98713,-12.06411],[-76.98194,-12.06313],[-76.97853,-12.06085],[-76.97359,-12.05865],[-76.95626,-12.05117],[-76.93638,-12.04325],[-76.93572,-12.04272],[-76.92327,-12.02818],[-76.91986,-12.02603],[-76.91856,-12.02549],[-76.89624,-12.01826]],[[-77.12552,-11.87116],[-77.12756,-11.87153],[-77.12681,-11.8757],[-77.12692,-11.87772],[-77.12646,-11.87989],[-77.12629,-11.88433],[-77.12638,-11.8845],[-77.12614,-11.88717],[-77.12626,-11.8885],[-77.12624,-11.89161],[-77.12705,-11.89761],[-77.12825,-11.90116],[-77.12878,-11.90818],[-77.12864,-11.9131],[-77.13062,-11.9319],[-77.13187,-11.94836],[-77.13165,-11.94985],[-77.12653,-11.96525],[-77.12587,-11.96767],[-77.12524,-11.97147],[-77.12506,-11.97601],[-77.12577,-11.99239],[-77.12629,-11.99684],[-77.12578,-11.99749],[-77.12147,-11.99917],[-77.12089,-11.99922],[-77.1177,-12.00047],[-77.11677,-12.00115],[-77.11578,-12.00236],[-77.11546,-12.00345],[-77.11456,-12.00499],[-77.11217,-12.00983],[-77.11123,-12.01205],[-77.11111,-12.01292],[-77.11004,-12.01449],[-77.10885,-12.0168],[-77.10854,-12.0172],[-77.10765,-12.01897],[-77.10756,-12.01942],[-77.10675,-12.02092],[-77.10642,-12.02209],[-77.1056,-12.02312],[-77.10525,-12.02382],[-77.10516,-12.02446],[-77.10342,-12.02752],[-77.10307,-12.02789],[-77.10048,-12.03314],[-77.1001,-12.0336],[-77.09946,-12.03547],[-77.09933,-12.03924],[-77.09904,-12.04197],[-77.09916,-12.04246],[-77.09902,-12.04421],[-77.09913,-12.04475],[-77.09873,-12.04544],[-77.09847,-12.04822],[-77.09836,-12.05133],[-77.09804,-12.05375],[-77.09825,-12.05424],[-77.09877,-12.05404],[-77.09876,-12.05381],[-77.09846,-12.05367],[-77.07658,-12.04985],[-77.04338,-12.04647],[-77.04313,-12.04658],[-77.04287,-12.04693],[-77.04177,-12.05949],[-77.0421,-12.06029],[-77.04198,-12.06058],[-77.04169,-12.06076],[-77.04128,-12.06071],[-77.04091,-12.06029],[-77.03688,-12.05991],[-77.03567,-12.0603],[-77.03522,-12.05991],[-77.0348,-12.05977],[-77.01657,-12.05741],[-77.01462,-12.05666],[-77.01381,-12.05565],[-77.01151,-12.05747],[-77.01089,-12.05743],[-77.01059,-12.0573],[-77.01061,-12.05716]],[[-77.04101,-12.06036],[-77.04103,-12.06005],[-77.04122,-12.0598],[-77.04151,-12.0597],[-77.04181,-12.05976]],[[-77.04296,-12.04675],[-77.04273,-12.0468],[-77.04245,-12.04668],[-77.04233,-12.04637],[-77.04246,-12.04609],[-77.04275,-12.04598],[-77.04304,-12.04608],[-77.04317,-12.0463],[-77.04313,-12.04658]],[[-77.1283,-11.85957],[-77.12495,-11.85951],[-77.12513,-11.85181]],[[-77.12728,-11.87148],[-77.12811,-11.86684],[-77.1285,-11.85229]]]}},{"type":"Feature","properties":{"id":"relation/4625673","nombre":"X-IO82_I","distrito":"Bellavista","tipo":"osm"},"geometry":{"type":"MultiLineString","coordinates":[[[-77.0755,-12.02587],[-77.08008,-12.02421],[-77.08604,-12.0213],[-77.0872,-12.01223]],[[-77.12669,-11.87895],[-77.12646,-11.87989],[-77.12629,-11.88433],[-77.12635,-11.88508],[-77.12615,-11.88656],[-77.12624,-11.89161],[-77.12705,-11.89761],[-77.12825,-11.90116],[-77.12878,-11.90818],[-77.12864,-11.9131],[-77.13062,-11.9319],[-77.13187,-11.94836],[-77.13165,-11.94985],[-77.12653,-11.96525],[-77.12587,-11.96767],[-77.12524,-11.97147],[-77.12506,-11.97601],[-77.12577,-11.99239],[-77.12629,-11.99684],[-77.12578,-11.99749],[-77.12147,-11.99917],[-77.12089,-11.99922],[-77.1177,-12.00047],[-77.11677,-12.00115],[-77.11578,-12.00236],[-77.11546,-12.00345],[-77.11456,-12.00499],[-77.11217,-12.00983],[-77.11123,-12.01205],[-77.11111,-12.01292],[-77.11004,-12.01449],[-77.10885,-12.0168],[-77.10854,-12.0172],[-77.10765,-12.01897],[-77.10756,-12.01942],[-77.10675,-12.02092],[-77.10642,-12.02209],[-77.1056,-12.02312],[-77.10525,-12.02382],[-77.10516,-12.02446],[-77.10342,-12.02752],[-77.10307,-12.02789],[-77.09983,-12.03426],[-77.09946,-12.03547],[-77.09933,-12.03924],[-77.09904,-12.04197],[-77.09916,-12.04246],[-77.09902,-12.04421],[-77.09913,-12.04475],[-77.09873,-12.04544],[-77.09847,-12.04822],[-77.09836,-12.05133],[-77.09792,-12.05488],[-77.09722,-12.06265],[-77.09741,-12.06655],[-77.0976,-12.06777],[-77.09915,-12.07271],[-77.10005,-12.07376],[-77.10008,-12.07427],[-77.09383,-12.07731],[-77.09246,-12.07779],[-77.09089,-12.07806],[-77.08185,-12.07828],[-77.08066,-12.07842],[-77.07805,-12.07923],[-77.06555,-12.08378],[-77.06475,-12.08435],[-77.06446,-12.08531],[-77.06411,-12.08576],[-77.06295,-12.0867],[-77.05782,-12.0901],[-77.05878,-12.09155],[-77.05936,-12.09336],[-77.06118,-12.09305],[-77.06233,-12.09259],[-77.06591,-12.08981],[-77.04194,-12.06076],[-77.04135,-12.06074],[-77.04101,-12.06036],[-77.04111,-12.05991],[-77.04151,-12.0597],[-77.04159,-12.0595],[-77.04162,-12.05808],[-77.04256,-12.04693],[-77.04233,-12.04637],[-77.04268,-12.04581],[-77.0429,-12.04414],[-77.0437,-12.03464],[-77.04178,-12.03254],[-77.03501,-12.03854],[-77.0329,-12.0398],[-77.02827,-12.03271],[-77.02764,-12.03195],[-77.02956,-12.03025],[-77.02745,-12.0279],[-77.02747,-12.02737],[-77.02717,-12.02712],[-77.02713,-12.02662],[-77.02683,-12.0266],[-77.02615,-12.02615],[-77.02529,-12.02599],[-77.02512,-12.02581],[-77.02512,-12.0256],[-77.02543,-12.02508],[-77.02966,-12.02113],[-77.03077,-12.02228],[-77.03135,-12.02317],[-77.03414,-12.02618],[-77.03708,-12.02359],[-77.04287,-12.02982],[-77.0443,-12.02822],[-77.04682,-12.02581],[-77.04994,-12.02318],[-77.05705,-12.02803],[-77.0574,-12.02818],[-77.0582,-12.02817],[-77.0588,-12.02901],[-77.05951,-12.0296],[-77.06046,-12.02989],[-77.06197,-12.02978],[-77.06478,-12.02934],[-77.06523,-12.02915],[-77.0662,-12.02831],[-77.06741,-12.02782],[-77.06826,-12.02787],[-77.06991,-12.02833],[-77.07099,-12.02776],[-77.0742,-12.02649],[-77.07508,-12.026]],[[-77.05843,-12.02844],[-77.0583,-12.02895],[-77.05778,-12.02906],[-77.05746,-12.02865],[-77.05767,-12.0282]],[[-77.0426,-12.04601],[-77.04298,-12.04604],[-77.04318,-12.0464],[-77.04296,-12.04675],[-77.0425,-12.04672]],[[-77.07079,-12.09576],[-77.06591,-12.08981]],[[-77.04151,-12.0597],[-77.04188,-12.0598],[-77.04208,-12.06007],[-77.04206,-12.06044],[-77.04185,-12.0607]],[[-77.13058,-11.87791],[-77.12988,-11.87773],[-77.12868,-11.8778]],[[-77.09979,-12.07344],[-77.1001,-12.07388],[-77.10008,-12.07427]],[[-77.13045,-11.8777],[-77.13302,-11.87798],[-77.13352,-11.87794],[-77.13418,-11.87763],[-77.13486,-11.87688]],[[-77.1413,-11.85453],[-77.14527,-11.85134],[-77.1478,-11.84719],[-77.14742,-11.84535],[-77.14897,-11.84494],[-77.14947,-11.84441],[-77.14997,-11.84426],[-77.15023,-11.84526],[-77.15084,-11.84592],[-77.15127,-11.84713],[-77.15242,-11.84793],[-77.15264,-11.84822],[-77.15354,-11.85178],[-77.15373,-11.85209],[-77.15891,-11.85515]]]}},{"type":"Feature","properties":{"id":"relation/4626939","nombre":"X-IO88_I","distrito":"Bellavista","tipo":"osm"},"geometry":{"type":"MultiLineString","coordinates":[[[-76.92452,-12.02834],[-76.92329,-12.02938],[-76.92263,-12.0302],[-76.92137,-12.03423],[-76.92084,-12.03512],[-76.92008,-12.03598]],[[-76.99304,-12.0731],[-76.9932,-12.07289],[-76.99288,-12.07271],[-76.99962,-12.064],[-76.99985,-12.06354],[-76.98956,-12.06438],[-76.98782,-12.06422],[-76.98211,-12.06319],[-76.9784,-12.06079],[-76.95611,-12.05111],[-76.96069,-12.04074],[-76.95134,-12.03676],[-76.94298,-12.03365],[-76.94195,-12.03366],[-76.93484,-12.03266],[-76.92767,-12.03024],[-76.92366,-12.02784]],[[-77.02888,-12.1193],[-77.02872,-12.11917],[-77.0282,-12.11917],[-77.02819,-12.11904],[-77.02819,-12.11695],[-77.02872,-12.11374],[-77.00004,-12.11179],[-77.00416,-12.08294],[-77.00464,-12.08188],[-77.00568,-12.08088],[-77.00658,-12.08045],[-77.00867,-12.07984],[-77.00946,-12.07938],[-77.0101,-12.07856],[-77.01028,-12.07756],[-77.01024,-12.07737],[-77.00272,-12.07602],[-77.00028,-12.07472],[-76.99757,-12.07431],[-76.99684,-12.0739],[-76.99715,-12.07336],[-76.99672,-12.0732],[-76.99424,-12.07298],[-76.99385,-12.07277],[-76.99339,-12.07338]],[[-77.0102,-12.07718],[-77.01036,-12.07686],[-77.01075,-12.0769],[-77.011,-12.07762],[-77.01096,-12.07798],[-77.01054,-12.07809],[-77.01028,-12.07756]],[[-77.02993,-12.11378],[-77.02872,-12.11374],[-77.03113,-12.09951],[-77.03243,-12.09087]],[[-77.0282,-12.11917],[-77.02611,-12.1192]],[[-77.1223,-12.07293],[-77.11016,-12.07738],[-77.10448,-12.08054],[-77.08503,-12.08935],[-77.08563,-12.09064],[-77.08465,-12.09073],[-77.07732,-12.0945],[-77.07224,-12.09634],[-77.07245,-12.09692],[-77.06321,-12.10017],[-77.06008,-12.10139],[-77.05938,-12.10188],[-77.05324,-12.1085],[-77.04866,-12.11305],[-77.04863,-12.11323],[-77.04701,-12.11318],[-77.0424,-12.11785],[-77.03704,-12.11793],[-77.03706,-12.11909],[-77.02939,-12.11918],[-77.02926,-12.1192],[-77.02914,-12.11949],[-77.02892,-12.11939],[-77.02897,-12.11897],[-77.02914,-12.11899],[-77.02926,-12.1192]],[[-77.08178,-12.07887],[-77.08296,-12.08468],[-77.08383,-12.08689],[-77.08503,-12.08935]],[[-77.12685,-12.06359],[-77.12136,-12.06577],[-77.12011,-12.06554],[-77.11975,-12.06561],[-77.11995,-12.06517],[-77.11966,-12.06479],[-77.1192,-12.0648],[-77.11878,-12.06522],[-77.11881,-12.06558],[-77.11906,-12.06583],[-77.11962,-12.06572],[-77.11959,-12.066],[-77.12334,-12.07254],[-77.12321,-12.07259]],[[-77.13172,-12.06951],[-77.12334,-12.07254]],[[-77.11975,-12.06561],[-77.11962,-12.06572]],[[-77.13115,-12.02714],[-77.12798,-12.02852],[-77.12763,-12.03056],[-77.12798,-12.03212],[-77.12799,-12.03301],[-77.12769,-12.03426],[-77.12741,-12.03706],[-77.12718,-12.03813],[-77.12605,-12.05035],[-77.12631,-12.0507],[-77.12678,-12.05088],[-77.13306,-12.05143],[-77.13377,-12.05135],[-77.13372,-12.05172],[-77.13405,-12.05198],[-77.13441,-12.05188],[-77.13453,-12.05149],[-77.13949,-12.05181],[-77.13971,-12.05205],[-77.13997,-12.05281],[-77.14237,-12.05585],[-77.14296,-12.05927],[-77.14307,-12.061],[-77.14266,-12.06358],[-77.13357,-12.06119],[-77.12745,-12.06335]],[[-77.13357,-12.06119],[-77.13186,-12.06074]],[[-77.15792,-12.06817],[-77.15669,-12.06729],[-77.15568,-12.06681],[-77.15035,-12.06564],[-77.14266,-12.06358]],[[-77.13978,-12.05233],[-77.1397,-12.05259],[-77.13946,-12.0528],[-77.13901,-12.05286],[-77.13866,-12.05276],[-77.13846,-12.05253],[-77.13843,-12.05221],[-77.13854,-12.05193],[-77.13889,-12.05173]],[[-77.13377,-12.05135],[-77.13417,-12.05118],[-77.13453,-12.05149]],[[-77.12631,-12.0507],[-77.12615,-12.05116],[-77.12589,-12.05123],[-77.12565,-12.05111],[-77.12554,-12.05082],[-77.12562,-12.05061],[-77.12587,-12.05047],[-77.12615,-12.05053]],[[-77.13653,-12.02211],[-77.13581,-12.02223],[-77.13204,-12.02374],[-77.13133,-12.02343],[-77.12905,-12.02806]],[[-77.13616,-12.02055],[-77.13626,-12.02059],[-77.13696,-12.02449]],[[-77.13643,-12.02155],[-77.13756,-12.02126]]]}},{"type":"Feature","properties":{"id":"relation/4627151","nombre":"X-IO89_I","distrito":"Bellavista","tipo":"osm"},"geometry":{"type":"MultiLineString","coordinates":[[[-77.03985,-12.11881],[-77.03897,-12.11793],[-77.02921,-12.118],[-77.0278,-12.11695],[-77.0274,-12.11686],[-77.02742,-12.11749],[-77.0264,-12.1175],[-77.02611,-12.1192],[-77.02508,-12.11926],[-77.02224,-12.12117]],[[-77.00393,-12.12856],[-77.00162,-12.12886],[-76.99992,-12.12884],[-76.98753,-12.1279],[-76.98634,-12.12817],[-76.98191,-12.12981],[-76.98375,-12.13468],[-76.98587,-12.14722],[-76.98701,-12.14927],[-76.98831,-12.15066],[-76.98908,-12.15174],[-76.98928,-12.15223]],[[-77.00399,-12.12855],[-77.01811,-12.12633],[-77.01844,-12.11282]],[[-77.01793,-12.13361],[-77.01811,-12.12633]],[[-76.98908,-12.15992],[-76.98945,-12.16074],[-76.99085,-12.16295],[-76.99089,-12.16329],[-76.99209,-12.16546],[-76.99601,-12.16313]],[[-76.99209,-12.16546],[-76.99221,-12.16573],[-76.99218,-12.16858],[-76.99278,-12.16852],[-76.99686,-12.16597]],[[-76.99536,-12.16201],[-76.99869,-12.16796],[-76.9972,-12.16856],[-76.99672,-12.16898],[-76.99663,-12.16938],[-76.99682,-12.17039],[-76.99675,-12.17111],[-76.99576,-12.1731]],[[-76.99951,-12.18268],[-77.00575,-12.17762],[-77.00687,-12.17638]],[[-76.99358,-12.17064],[-76.99635,-12.17376],[-77.00525,-12.18441]],[[-76.98893,-12.16],[-76.98872,-12.15939],[-76.98875,-12.15843],[-76.989,-12.15787],[-76.99044,-12.15568],[-76.99062,-12.15497],[-76.99042,-12.15402],[-76.98929,-12.15236]],[[-77.02412,-12.11989],[-77.01828,-12.11945]],[[-77.1063,-12.02136],[-77.10656,-12.02158],[-77.10642,-12.02209],[-77.1056,-12.02312],[-77.10525,-12.02382],[-77.10516,-12.02446],[-77.10342,-12.02752],[-77.10307,-12.02789],[-77.10048,-12.03314],[-77.1001,-12.0336],[-77.09946,-12.03547],[-77.09933,-12.03924],[-77.09904,-12.04197],[-77.09916,-12.04246],[-77.09902,-12.04421],[-77.09913,-12.04475],[-77.09873,-12.04544],[-77.09847,-12.04822],[-77.09836,-12.05133],[-77.09792,-12.05488],[-77.09722,-12.06265],[-77.09741,-12.06655],[-77.0976,-12.06777],[-77.09915,-12.07271],[-77.10005,-12.07376],[-77.10008,-12.07427],[-77.09383,-12.07731],[-77.09246,-12.07779],[-77.09089,-12.07806],[-77.08185,-12.07828],[-77.08013,-12.07854],[-77.06579,-12.08368],[-77.06501,-12.08409],[-77.0647,-12.08445],[-77.06432,-12.08555],[-77.06295,-12.0867],[-77.05338,-12.09304],[-77.05844,-12.1029],[-77.0527,-12.10906],[-77.04303,-12.1188],[-77.04266,-12.11872],[-77.04251,-12.11906],[-77.04041,-12.11908],[-77.04012,-12.11932],[-77.03985,-12.11921],[-77.03978,-12.11895],[-77.03993,-12.11874],[-77.04017,-12.11871],[-77.04038,-12.11886],[-77.04041,-12.11908]],[[-77.04303,-12.1188],[-77.04308,-12.11903],[-77.04293,-12.11923],[-77.04267,-12.11923],[-77.04251,-12.11906]],[[-77.11024,-11.99428],[-77.10944,-11.99499],[-77.10882,-11.99616],[-77.09845,-12.01686],[-77.09987,-12.01839],[-77.10125,-12.01944],[-77.10568,-12.02163],[-77.10605,-12.02153]]]}},{"type":"Feature","properties":{"id":"relation/4627248","nombre":"X-IO96_I","distrito":"Bellavista","tipo":"osm"},"geometry":{"type":"MultiLineString","coordinates":[[[-76.9396,-12.19806],[-76.93817,-12.19712],[-76.9374,-12.19684],[-76.93461,-12.19529],[-76.93754,-12.19042],[-76.93809,-12.18914],[-76.94114,-12.18397],[-76.94206,-12.18262]],[[-76.93433,-12.20532],[-76.93008,-12.20283],[-76.93461,-12.19529],[-76.9344,-12.19519]],[[-76.91952,-12.22402],[-76.92195,-12.2154],[-76.9224,-12.21417],[-76.92311,-12.21299],[-76.92706,-12.20778],[-76.93008,-12.20283]],[[-76.94221,-12.18277],[-76.93946,-12.18718],[-76.93713,-12.19143],[-76.9275,-12.2074],[-76.92321,-12.21305],[-76.92261,-12.21406],[-76.92208,-12.21533],[-76.92197,-12.21656],[-76.91987,-12.2239]],[[-76.92772,-12.20313],[-76.92842,-12.20182],[-76.92885,-12.20032],[-76.92956,-12.19916]],[[-76.91777,-12.19774],[-76.92582,-12.2026],[-76.92743,-12.20315],[-76.92794,-12.20313],[-76.92915,-12.20387]],[[-76.91879,-12.19745],[-76.92794,-12.20313]],[[-77.00156,-12.12869],[-77.00184,-12.12874],[-77.02392,-12.12532],[-77.02502,-12.12076],[-77.02577,-12.11849],[-77.02596,-12.11723],[-77.02589,-12.11667]],[[-77.00109,-12.12833],[-77.00142,-12.12847],[-77.00158,-12.12887],[-77.00141,-12.12922],[-77.00103,-12.12935],[-77.00063,-12.12913],[-77.00054,-12.12878],[-77.00076,-12.12842],[-77.00109,-12.12833]],[[-76.99963,-12.13109],[-77.00072,-12.1294]],[[-76.97173,-12.15389],[-76.97994,-12.15053],[-76.98188,-12.15011],[-76.98279,-12.14973],[-76.98434,-12.14893],[-76.98499,-12.14848],[-76.98535,-12.14798],[-76.98701,-12.14708],[-76.98751,-12.14658],[-76.99003,-12.14333],[-76.99205,-12.14132],[-76.99324,-12.1399],[-76.99958,-12.13091]],[[-76.98095,-12.13821],[-76.9823,-12.14589],[-76.98264,-12.14692]],[[-76.95668,-12.16047],[-76.95789,-12.15955],[-76.96817,-12.15538]],[[-76.93734,-12.19635],[-76.93096,-12.20702]],[[-76.9527,-12.20576],[-76.94425,-12.20088]],[[-76.95875,-12.15948],[-76.96011,-12.16306],[-76.96253,-12.17375],[-76.96272,-12.17978],[-76.96246,-12.18122],[-76.95605,-12.19219],[-76.93242,-12.23155]],[[-76.96855,-12.16167],[-76.96149,-12.16454],[-76.96043,-12.16478]],[[-76.96564,-12.18014],[-76.96901,-12.16706],[-76.96919,-12.16563],[-76.96917,-12.16461]],[[-76.9783,-12.16691],[-76.97804,-12.16668],[-76.97049,-12.16475],[-76.96918,-12.16469]],[[-76.96289,-12.14026],[-76.96371,-12.14129],[-76.96451,-12.14316],[-76.96506,-12.14403],[-76.96703,-12.14603],[-76.96965,-12.14829],[-76.97043,-12.14918],[-76.97182,-12.15386],[-76.97296,-12.15675],[-76.97326,-12.15801],[-76.97337,-12.15982],[-76.97291,-12.16388]],[[-76.97638,-12.15205],[-76.97662,-12.15258],[-76.97822,-12.15384],[-76.97722,-12.15498],[-76.97296,-12.15675]],[[-76.9785,-12.15403],[-76.97822,-12.15384]],[[-77.02926,-12.1192],[-77.02914,-12.11949],[-77.02892,-12.11939],[-77.02888,-12.11912],[-77.02903,-12.11896],[-77.0369,-12.11898]],[[-77.0282,-12.11917],[-77.02819,-12.11904],[-77.02891,-12.11904]],[[-77.02564,-12.11908],[-77.02819,-12.11904],[-77.02819,-12.11695],[-77.03113,-12.09951],[-77.03243,-12.09087]],[[-77.0369,-12.1191],[-77.03681,-12.1107]],[[-77.03721,-12.11001],[-77.03734,-12.11031],[-77.03721,-12.11061],[-77.03691,-12.11072],[-77.03661,-12.11058],[-77.0365,-12.11031],[-77.03664,-12.11001],[-77.03693,-12.10989],[-77.03721,-12.11001]],[[-77.03173,-12.09542],[-77.03201,-12.09583],[-77.03262,-12.09556],[-77.03377,-12.09552],[-77.03431,-12.09534],[-77.03451,-12.09513],[-77.03537,-12.09648],[-77.03575,-12.09641]],[[-77.1284,-12.04875],[-77.12819,-12.051]],[[-77.13845,-12.05213],[-77.1385,-12.0526],[-77.13887,-12.05285],[-77.13946,-12.0528],[-77.13976,-12.05243],[-77.13967,-12.05198],[-77.13922,-12.05173],[-77.13869,-12.0518],[-77.13845,-12.05213],[-77.13843,-12.0519],[-77.13828,-12.05181],[-77.13479,-12.05166],[-77.13452,-12.0517],[-77.13412,-12.05199],[-77.13347,-12.05157],[-77.12821,-12.05111]],[[-77.13372,-12.05172],[-77.13377,-12.05135],[-77.1341,-12.05117],[-77.13444,-12.05132],[-77.13452,-12.0517]],[[-77.11966,-12.06479],[-77.11995,-12.06517],[-77.11975,-12.06561],[-77.11928,-12.06584],[-77.11893,-12.06574],[-77.11876,-12.0653],[-77.11908,-12.06488],[-77.11994,-12.06474],[-77.12777,-12.0591],[-77.13822,-12.0527],[-77.13841,-12.05229]],[[-77.03224,-12.09206],[-77.05067,-12.09461],[-77.06289,-12.08662],[-77.06417,-12.08558],[-77.06439,-12.08518],[-77.06448,-12.08451],[-77.06475,-12.08409],[-77.06558,-12.08358],[-77.08025,-12.07833],[-77.08183,-12.0781],[-77.09068,-12.07793],[-77.09219,-12.0777],[-77.09324,-12.07736],[-77.10356,-12.07245],[-77.11619,-12.06747],[-77.11743,-12.06673],[-77.11987,-12.0649]],[[-77.03698,-12.1099],[-77.03721,-12.10545],[-77.03676,-12.10197],[-77.03682,-12.10125],[-77.0365,-12.10004],[-77.03622,-12.09792],[-77.03553,-12.0967],[-77.03534,-12.09659],[-77.03537,-12.09648]],[[-77.03174,-12.09536],[-77.03149,-12.09532]]]}},{"type":"Feature","properties":{"id":"relation/4627369","nombre":"X-IO99_I","distrito":"Bellavista","tipo":"osm"},"geometry":{"type":"MultiLineString","coordinates":[[[-77.07966,-12.07493],[-77.07585,-12.07575],[-77.0654,-12.07886],[-77.06164,-12.07234],[-77.0612,-12.06835],[-77.06066,-12.06796],[-77.0605,-12.06761],[-77.06055,-12.0672],[-77.06088,-12.06673],[-77.05895,-12.06106],[-77.05842,-12.05866],[-77.05798,-12.05761],[-77.05753,-12.05578],[-77.05665,-12.05577],[-77.05172,-12.05724],[-77.05166,-12.05707],[-77.05144,-12.05703],[-77.03816,-12.05589],[-77.03898,-12.04861],[-77.0329,-12.0398],[-77.03129,-12.04068],[-77.02845,-12.04097],[-77.02861,-12.0427],[-77.02521,-12.04247],[-77.02282,-12.04272],[-77.02054,-12.04149],[-77.01774,-12.04035],[-77.01425,-12.03773],[-77.01328,-12.03722],[-77.01271,-12.03512],[-77.01246,-12.03308],[-77.01199,-12.03215],[-77.01215,-12.03172],[-77.01208,-12.03096],[-77.01157,-12.02911],[-77.01041,-12.02643],[-77.00997,-12.02586],[-77.01084,-12.02507],[-77.0119,-12.02515],[-77.01205,-12.02416],[-77.01265,-12.02279],[-77.01082,-12.00787],[-77.01229,-12.00344],[-77.01438,-11.99844],[-77.01526,-11.99686],[-77.01546,-11.99669],[-77.01501,-11.99563],[-77.01514,-11.99294],[-77.01493,-11.99189],[-77.01565,-11.98643],[-77.01539,-11.98512],[-77.01431,-11.98415],[-77.01322,-11.98261],[-77.01298,-11.98179],[-77.00545,-11.97001],[-77.00262,-11.96615],[-77.00184,-11.96458],[-77.00018,-11.96205],[-76.99772,-11.95655],[-76.99225,-11.95583],[-76.9916,-11.95563],[-76.98833,-11.95184],[-76.98748,-11.95151],[-76.97961,-11.94008],[-76.97859,-11.93945],[-76.97496,-11.93842],[-76.97439,-11.93843],[-76.97309,-11.93886],[-76.97265,-11.93875],[-76.96882,-11.93326]],[[-77.07985,-12.07492],[-77.08382,-12.07464],[-77.087,-12.07379],[-77.08715,-12.07373],[-77.08689,-12.07309],[-77.08693,-12.07295],[-77.09053,-12.07122],[-77.09313,-12.07014],[-77.10426,-12.06885],[-77.10408,-12.06731],[-77.10413,-12.06632],[-77.10474,-12.06316],[-77.1052,-12.05868],[-77.10584,-12.05567],[-77.10602,-12.05527],[-77.10591,-12.05483],[-77.10645,-12.04909],[-77.11825,-12.05012]],[[-77.10634,-12.04908],[-77.10645,-12.04909]],[[-77.0121,-12.03198],[-77.01232,-12.03214],[-77.01224,-12.03227],[-77.01205,-12.03226]],[[-77.03816,-12.05589],[-77.03705,-12.05578]]]}},{"type":"Feature","properties":{"id":"relation/4628840","nombre":"X-NCR04A_I","distrito":"Bellavista","tipo":"osm"},"geometry":{"type":"MultiLineString","coordinates":[[[-77.09712,-11.99034],[-77.09177,-11.99103],[-77.08531,-11.9914]],[[-77.10427,-11.98941],[-77.09726,-11.99032]],[[-77.04345,-12.04312],[-77.04352,-12.04349],[-77.04333,-12.04376],[-77.04273,-12.04377],[-77.04249,-12.04355],[-77.04253,-12.04311],[-77.04288,-12.04293],[-77.0437,-12.04322],[-77.04581,-12.04344],[-77.04632,-12.03908],[-77.04726,-12.0388],[-77.04919,-12.03765],[-77.0558,-12.03688],[-77.05737,-12.03684],[-77.06139,-12.03591],[-77.06563,-12.03544],[-77.06572,-12.03538],[-77.06512,-12.03413],[-77.06481,-12.03207],[-77.06778,-12.03169],[-77.07748,-12.03175],[-77.07452,-12.02412],[-77.07445,-12.02297],[-77.07468,-12.0222],[-77.07923,-12.01349],[-77.07949,-12.0127],[-77.08014,-12.01189],[-77.08181,-12.00845],[-77.08448,-11.99738],[-77.08454,-11.99636]],[[-77.04544,-12.03922],[-77.04632,-12.03908]],[[-77.08442,-11.99595],[-77.08325,-11.9934],[-77.08206,-11.99196],[-77.08169,-11.99128],[-77.08474,-11.99113],[-77.0849,-11.99101],[-77.08561,-11.99097]],[[-77.0845,-11.9962],[-77.08445,-11.99603]],[[-77.03842,-12.04574],[-77.04246,-12.04326]]]}},{"type":"Feature","properties":{"id":"relation/4629072","nombre":"X-NCR04B_I","distrito":"Bellavista","tipo":"osm"},"geometry":{"type":"MultiLineString","coordinates":[[[-77.04345,-12.04312],[-77.04352,-12.04349],[-77.04333,-12.04376],[-77.04273,-12.04377],[-77.04249,-12.04355],[-77.04253,-12.04311],[-77.04288,-12.04293],[-77.0437,-12.04322],[-77.04581,-12.04344],[-77.04632,-12.03908],[-77.04726,-12.0388],[-77.04919,-12.03765],[-77.0558,-12.03688],[-77.05737,-12.03684],[-77.06139,-12.03591],[-77.06563,-12.03544],[-77.06572,-12.03538],[-77.06512,-12.03413],[-77.06481,-12.03207],[-77.06778,-12.03169],[-77.07748,-12.03175],[-77.07452,-12.02412],[-77.07445,-12.02297],[-77.07468,-12.0222],[-77.07923,-12.01349],[-77.07949,-12.0127],[-77.08014,-12.01189],[-77.08181,-12.00845],[-77.08448,-11.99738],[-77.08454,-11.99636]],[[-77.08442,-11.99595],[-77.08325,-11.9934],[-77.08177,-11.99147],[-77.08128,-11.98955],[-77.08084,-11.98868],[-77.09952,-11.98373]],[[-77.0845,-11.9962],[-77.08445,-11.99603]],[[-77.04544,-12.03922],[-77.04632,-12.03908]]]}},{"type":"Feature","properties":{"id":"relation/4629099","nombre":"X-NCR04C_I","distrito":"Bellavista","tipo":"osm"},"geometry":{"type":"MultiLineString","coordinates":[[[-77.07474,-11.99667],[-77.07502,-11.99482],[-77.08353,-11.99606],[-77.08423,-11.99624],[-77.08457,-11.9967],[-77.08226,-12.00683],[-77.08166,-12.00883],[-77.08014,-12.01189],[-77.07949,-12.0127],[-77.07923,-12.01349],[-77.07468,-12.0222],[-77.07445,-12.02297],[-77.07452,-12.02412],[-77.07748,-12.03175],[-77.06778,-12.03169],[-77.06481,-12.03207],[-77.06512,-12.03413],[-77.06572,-12.03538],[-77.06563,-12.03544],[-77.06139,-12.03591],[-77.05737,-12.03684],[-77.0558,-12.03688],[-77.04919,-12.03765],[-77.04726,-12.0388],[-77.04632,-12.03908],[-77.04581,-12.04344],[-77.0437,-12.04322],[-77.04288,-12.04293],[-77.04253,-12.04311],[-77.04249,-12.04355],[-77.04273,-12.04377],[-77.04333,-12.04376],[-77.04352,-12.04349],[-77.04345,-12.04312]],[[-77.04544,-12.03922],[-77.04632,-12.03908]]]}},{"type":"Feature","properties":{"id":"relation/4649430","nombre":"X-NM24_I","distrito":"Bellavista","tipo":"osm"},"geometry":{"type":"MultiLineString","coordinates":[[[-76.99903,-11.84179],[-77.0007,-11.84505],[-77.0022,-11.84875],[-77.00239,-11.84962],[-77.00242,-11.85103],[-77.00343,-11.85375],[-77.0042,-11.85779],[-77.00441,-11.85836],[-77.00625,-11.86034],[-77.00697,-11.86203],[-77.00794,-11.86338],[-77.00916,-11.8646],[-77.01034,-11.86516],[-77.0111,-11.8658],[-77.01157,-11.86722],[-77.01403,-11.87092],[-77.01616,-11.87463],[-77.01772,-11.87779],[-77.01979,-11.87994],[-77.0227,-11.88142],[-77.02335,-11.88209],[-77.02368,-11.88322],[-77.02322,-11.88597],[-77.02343,-11.88707],[-77.02399,-11.88781],[-77.0257,-11.88922],[-77.02648,-11.89003],[-77.0281,-11.89234],[-77.02895,-11.89424],[-77.03027,-11.89911],[-77.03059,-11.89939],[-77.03105,-11.89932],[-77.03613,-11.89503],[-77.03762,-11.89708],[-77.05054,-11.92013],[-77.05133,-11.92223],[-77.05214,-11.92691],[-77.05256,-11.92826],[-77.05793,-11.93811],[-77.05968,-11.94107],[-77.06022,-11.94244],[-77.0605,-11.94361],[-77.06061,-11.94503],[-77.06036,-11.94604],[-77.06041,-11.94705],[-77.05991,-11.95076],[-77.05981,-11.95589],[-77.06093,-11.95995],[-77.06126,-11.96056],[-77.06229,-11.96176]],[[-77.03048,-11.90144],[-77.03027,-11.89911]],[[-77.08442,-11.99595],[-77.08325,-11.9934],[-77.08177,-11.99147],[-77.08121,-11.98939],[-77.07854,-11.98436],[-77.0778,-11.98108],[-77.0768,-11.97813],[-77.07662,-11.97591],[-77.07474,-11.96789],[-77.07389,-11.96603],[-77.07307,-11.96505],[-77.0722,-11.9643],[-77.06982,-11.9629],[-77.06319,-11.96179]],[[-77.0845,-11.9962],[-77.08445,-11.99603]],[[-77.08092,-12.07753],[-77.08082,-12.07707],[-77.08011,-12.07558],[-77.07887,-12.07405],[-77.07847,-12.07335],[-77.07775,-12.06895],[-77.07779,-12.06676],[-77.07799,-12.06513],[-77.07913,-12.05995],[-77.07985,-12.05723],[-77.08015,-12.05667],[-77.08088,-12.05585],[-77.0782,-12.05173],[-77.07807,-12.05127],[-77.07798,-12.04951],[-77.07688,-12.04752],[-77.07666,-12.04647],[-77.07754,-12.0358],[-77.07824,-12.03476],[-77.07832,-12.03413],[-77.07642,-12.02889],[-77.07461,-12.02439],[-77.07442,-12.02325],[-77.07468,-12.0222],[-77.07923,-12.01349],[-77.07953,-12.01263],[-77.08014,-12.01189],[-77.08181,-12.00845],[-77.08448,-11.99738],[-77.08454,-11.99636]],[[-77.07771,-12.03563],[-77.0779,-12.03579],[-77.07773,-12.03598],[-77.07754,-12.0358],[-77.07771,-12.03563]],[[-77.07771,-12.03563],[-77.07786,-12.0357],[-77.07788,-12.03587],[-77.0776,-12.03593]],[[-76.95553,-12.07359],[-76.95663,-12.07143],[-76.96112,-12.07348],[-76.96237,-12.07417],[-76.96383,-12.07564],[-76.96537,-12.07846],[-76.96705,-12.08103],[-76.96812,-12.08195],[-76.96941,-12.08279],[-76.96984,-12.08292],[-76.96957,-12.08334],[-76.96971,-12.08364],[-76.96991,-12.08375],[-76.97033,-12.08364],[-76.97045,-12.0832],[-76.97084,-12.08341],[-76.97929,-12.0846],[-76.98188,-12.08488],[-76.98511,-12.08501],[-76.987,-12.08561],[-76.98874,-12.08593],[-76.99477,-12.08664],[-76.99639,-12.08648],[-76.9973,-12.08665],[-76.99846,-12.0872],[-77.00166,-12.08764],[-77.00217,-12.08763],[-77.00297,-12.08739],[-77.00346,-12.08743],[-77.00422,-12.08755],[-77.00524,-12.08809],[-77.00571,-12.08821],[-77.01345,-12.08928],[-77.0144,-12.08874],[-77.01516,-12.08637],[-77.01544,-12.08603],[-77.01665,-12.08831],[-77.01805,-12.08976],[-77.0188,-12.09017],[-77.05067,-12.09461],[-77.06289,-12.08662],[-77.06417,-12.08558],[-77.06439,-12.08518],[-77.06458,-12.08432],[-77.06521,-12.08375],[-77.07923,-12.07863],[-77.07919,-12.07852],[-77.08063,-12.07813],[-77.08085,-12.07797],[-77.08093,-12.07765]],[[-76.9899,-12.08599],[-76.99043,-12.08608]],[[-76.96984,-12.08292],[-76.97016,-12.0829],[-76.97045,-12.0832]],[[-76.95663,-12.07143],[-76.95841,-12.06772]],[[-76.95525,-12.07399],[-76.95531,-12.0737],[-76.95553,-12.07359],[-76.95579,-12.07368],[-76.95588,-12.07385],[-76.95566,-12.07421],[-76.95545,-12.07421],[-76.95525,-12.07399],[-76.95517,-12.07449],[-76.95408,-12.07687]],[[-76.9364,-12.1138],[-76.93915,-12.11603],[-76.94115,-12.11377],[-76.94158,-12.11302],[-76.94179,-12.11226],[-76.94345,-12.10902],[-76.9441,-12.10829],[-76.94583,-12.1071],[-76.94642,-12.10653],[-76.94797,-12.10392],[-76.94898,-12.10264],[-76.95254,-12.09453],[-76.95277,-12.09229],[-76.95432,-12.08893],[-76.95469,-12.08844],[-76.95679,-12.08644],[-76.95732,-12.08566],[-76.95763,-12.08425],[-76.95739,-12.0829],[-76.95682,-12.08191],[-76.95541,-12.08067],[-76.95473,-12.0798],[-76.95422,-12.07853],[-76.95427,-12.0773],[-76.95406,-12.0769]]]}},{"type":"Feature","properties":{"id":"relation/4649589","nombre":"X-NM28_I","distrito":"Bellavista","tipo":"osm"},"geometry":{"type":"MultiLineString","coordinates":[[[-77.08984,-11.952],[-77.09085,-11.9507],[-77.0887,-11.94891],[-77.08742,-11.94709],[-77.08831,-11.9461],[-77.08751,-11.94537],[-77.0894,-11.9434],[-77.08683,-11.94113],[-77.08503,-11.93817],[-77.08284,-11.93622],[-77.08239,-11.93631],[-77.08223,-11.93616],[-77.08006,-11.93699],[-77.07735,-11.939]],[[-77.02892,-12.11902],[-77.03235,-12.09855],[-77.03588,-12.07445],[-77.03906,-12.0749],[-77.04208,-12.07508],[-77.04264,-12.0751],[-77.04298,-12.07483],[-77.04349,-12.07482],[-77.04396,-12.07483],[-77.0443,-12.07507],[-77.04766,-12.07504],[-77.05144,-12.07206],[-77.05389,-12.07501],[-77.05683,-12.07267],[-77.05787,-12.07213],[-77.0595,-12.07166],[-77.06037,-12.0715],[-77.06169,-12.07153],[-77.0653,-12.07221],[-77.06738,-12.07234],[-77.07107,-12.07185],[-77.07787,-12.07029],[-77.07773,-12.06832],[-77.07779,-12.06676],[-77.07836,-12.06324],[-77.0798,-12.05737],[-77.08015,-12.05667],[-77.08088,-12.05585],[-77.0782,-12.05173],[-77.07807,-12.05127],[-77.07798,-12.04951],[-77.07688,-12.04752],[-77.07668,-12.04656],[-77.07754,-12.0358],[-77.07815,-12.03495],[-77.07833,-12.03424],[-77.07642,-12.02889],[-77.07461,-12.02439],[-77.07442,-12.02325],[-77.07468,-12.0222],[-77.07923,-12.01349],[-77.07953,-12.01263],[-77.08014,-12.01189],[-77.08181,-12.00845],[-77.08457,-11.9967],[-77.08423,-11.99624],[-77.08353,-11.99606],[-77.07294,-11.99452],[-77.07222,-11.99424],[-77.07165,-11.99359],[-77.07146,-11.99315],[-77.0714,-11.99245],[-77.07227,-11.98649],[-77.072,-11.98457],[-77.07219,-11.98352],[-77.07226,-11.97635],[-77.07247,-11.97201],[-77.07561,-11.9719],[-77.07458,-11.96739],[-77.07389,-11.96603],[-77.07307,-11.96505],[-77.0717,-11.96393],[-77.06959,-11.96282],[-77.06742,-11.96256],[-77.06705,-11.9628],[-77.06694,-11.96316],[-77.06709,-11.96355],[-77.06756,-11.9638],[-77.06794,-11.96367],[-77.06827,-11.96314],[-77.07081,-11.94639],[-77.07169,-11.93754],[-77.07547,-11.93794],[-77.0764,-11.93836],[-77.07718,-11.93901]],[[-77.07771,-12.03563],[-77.07786,-12.0357],[-77.07788,-12.03587],[-77.0776,-12.03593]],[[-77.02918,-12.11903],[-77.02924,-12.11937],[-77.02904,-12.1195],[-77.02889,-12.11934],[-77.0289,-12.11907],[-77.02903,-12.11896],[-77.02918,-12.11903]],[[-77.01917,-12.14998],[-77.01837,-12.14841],[-77.01736,-12.14589],[-77.01381,-12.14191],[-77.0173,-12.13884],[-77.01876,-12.13928],[-77.02226,-12.13949],[-77.02275,-12.13585],[-77.02324,-12.13434],[-77.02372,-12.12918],[-77.02386,-12.12913],[-77.02343,-12.13389],[-77.02344,-12.13446],[-77.02356,-12.1346],[-77.02526,-12.13513],[-77.02987,-12.13149],[-77.02939,-12.12448],[-77.02903,-12.12166],[-77.02896,-12.11944]]]}},{"type":"Feature","properties":{"id":"relation/4650375","nombre":"X-NM32_I","distrito":"Bellavista","tipo":"osm"},"geometry":{"type":"MultiLineString","coordinates":[[[-76.94454,-12.04641],[-76.95615,-12.05102],[-76.97135,-12.05751],[-76.9725,-12.05709],[-76.97368,-12.05635],[-76.974,-12.05603],[-76.97601,-12.0519],[-76.97699,-12.05066],[-76.97859,-12.0492],[-76.97899,-12.04864],[-76.97927,-12.04774],[-76.97916,-12.04734],[-76.97894,-12.0471]],[[-76.94911,-12.0359],[-76.94447,-12.04649]],[[-76.96069,-12.04074],[-76.95397,-12.03783],[-76.94897,-12.03584],[-76.95083,-12.02934]],[[-77.04488,-12.08499],[-77.0445,-12.08764],[-77.04705,-12.088],[-77.04741,-12.08525]],[[-77.02834,-12.08488],[-77.04457,-12.08712]],[[-77.02907,-12.08494],[-77.03006,-12.07795],[-77.02929,-12.07717],[-77.02777,-12.0765]],[[-77.01228,-12.05589],[-77.01393,-12.05793],[-77.01593,-12.05872],[-77.01659,-12.05884],[-77.01555,-12.06133],[-77.02924,-12.06312],[-77.02747,-12.07618]],[[-76.9976,-12.04034],[-76.99773,-12.04028],[-76.99774,-12.04012],[-76.9975,-12.03993],[-76.99742,-12.04013],[-76.9976,-12.04034],[-76.99754,-12.04274],[-76.99802,-12.04436],[-77.00342,-12.05209],[-77.00379,-12.05287],[-77.00422,-12.05464],[-77.00451,-12.0552],[-77.00768,-12.05915],[-77.00798,-12.05925],[-77.01232,-12.05583]],[[-76.97911,-12.04703],[-76.97993,-12.0473],[-76.98078,-12.0472],[-76.98552,-12.04305],[-76.98668,-12.0417],[-76.98709,-12.04101],[-76.98725,-12.04047],[-76.98707,-12.03968],[-76.9879,-12.03958],[-76.99083,-12.0396],[-76.99345,-12.03979],[-76.99558,-12.04022],[-76.99662,-12.03999],[-76.99744,-12.03997]],[[-77.04864,-12.08531],[-77.04883,-12.08507],[-77.04916,-12.08538],[-77.05018,-12.08677],[-77.05445,-12.09509],[-77.05719,-12.09377],[-77.06118,-12.09305],[-77.06197,-12.09277],[-77.0627,-12.09236],[-77.06589,-12.08981],[-77.06611,-12.08984],[-77.06666,-12.09051],[-77.07172,-12.08869],[-77.07318,-12.09264],[-77.07671,-12.09136],[-77.07702,-12.09139],[-77.08343,-12.08813],[-77.08268,-12.08637],[-77.0833,-12.08609],[-77.08269,-12.08414],[-77.08184,-12.0799],[-77.08161,-12.07921],[-77.08126,-12.07867],[-77.08082,-12.07707],[-77.08021,-12.07574],[-77.07887,-12.07405],[-77.07847,-12.07335],[-77.07782,-12.06983],[-77.07779,-12.06676],[-77.07836,-12.06324],[-77.0798,-12.05737],[-77.08015,-12.05667],[-77.08088,-12.05585],[-77.0782,-12.05173],[-77.07807,-12.05127],[-77.07798,-12.04951],[-77.07688,-12.04752],[-77.07666,-12.04647],[-77.0776,-12.03593],[-77.07786,-12.03591],[-77.07783,-12.03567],[-77.07767,-12.03564],[-77.07754,-12.0358],[-77.07766,-12.03596],[-77.07786,-12.03591],[-77.07787,-12.03571],[-77.07771,-12.03563],[-77.07755,-12.03576],[-77.0776,-12.03593]],[[-77.04847,-12.08539],[-77.0406,-12.08431],[-77.04861,-12.08541],[-77.04847,-12.08539]],[[-77.05943,-11.99077],[-77.0613,-11.99105]],[[-77.07771,-12.03563],[-77.07824,-12.03476],[-77.07828,-12.0339],[-77.07444,-12.02373],[-77.07445,-12.02297],[-77.07468,-12.0222],[-77.07619,-12.01931],[-77.07442,-12.01842],[-77.07336,-12.01774],[-77.07055,-12.01396],[-77.07009,-12.01324],[-77.06997,-12.01261],[-77.07039,-12.01101],[-77.06439,-12.00904],[-77.06218,-12.00873],[-77.06119,-12.00895],[-77.06085,-12.00871],[-77.06086,-12.00836],[-77.0613,-12.00769],[-77.06166,-12.00458],[-77.06204,-12.00471],[-77.06231,-12.00442],[-77.06214,-12.00406],[-77.06172,-12.00409],[-77.06369,-11.99126],[-77.06352,-11.99028],[-77.0632,-11.98998],[-77.05979,-11.98946],[-77.05958,-11.99079]],[[-77.06166,-12.00458],[-77.06159,-12.00432],[-77.06172,-12.00409]],[[-77.06106,-12.00816],[-77.06136,-12.00814],[-77.06161,-12.00833],[-77.06166,-12.00861],[-77.06152,-12.00885]],[[-77.08404,-12.08769],[-77.08369,-12.08695]]]}},{"type":"Feature","properties":{"id":"relation/4651187","nombre":"X-NM34_I","distrito":"Bellavista","tipo":"osm"},"geometry":{"type":"MultiLineString","coordinates":[[[-77.01073,-12.14696],[-77.01168,-12.14703],[-77.01546,-12.14376]],[[-77.0983,-12.04846],[-77.06587,-12.04561],[-77.06518,-12.04575],[-77.06444,-12.04549],[-77.05229,-12.04433],[-77.05086,-12.04438],[-77.04341,-12.04371]],[[-77.08993,-12.01933],[-77.08982,-12.01907],[-77.0901,-12.01921]],[[-77.08755,-12.00944],[-77.0872,-12.01223],[-77.08929,-12.01187],[-77.08764,-12.01454],[-77.08732,-12.01574],[-77.08814,-12.01642],[-77.08982,-12.01907]],[[-77.10544,-11.98937],[-77.10401,-11.98943],[-77.09677,-11.99037],[-77.09342,-11.99231],[-77.09304,-11.99836],[-77.0917,-11.99972],[-77.08961,-12.00472],[-77.08926,-12.0052],[-77.08846,-12.00589],[-77.08814,-12.00639],[-77.08778,-12.00888]],[[-77.1052,-11.98903],[-77.0979,-11.98263]],[[-77.10561,-11.98937],[-77.10532,-11.98912],[-77.10489,-11.98917]],[[-77.08756,-12.00931],[-77.08787,-12.00665],[-77.08812,-12.00598]],[[-76.99128,-12.14981],[-76.98866,-12.15115],[-76.98928,-12.15223]],[[-76.99626,-12.17822],[-76.99248,-12.17376],[-76.99195,-12.17297],[-76.99193,-12.17188],[-76.99214,-12.16985],[-76.99034,-12.16654],[-76.99052,-12.16647],[-76.99076,-12.16319],[-76.98923,-12.16056],[-76.98872,-12.15939],[-76.98871,-12.15858],[-76.98888,-12.15809],[-76.99044,-12.15568],[-76.99062,-12.15502],[-76.99046,-12.1541],[-76.98929,-12.15236]],[[-77.00027,-12.18338],[-76.99957,-12.18276],[-76.99882,-12.18128],[-76.99632,-12.17828]],[[-76.99367,-12.13927],[-76.99791,-12.1454],[-76.99788,-12.14519],[-76.99405,-12.13945],[-76.99371,-12.1392],[-76.99691,-12.13458],[-76.99815,-12.13544],[-76.99867,-12.13609],[-76.99935,-12.13904],[-76.99978,-12.13984],[-77.00136,-12.14113],[-77.00283,-12.14325]],[[-76.9918,-12.14845],[-76.99147,-12.14835],[-76.99154,-12.14795],[-76.99215,-12.14802]],[[-76.99153,-12.1484],[-76.99104,-12.14841]],[[-76.99229,-12.14863],[-76.99265,-12.14905],[-76.99211,-12.14948]],[[-76.99203,-12.1481],[-76.99484,-12.14629]],[[-76.99517,-12.14682],[-76.99617,-12.14835]],[[-76.9966,-12.14348],[-76.99528,-12.14486],[-76.99431,-12.14548],[-76.99489,-12.14636]],[[-76.99687,-12.14368],[-76.99678,-12.14375]],[[-77.0027,-12.14334],[-77.00448,-12.14211],[-77.00606,-12.1413],[-77.00661,-12.13971]],[[-77.09012,-12.01921],[-77.09034,-12.01928],[-77.09029,-12.01949]],[[-77.09026,-12.01977],[-77.09045,-12.02056],[-77.09151,-12.02265],[-77.09075,-12.02297],[-77.09298,-12.02747],[-77.09401,-12.02991],[-77.08015,-12.03149]],[[-77.0776,-12.03174],[-77.07969,-12.03155]],[[-77.06495,-12.04565],[-77.06492,-12.04539],[-77.06523,-12.04503],[-77.0661,-12.0363],[-77.066,-12.03579],[-77.06512,-12.03413],[-77.06481,-12.03207],[-77.06778,-12.03169],[-77.07748,-12.03175]],[[-77.06486,-12.04854],[-77.06514,-12.04602],[-77.06503,-12.04571]],[[-77.0617,-12.0541],[-77.06159,-12.05414],[-77.05936,-12.04873],[-77.05935,-12.048],[-77.06494,-12.04855]],[[-77.03935,-12.06428],[-77.04123,-12.06068],[-77.04161,-12.06078],[-77.04192,-12.06064],[-77.04209,-12.06037],[-77.04205,-12.06],[-77.05161,-12.05712],[-77.05111,-12.05523],[-77.05665,-12.05565],[-77.05853,-12.05521],[-77.06159,-12.05414]],[[-77.04123,-12.06068],[-77.04103,-12.06044],[-77.04101,-12.06012],[-77.04116,-12.05985],[-77.04142,-12.05971]],[[-77.0364,-12.06408],[-77.03886,-12.06439]],[[-77.02892,-12.11902],[-77.03235,-12.09855],[-77.03751,-12.064]],[[-77.02564,-12.11908],[-77.02891,-12.11904]],[[-77.01917,-12.14998],[-77.01837,-12.14841],[-77.01736,-12.14589],[-77.01381,-12.14191],[-77.0173,-12.13884],[-77.01876,-12.13928],[-77.02226,-12.13949],[-77.02275,-12.13585],[-77.02324,-12.13434],[-77.0237,-12.1293],[-77.02248,-12.12974],[-77.02394,-12.12527],[-77.02502,-12.12076],[-77.02565,-12.11903],[-77.02595,-12.11742],[-77.02589,-12.11667]],[[-77.0051,-12.14399],[-77.00637,-12.14326],[-77.00897,-12.14241],[-77.00873,-12.1407],[-77.00765,-12.13909]],[[-77.00738,-12.14294],[-77.00907,-12.14661],[-77.00833,-12.14654],[-77.00641,-12.14607]],[[-77.00362,-12.15231],[-77.01168,-12.14703]],[[-77.0237,-12.1293],[-77.02372,-12.12918]]]}},{"type":"Feature","properties":{"id":"relation/4652434","nombre":"X-NM41A_I","distrito":"Bellavista","tipo":"osm"},"geometry":{"type":"MultiLineString","coordinates":[[[-77.04581,-12.04344],[-77.05085,-12.04391],[-77.05148,-12.04415],[-77.0523,-12.04425],[-77.06131,-12.04511],[-77.09831,-12.04838]],[[-77.06159,-12.00444],[-77.06141,-12.00433],[-77.05769,-12.00379],[-77.0575,-12.00364],[-77.05813,-11.99893],[-77.05965,-11.98944],[-77.057,-11.98904],[-77.05684,-11.98871],[-77.05705,-11.98775],[-77.05303,-11.98661],[-77.05333,-11.98546],[-77.05344,-11.98341],[-77.0547,-11.97896],[-77.04683,-11.97674],[-77.04674,-11.97652],[-77.04749,-11.97392],[-77.04313,-11.97271],[-77.04099,-11.97046]],[[-77.05785,-12.00789],[-77.06029,-12.00824],[-77.06106,-12.00816],[-77.06129,-12.00773],[-77.06161,-12.00557],[-77.06159,-12.00427],[-77.0619,-12.00401],[-77.06225,-12.00416],[-77.06231,-12.00442],[-77.06217,-12.00464],[-77.06189,-12.00471],[-77.06166,-12.00458]],[[-77.06106,-12.00816],[-77.0614,-12.00816],[-77.06163,-12.00836],[-77.06165,-12.00866],[-77.06144,-12.00891],[-77.06114,-12.00894],[-77.06087,-12.00875],[-77.06082,-12.00845],[-77.06099,-12.0082]],[[-77.05338,-12.01893],[-77.05492,-12.01759],[-77.05626,-12.01911],[-77.05372,-12.02125],[-77.05249,-12.02248],[-77.05194,-12.02328],[-77.05272,-12.0238],[-77.05204,-12.02478],[-77.05611,-12.02748],[-77.05715,-12.02829],[-77.05764,-12.02898],[-77.05861,-12.02916],[-77.05987,-12.02992],[-77.0608,-12.03004],[-77.06478,-12.02945],[-77.06537,-12.02917],[-77.06645,-12.02831],[-77.06689,-12.0318],[-77.06481,-12.03207],[-77.06512,-12.03413],[-77.066,-12.03579],[-77.0661,-12.0363],[-77.06523,-12.04503],[-77.06491,-12.04544]],[[-77.05388,-12.01643],[-77.05492,-12.01759],[-77.05675,-12.01602],[-77.05796,-12.0147],[-77.05537,-12.01239],[-77.05657,-12.01107],[-77.05755,-12.00873],[-77.05773,-12.00787]],[[-77.05746,-12.0286],[-77.05771,-12.02817],[-77.0582,-12.02817],[-77.05841,-12.0284],[-77.05845,-12.02868],[-77.05816,-12.02905]],[[-77.05102,-12.04395],[-77.05047,-12.0496]],[[-77.10533,-12.08009],[-77.08503,-12.08935],[-77.08556,-12.09067],[-77.08485,-12.0907],[-77.08443,-12.08989],[-77.08413,-12.08961],[-77.08306,-12.08725],[-77.07658,-12.09058],[-77.07644,-12.09031],[-77.07069,-12.09239],[-77.07004,-12.09068],[-77.07023,-12.09055],[-77.07024,-12.09033],[-77.07007,-12.09017],[-77.06986,-12.09019],[-77.06722,-12.08317],[-77.06544,-12.07893],[-77.06164,-12.07234],[-77.0612,-12.06835],[-77.06066,-12.06796],[-77.0605,-12.06761],[-77.06055,-12.0672],[-77.06088,-12.06673],[-77.05898,-12.06115],[-77.05842,-12.05866],[-77.05798,-12.05761],[-77.05745,-12.05557],[-77.05533,-12.05257],[-77.05374,-12.04913],[-77.05046,-12.0497]],[[-77.07004,-12.09068],[-77.06973,-12.09052],[-77.06986,-12.09019]],[[-77.08178,-12.07887],[-77.08296,-12.08468],[-77.08383,-12.08689],[-77.08503,-12.08935]]]}},{"type":"Feature","properties":{"id":"relation/4652581","nombre":"X-NM42_I","distrito":"Bellavista","tipo":"osm"},"geometry":{"type":"MultiLineString","coordinates":[[[-77.03935,-12.06428],[-77.04123,-12.06068],[-77.04161,-12.06078],[-77.04192,-12.06064],[-77.04209,-12.06037],[-77.04205,-12.06],[-77.04584,-12.05889],[-77.04603,-12.05657],[-77.04516,-12.0565],[-77.04509,-12.0558],[-77.04527,-12.05177],[-77.0462,-12.05169],[-77.05001,-12.05088],[-77.04979,-12.04982],[-77.04918,-12.04996],[-77.04718,-12.04786],[-77.0467,-12.0478],[-77.0471,-12.04356],[-77.05085,-12.04391],[-77.05148,-12.04415],[-77.0523,-12.04425],[-77.06131,-12.04511],[-77.09831,-12.04838]],[[-77.07168,-11.96392],[-77.07238,-11.96281],[-77.07296,-11.95923],[-77.07476,-11.95948],[-77.07602,-11.95927],[-77.08095,-11.95674],[-77.08139,-11.95639]],[[-77.07258,-11.9646],[-77.07158,-11.96386]],[[-77.07684,-12.04736],[-77.07666,-12.04619],[-77.07754,-12.0358],[-77.07815,-12.03495],[-77.07833,-12.03424],[-77.07642,-12.02889],[-77.07452,-12.02412],[-77.07445,-12.02297],[-77.07468,-12.0222],[-77.07923,-12.01349],[-77.07949,-12.0127],[-77.08014,-12.01189],[-77.08166,-12.00883],[-77.08226,-12.00683],[-77.08457,-11.9967],[-77.08423,-11.99624],[-77.08353,-11.99606],[-77.07294,-11.99452],[-77.07205,-11.99412],[-77.07152,-11.99336],[-77.07143,-11.9922],[-77.07227,-11.98649],[-77.072,-11.98457],[-77.07219,-11.98352],[-77.07226,-11.97635],[-77.0725,-11.97094],[-77.07228,-11.96983],[-77.0718,-11.96881],[-77.07099,-11.96781],[-77.07014,-11.96717],[-77.0725,-11.96473]],[[-77.07771,-12.03563],[-77.0779,-12.03579],[-77.07773,-12.03598],[-77.07754,-12.0358],[-77.07771,-12.03563]],[[-77.07771,-12.03563],[-77.07786,-12.0357],[-77.07788,-12.03587],[-77.0776,-12.03593]],[[-77.04581,-12.04344],[-77.04711,-12.04351]],[[-77.01555,-12.06133],[-77.03886,-12.06439]],[[-77.05166,-12.05707],[-77.04603,-12.05657]],[[-77.04123,-12.06068],[-77.04103,-12.06044],[-77.04101,-12.06012],[-77.04116,-12.05985],[-77.04142,-12.05971]]]}},{"type":"Feature","properties":{"id":"relation/4682689","nombre":"X-NM47_I","distrito":"Bellavista","tipo":"osm"},"geometry":{"type":"MultiLineString","coordinates":[[[-77.06229,-11.96176],[-77.06126,-11.96056],[-77.06093,-11.95995],[-77.05981,-11.95589],[-77.05991,-11.95076],[-77.06041,-11.94705],[-77.06036,-11.94604],[-77.06061,-11.94503],[-77.0605,-11.94361],[-77.06022,-11.94244],[-77.05968,-11.94107],[-77.05793,-11.93811],[-77.05256,-11.92826],[-77.05214,-11.92691],[-77.05133,-11.92223],[-77.05054,-11.92013],[-77.03762,-11.89708],[-77.03605,-11.89492],[-77.03114,-11.89906],[-77.0308,-11.89916],[-77.0304,-11.89895],[-77.02904,-11.8941],[-77.02831,-11.89245],[-77.02677,-11.89019],[-77.02602,-11.88936],[-77.02395,-11.8876],[-77.02352,-11.88696],[-77.02334,-11.88592],[-77.02379,-11.8832],[-77.02371,-11.88264],[-77.02344,-11.88201],[-77.02265,-11.88124],[-77.0199,-11.87987],[-77.01783,-11.87772],[-77.01628,-11.87457],[-77.01386,-11.87037],[-77.01142,-11.86686],[-77.01114,-11.86586],[-77.01034,-11.86516],[-77.00916,-11.8646],[-77.00794,-11.86338],[-77.00697,-11.86203],[-77.00631,-11.86044]],[[-77.08442,-11.99595],[-77.08325,-11.9934],[-77.08177,-11.99147],[-77.08121,-11.98939],[-77.07854,-11.98436],[-77.0778,-11.98108],[-77.0768,-11.97813],[-77.07662,-11.97591],[-77.07474,-11.96789],[-77.07389,-11.96603],[-77.07307,-11.96505],[-77.0722,-11.9643],[-77.06982,-11.9629],[-77.06319,-11.96179]],[[-77.0845,-11.9962],[-77.08445,-11.99603]],[[-77.08092,-12.07753],[-77.08082,-12.07707],[-77.08011,-12.07558],[-77.07887,-12.07405],[-77.07847,-12.07335],[-77.07775,-12.06895],[-77.07779,-12.06676],[-77.07799,-12.06513],[-77.07913,-12.05995],[-77.07985,-12.05723],[-77.08015,-12.05667],[-77.08088,-12.05585],[-77.0782,-12.05173],[-77.07807,-12.05127],[-77.07798,-12.04951],[-77.07688,-12.04752],[-77.07666,-12.04647],[-77.0776,-12.03593],[-77.07788,-12.03587],[-77.07786,-12.0357],[-77.07771,-12.03563],[-77.07824,-12.03476],[-77.07832,-12.03413],[-77.07642,-12.02889],[-77.07461,-12.02439],[-77.07442,-12.02325],[-77.07468,-12.0222],[-77.07923,-12.01349],[-77.07953,-12.01263],[-77.08014,-12.01189],[-77.08181,-12.00845],[-77.08448,-11.99738],[-77.08454,-11.99636]],[[-77.0776,-12.03593],[-77.0776,-12.03593]],[[-77.0776,-12.03593],[-77.07755,-12.03576],[-77.07767,-12.03564],[-77.07755,-12.03576],[-77.07759,-12.03592],[-77.07755,-12.03576],[-77.07771,-12.03563],[-77.07786,-12.0357],[-77.07788,-12.03587],[-77.0776,-12.03593],[-77.07788,-12.03587],[-77.07786,-12.0357],[-77.07771,-12.03563]],[[-77.06611,-12.08338],[-77.07923,-12.07863],[-77.07919,-12.07852],[-77.08063,-12.07813],[-77.08085,-12.07797],[-77.08093,-12.07765]]]}},{"type":"Feature","properties":{"id":"relation/4683119","nombre":"X-NM48_I","distrito":"Bellavista","tipo":"osm"},"geometry":{"type":"MultiLineString","coordinates":[[[-77.06986,-12.09019],[-77.06716,-12.08302],[-77.07923,-12.07863],[-77.07919,-12.07852],[-77.08063,-12.07813],[-77.08085,-12.07797],[-77.08093,-12.07765]],[[-77.06688,-12.08217],[-77.06584,-12.08264],[-77.06611,-12.08338],[-77.06716,-12.08302],[-77.06682,-12.0822]],[[-77.08442,-11.99595],[-77.08325,-11.9934],[-77.08177,-11.99147],[-77.08121,-11.98939],[-77.07854,-11.98436],[-77.0778,-11.98108],[-77.0768,-11.97813],[-77.07662,-11.97591],[-77.07474,-11.96789],[-77.07389,-11.96603],[-77.07307,-11.96505],[-77.0722,-11.9643],[-77.06982,-11.9629],[-77.06319,-11.96179]],[[-77.0845,-11.9962],[-77.08445,-11.99603]],[[-77.08092,-12.07753],[-77.08082,-12.07707],[-77.08011,-12.07558],[-77.07887,-12.07405],[-77.07847,-12.07335],[-77.07775,-12.06895],[-77.07779,-12.06676],[-77.07799,-12.06513],[-77.07913,-12.05995],[-77.07985,-12.05723],[-77.08015,-12.05667],[-77.08088,-12.05585],[-77.0782,-12.05173],[-77.07807,-12.05127],[-77.07798,-12.04951],[-77.07688,-12.04752],[-77.07666,-12.04647],[-77.07754,-12.0358],[-77.07824,-12.03476],[-77.07832,-12.03413],[-77.07642,-12.02889],[-77.07461,-12.02439],[-77.07442,-12.02325],[-77.07468,-12.0222],[-77.07923,-12.01349],[-77.07953,-12.01263],[-77.08014,-12.01189],[-77.08181,-12.00845],[-77.08448,-11.99738],[-77.08454,-11.99636]],[[-77.07771,-12.03563],[-77.0779,-12.03579],[-77.07773,-12.03598],[-77.07754,-12.0358],[-77.07771,-12.03563]],[[-77.07771,-12.03563],[-77.07786,-12.0357],[-77.07788,-12.03587],[-77.0776,-12.03593]],[[-77.06229,-11.96176],[-77.06126,-11.96056],[-77.06093,-11.95995],[-77.05981,-11.95589],[-77.05991,-11.95076],[-77.06041,-11.94705],[-77.06036,-11.94604],[-77.06061,-11.94503],[-77.0605,-11.94361],[-77.06022,-11.94244],[-77.05968,-11.94107],[-77.05793,-11.93811],[-77.05256,-11.92826],[-77.05214,-11.92691],[-77.05133,-11.92223],[-77.05081,-11.92069],[-77.03762,-11.89708],[-77.03605,-11.89492],[-77.03114,-11.89906],[-77.0308,-11.89916],[-77.0304,-11.89895],[-77.02904,-11.8941],[-77.02865,-11.89309],[-77.02761,-11.89135],[-77.0266,-11.89],[-77.02784,-11.88913]]]}},{"type":"Feature","properties":{"id":"relation/4734570","nombre":"X-OM21-I","distrito":"Bellavista","tipo":"osm"},"geometry":{"type":"MultiLineString","coordinates":[[[-77.00055,-12.12896],[-76.98753,-12.1279],[-76.98634,-12.12817],[-76.98191,-12.12981],[-76.98375,-12.13468],[-76.98582,-12.14698],[-76.98624,-12.14791],[-76.98417,-12.1492],[-76.98225,-12.15014],[-76.97949,-12.15099],[-76.97337,-12.15359],[-76.96052,-12.15872],[-76.95739,-12.16015],[-76.95681,-12.1607]],[[-76.92531,-12.24701],[-76.92468,-12.24697],[-76.9128,-12.24012],[-76.91234,-12.24001]],[[-76.92772,-12.2289],[-76.9274,-12.22897],[-76.92219,-12.23767],[-76.91911,-12.24123],[-76.91798,-12.24313]],[[-76.92767,-12.22887],[-76.92743,-12.2286],[-76.92743,-12.2284],[-76.92757,-12.2283],[-76.92775,-12.22835],[-76.92796,-12.22866],[-76.92785,-12.22889],[-76.92767,-12.22887]],[[-76.92783,-12.22842],[-76.93261,-12.23122],[-76.93728,-12.2376]],[[-76.95875,-12.15948],[-76.96011,-12.16306],[-76.96253,-12.17375],[-76.96272,-12.17978],[-76.96246,-12.18122],[-76.95605,-12.19219],[-76.93242,-12.23155]],[[-76.96855,-12.16167],[-76.96149,-12.16454],[-76.96043,-12.16478]],[[-76.96564,-12.18014],[-76.96901,-12.16706],[-76.96919,-12.16563],[-76.96917,-12.16461]],[[-76.9783,-12.16691],[-76.97804,-12.16668],[-76.97049,-12.16475],[-76.96918,-12.16469]],[[-76.96289,-12.14026],[-76.96371,-12.14129],[-76.96451,-12.14316],[-76.96506,-12.14403],[-76.96703,-12.14603],[-76.96965,-12.14829],[-76.97043,-12.14918],[-76.97182,-12.15386],[-76.97296,-12.15675],[-76.97326,-12.15801],[-76.97337,-12.15982],[-76.97291,-12.16388]],[[-76.97638,-12.15205],[-76.97662,-12.15258],[-76.97822,-12.15384],[-76.97722,-12.15498],[-76.97296,-12.15675]],[[-76.9785,-12.15403],[-76.97822,-12.15384]],[[-77.00109,-12.12833],[-77.00142,-12.12847],[-77.00158,-12.12887],[-77.00141,-12.12922],[-77.00103,-12.12935],[-77.00063,-12.12913],[-77.00054,-12.12878],[-77.00076,-12.12842],[-77.00109,-12.12833]],[[-77.02925,-12.11934],[-77.02931,-12.11969],[-77.0324,-12.12383],[-77.03162,-12.12415],[-77.02949,-12.12454],[-77.00218,-12.12882],[-77.00154,-12.12904]],[[-77.02926,-12.1192],[-77.02914,-12.11949],[-77.02892,-12.11939],[-77.02893,-12.11901],[-77.02918,-12.11903]],[[-77.03745,-12.0649],[-77.03362,-12.09084],[-77.03421,-12.09232],[-77.03448,-12.09236],[-77.03446,-12.09249],[-77.03359,-12.09237],[-77.0334,-12.09253],[-77.03241,-12.09918],[-77.02921,-12.118],[-77.02916,-12.119]],[[-77.03363,-12.09095],[-77.03347,-12.09209],[-77.03362,-12.09225]],[[-77.03902,-12.06484],[-77.03632,-12.0644]],[[-77.03935,-12.06447],[-77.03943,-12.06478],[-77.03907,-12.06488],[-77.03898,-12.06455],[-77.03914,-12.06443],[-77.03935,-12.06447],[-77.03947,-12.06431],[-77.04143,-12.06077],[-77.04111,-12.06057],[-77.041,-12.0602],[-77.04111,-12.05991],[-77.04142,-12.05971]],[[-77.0742,-12.03195],[-77.06829,-12.03189],[-77.06493,-12.03227],[-77.0652,-12.03412],[-77.06603,-12.03563],[-77.06617,-12.03609],[-77.06603,-12.03852],[-77.06493,-12.04865],[-77.05945,-12.0481],[-77.05947,-12.04868],[-77.06182,-12.05446],[-77.06187,-12.05501],[-77.06159,-12.05657],[-77.05769,-12.0558],[-77.05665,-12.05577],[-77.04221,-12.06009],[-77.0421,-12.06014],[-77.04192,-12.06064],[-77.04143,-12.06077]],[[-77.04205,-12.06],[-77.0421,-12.06014]],[[-77.0649,-12.03206],[-77.06493,-12.03227]],[[-77.07603,-11.95938],[-77.07625,-11.96079],[-77.07658,-11.96165],[-77.08325,-11.97654],[-77.0849,-11.97614],[-77.08566,-11.9758],[-77.08725,-11.97435],[-77.08753,-11.97339],[-77.08786,-11.97326],[-77.08814,-11.97334],[-77.08847,-11.97395],[-77.08916,-11.97458],[-77.09185,-11.97686],[-77.10605,-11.98951],[-77.11034,-11.99411],[-77.10944,-11.99499],[-77.10882,-11.99616],[-77.09845,-12.01686],[-77.09987,-12.01839],[-77.1015,-12.01958],[-77.097,-12.02862],[-77.09651,-12.02933],[-77.09576,-12.02983],[-77.09488,-12.03002],[-77.07988,-12.03169],[-77.07521,-12.03198]]]}},{"type":"Feature","properties":{"id":"relation/4734719","nombre":"X-OM17-I","distrito":"Bellavista","tipo":"osm"},"geometry":{"type":"MultiLineString","coordinates":[[[-77.01315,-12.0545],[-77.01283,-12.04948],[-77.01229,-12.04451],[-77.01178,-12.04413],[-77.00935,-12.04322],[-77.00473,-12.04173],[-77.0058,-12.03783],[-77.00693,-12.0365],[-77.00688,-12.03638],[-77.00618,-12.03589],[-76.99858,-12.03276],[-76.99971,-12.03014],[-76.99977,-12.02828],[-77.00039,-12.02538],[-76.99617,-12.02448],[-76.98943,-12.02427],[-76.98613,-12.02387],[-76.98612,-12.02113],[-76.9851,-12.02041],[-76.98475,-12.01998],[-76.98184,-12.01427],[-76.97953,-12.01195],[-76.97921,-12.01084],[-76.97937,-12.01017],[-76.98013,-12.00981],[-76.98104,-12.00997],[-76.98266,-12.01135],[-76.98389,-12.01182],[-76.98558,-12.01289],[-76.98606,-12.01338],[-76.9867,-12.01447],[-76.98892,-12.01601],[-76.98959,-12.01669],[-76.98995,-12.01728],[-76.99006,-12.01781]],[[-77.02907,-12.06452],[-77.01536,-12.06275],[-77.01555,-12.06133],[-77.01659,-12.05884],[-77.01713,-12.05826],[-77.01742,-12.05753],[-77.01652,-12.0574],[-77.01462,-12.05666],[-77.01312,-12.05482]],[[-77.03632,-12.06431],[-77.03613,-12.06411],[-77.0324,-12.06361],[-77.03223,-12.06376],[-77.03207,-12.06491],[-77.0292,-12.06454]],[[-77.03902,-12.06484],[-77.03632,-12.0644]],[[-77.03945,-12.06473],[-77.03935,-12.06487],[-77.03912,-12.0649],[-77.03896,-12.06461],[-77.03924,-12.06442],[-77.03939,-12.06451],[-77.03945,-12.06473],[-77.03988,-12.06458],[-77.0442,-12.06516],[-77.0443,-12.06576],[-77.04785,-12.07003],[-77.05124,-12.06733],[-77.04958,-12.06537],[-77.05152,-12.06376],[-77.0472,-12.05858],[-77.05684,-12.05575],[-77.05769,-12.0558],[-77.06869,-12.05795],[-77.0826,-12.06107]],[[-77.0442,-12.06516],[-77.04418,-12.06506]],[[-77.04785,-12.07003],[-77.04704,-12.06906]],[[-77.08266,-12.06163],[-77.08171,-12.06647],[-77.08171,-12.06777],[-77.08198,-12.0693],[-77.08382,-12.07464],[-77.08595,-12.07415],[-77.08715,-12.07373],[-77.08689,-12.07309],[-77.08693,-12.07295],[-77.09165,-12.07073],[-77.09205,-12.07413],[-77.09233,-12.07514],[-77.09647,-12.08412],[-77.10448,-12.08054],[-77.10788,-12.07866]]]}},{"type":"Feature","properties":{"id":"relation/4744255","nombre":"X-OM24-I","distrito":"Bellavista","tipo":"osm"},"geometry":{"type":"MultiLineString","coordinates":[[[-76.92547,-12.08494],[-76.91922,-12.08526],[-76.91567,-12.08596],[-76.90504,-12.08617],[-76.89866,-12.08602],[-76.89141,-12.08624],[-76.89053,-12.08619],[-76.88701,-12.08516],[-76.88547,-12.08548],[-76.8816,-12.08504],[-76.8784,-12.08432],[-76.87761,-12.08429]],[[-77.16338,-12.07433],[-77.16378,-12.07451],[-77.16463,-12.0743],[-77.165,-12.07384],[-77.15792,-12.06817],[-77.15669,-12.06729],[-77.15576,-12.06683],[-77.15035,-12.06564],[-77.13186,-12.06074],[-77.12716,-12.05971],[-77.12182,-12.06359],[-77.11994,-12.06511],[-77.11966,-12.06479],[-77.11908,-12.06488],[-77.11882,-12.06514],[-77.11876,-12.06541],[-77.11906,-12.06583],[-77.11745,-12.06699],[-77.11542,-12.06794],[-77.1036,-12.07256],[-77.09327,-12.07756],[-77.09089,-12.07806],[-77.08185,-12.07828],[-77.08013,-12.07854],[-77.06555,-12.08378],[-77.06475,-12.08435],[-77.06446,-12.08531],[-77.06422,-12.08567],[-77.06295,-12.0867],[-77.05076,-12.09478],[-77.01109,-12.08921],[-77.00844,-12.08898],[-76.98974,-12.08635],[-76.98729,-12.08587],[-76.98512,-12.08516],[-76.98147,-12.085],[-76.97059,-12.08363],[-76.96991,-12.08375],[-76.96964,-12.08355],[-76.96931,-12.08291],[-76.96749,-12.08174],[-76.96692,-12.08117],[-76.96486,-12.07807],[-76.96364,-12.07567],[-76.96285,-12.07479],[-76.96214,-12.07424],[-76.95535,-12.07104],[-76.9542,-12.0708],[-76.94682,-12.06845],[-76.94097,-12.06537],[-76.94032,-12.06525],[-76.93953,-12.06558],[-76.93902,-12.0663],[-76.93754,-12.07111],[-76.93727,-12.07144],[-76.93664,-12.07355],[-76.93566,-12.07524],[-76.93563,-12.07559],[-76.9347,-12.07608],[-76.93367,-12.07699],[-76.93302,-12.07739],[-76.93066,-12.0782],[-76.93014,-12.07856],[-76.92863,-12.08132],[-76.92756,-12.08388],[-76.92705,-12.08471],[-76.92609,-12.08505],[-76.9184,-12.0854]],[[-76.92828,-12.08183],[-76.93016,-12.07842],[-76.9305,-12.07818],[-76.93274,-12.07743],[-76.93421,-12.07643]],[[-76.96957,-12.08334],[-76.96973,-12.08298],[-76.97016,-12.0829],[-76.97045,-12.0832],[-76.97033,-12.08364]],[[-77.11994,-12.06511],[-77.11975,-12.06561],[-77.11939,-12.06582],[-77.11906,-12.06583]],[[-77.11673,-12.05754],[-77.11544,-12.05728]],[[-77.12716,-12.05971],[-77.11937,-12.05813]],[[-77.14868,-12.05971],[-77.14782,-12.06126],[-77.14699,-12.06182],[-77.1466,-12.06463]],[[-77.15792,-12.06817],[-77.15772,-12.06778],[-77.15795,-12.06743],[-77.15788,-12.06732],[-77.15458,-12.06523],[-77.15131,-12.06384],[-77.15113,-12.06348],[-77.15124,-12.06221],[-77.15112,-12.06189],[-77.14865,-12.05975]]]}},{"type":"Feature","properties":{"id":"relation/4744316","nombre":"X-OM25-I","distrito":"Bellavista","tipo":"osm"},"geometry":{"type":"MultiLineString","coordinates":[[[-77.13186,-12.06074],[-77.13357,-12.06119],[-77.12745,-12.06335]],[[-77.15792,-12.06817],[-77.15669,-12.06729],[-77.15568,-12.06681],[-77.15035,-12.06564],[-77.13357,-12.06119]],[[-77.1063,-12.02136],[-77.10656,-12.02158],[-77.10642,-12.02209],[-77.1056,-12.02312],[-77.10525,-12.02382],[-77.10516,-12.02446],[-77.10342,-12.02752],[-77.10307,-12.02789],[-77.09976,-12.03446],[-77.09946,-12.03547],[-77.09933,-12.03924],[-77.09905,-12.04181],[-77.09916,-12.04246],[-77.09902,-12.04432],[-77.09913,-12.04475],[-77.09882,-12.04525],[-77.1041,-12.04544],[-77.10704,-12.04571],[-77.10721,-12.04554],[-77.10747,-12.04351],[-77.10925,-12.04374],[-77.10939,-12.04423],[-77.11557,-12.04262],[-77.12134,-12.04192],[-77.12575,-12.04029],[-77.12681,-12.04217],[-77.12603,-12.05012],[-77.12615,-12.05053],[-77.12587,-12.05047],[-77.12562,-12.05061],[-77.1256,-12.05106],[-77.12589,-12.05123],[-77.12623,-12.05109],[-77.12589,-12.05123],[-77.12557,-12.051],[-77.12562,-12.05061],[-77.12596,-12.05046],[-77.12631,-12.0507],[-77.12623,-12.05109],[-77.12631,-12.0507],[-77.12665,-12.05086],[-77.12755,-12.05095],[-77.13306,-12.05143],[-77.13377,-12.05135],[-77.13372,-12.05172],[-77.13405,-12.05198],[-77.13441,-12.05188],[-77.13453,-12.05149],[-77.13889,-12.05173],[-77.13854,-12.05193],[-77.13841,-12.05236],[-77.1386,-12.05271],[-77.13887,-12.05285],[-77.13946,-12.0528],[-77.1397,-12.05259],[-77.13978,-12.05233],[-77.13997,-12.05281],[-77.14227,-12.05563],[-77.14249,-12.05623],[-77.14296,-12.05927],[-77.14308,-12.06087],[-77.14266,-12.06358]],[[-77.13889,-12.05173],[-77.13949,-12.05181],[-77.13978,-12.05233]],[[-77.13377,-12.05135],[-77.13417,-12.05118],[-77.13453,-12.05149]],[[-77.12615,-12.05053],[-77.12631,-12.0507]],[[-77.10721,-12.04554],[-77.10736,-12.04565],[-77.10716,-12.04568]],[[-77.07492,-12.06273],[-77.07554,-12.05954]],[[-77.07502,-12.06274],[-77.07486,-12.06341],[-77.07816,-12.0642]],[[-77.12685,-12.06359],[-77.12136,-12.06577],[-77.12001,-12.06553],[-77.11914,-12.06584],[-77.11853,-12.06527],[-77.10711,-12.06331],[-77.10444,-12.0633],[-77.10124,-12.063],[-77.08506,-12.06122],[-77.08403,-12.06124],[-77.07967,-12.0606],[-77.07938,-12.06072],[-77.0791,-12.0611],[-77.07832,-12.06426]],[[-77.11876,-12.06541],[-77.11882,-12.06514],[-77.11908,-12.06488],[-77.11966,-12.06479],[-77.11995,-12.06517],[-77.11975,-12.06561]],[[-77.09875,-12.04517],[-77.09939,-12.04525]],[[-77.09882,-12.04525],[-77.09847,-12.04822],[-77.09836,-12.05133],[-77.09809,-12.0534]],[[-77.08478,-11.99656],[-77.08475,-11.99718],[-77.08256,-12.00655],[-77.08391,-12.00684],[-77.08517,-12.00746],[-77.09027,-12.0116],[-77.09246,-12.01208],[-77.09448,-12.01302],[-77.0959,-12.01411],[-77.09987,-12.01839],[-77.10049,-12.0189],[-77.10219,-12.01995],[-77.1055,-12.02155],[-77.10578,-12.02164],[-77.10605,-12.02153]],[[-77.13318,-11.83022],[-77.13167,-11.8289]],[[-77.13161,-11.82882],[-77.12625,-11.82429],[-77.12504,-11.82341]],[[-77.12502,-11.82255],[-77.12498,-11.82347]],[[-77.12454,-11.8231],[-77.11941,-11.82885],[-77.07486,-11.86456],[-77.07393,-11.86562],[-77.06994,-11.87159],[-77.06942,-11.87283],[-77.06917,-11.87552],[-77.06771,-11.90152],[-77.06775,-11.90282],[-77.06804,-11.90372],[-77.06953,-11.9069],[-77.0736,-11.91302],[-77.07388,-11.91381],[-77.07395,-11.91483],[-77.07099,-11.94609],[-77.06785,-11.96638],[-77.06948,-11.96671],[-77.07022,-11.96706],[-77.07101,-11.96762],[-77.07208,-11.96895],[-77.07259,-11.97051],[-77.07236,-11.98372],[-77.07213,-11.98454],[-77.07247,-11.98645],[-77.07159,-11.9923],[-77.07159,-11.99299],[-77.07173,-11.99342],[-77.07215,-11.99397],[-77.07302,-11.99438],[-77.08445,-11.99603],[-77.0847,-11.99607],[-77.08477,-11.99639]],[[-77.12895,-11.82645],[-77.13384,-11.82088]]]}},{"type":"Feature","properties":{"id":"relation/4744357","nombre":"X-OM28-I","distrito":"Bellavista","tipo":"osm"},"geometry":{"type":"MultiLineString","coordinates":[[[-76.92293,-12.08009],[-76.91701,-12.07729],[-76.91639,-12.07891],[-76.91584,-12.07871],[-76.91434,-12.08264],[-76.91334,-12.0831],[-76.91293,-12.0835],[-76.91266,-12.08404],[-76.90046,-12.08306],[-76.90021,-12.08605],[-76.89084,-12.08622],[-76.88701,-12.08516],[-76.88576,-12.08547],[-76.88437,-12.08538],[-76.8816,-12.08504],[-76.878,-12.08426],[-76.87722,-12.0844],[-76.87586,-12.08498],[-76.86944,-12.08573],[-76.86824,-12.08628]],[[-76.92311,-12.08013],[-76.92353,-12.08034],[-76.92514,-12.08054],[-76.92742,-12.08171],[-76.92823,-12.08197]],[[-77.16427,-12.07324],[-77.15792,-12.06817],[-77.15669,-12.06729],[-77.15576,-12.06683],[-77.15035,-12.06564],[-77.13186,-12.06074],[-77.12716,-12.05971],[-77.12182,-12.06359],[-77.11994,-12.06511],[-77.11966,-12.06479],[-77.11908,-12.06488],[-77.11882,-12.06514],[-77.11876,-12.06541],[-77.11906,-12.06583],[-77.11745,-12.06699],[-77.11542,-12.06794],[-77.1036,-12.07256],[-77.09327,-12.07756],[-77.09089,-12.07806],[-77.08185,-12.07828],[-77.08013,-12.07854],[-77.06555,-12.08378],[-77.06475,-12.08435],[-77.06446,-12.08531],[-77.06422,-12.08567],[-77.06295,-12.0867],[-77.05076,-12.09478],[-77.02169,-12.09079],[-77.01109,-12.08921],[-77.00844,-12.08898],[-76.98974,-12.08635],[-76.98729,-12.08587],[-76.98512,-12.08516],[-76.98147,-12.085],[-76.97059,-12.08363],[-76.96991,-12.08375],[-76.96964,-12.08355],[-76.96931,-12.08291],[-76.96749,-12.08174],[-76.96692,-12.08117],[-76.96486,-12.07807],[-76.96364,-12.07567],[-76.96285,-12.07479],[-76.96214,-12.07424],[-76.95535,-12.07104],[-76.9542,-12.0708],[-76.94682,-12.06845],[-76.94056,-12.06525],[-76.9401,-12.06528],[-76.93964,-12.06549],[-76.93902,-12.0663],[-76.93754,-12.07111],[-76.93727,-12.07144],[-76.93664,-12.07355],[-76.93566,-12.07524],[-76.93563,-12.07559],[-76.9347,-12.07608],[-76.93367,-12.07699],[-76.93302,-12.07739],[-76.93027,-12.07843],[-76.92992,-12.07889],[-76.92833,-12.08201]],[[-76.92828,-12.08183],[-76.93016,-12.07842],[-76.9305,-12.07818],[-76.93274,-12.07743],[-76.93421,-12.07643]],[[-76.96957,-12.08334],[-76.96973,-12.08298],[-76.97016,-12.0829],[-76.97045,-12.0832],[-76.97033,-12.08364]],[[-77.11994,-12.06511],[-77.11975,-12.06561],[-77.11939,-12.06582],[-77.11906,-12.06583]],[[-77.11673,-12.05754],[-77.11544,-12.05728]],[[-77.12716,-12.05971],[-77.11937,-12.05813]],[[-77.14868,-12.05971],[-77.14782,-12.06126],[-77.14699,-12.06182],[-77.1466,-12.06463]],[[-77.15792,-12.06817],[-77.15772,-12.06778],[-77.15795,-12.06743],[-77.15788,-12.06732],[-77.15458,-12.06523],[-77.15131,-12.06384],[-77.15113,-12.06348],[-77.15124,-12.06221],[-77.15112,-12.06189],[-77.14865,-12.05975]]]}},{"type":"Feature","properties":{"id":"relation/4749934","nombre":"X-OM36-I","distrito":"Bellavista","tipo":"osm"},"geometry":{"type":"MultiLineString","coordinates":[[[-77.00055,-12.12896],[-76.98753,-12.1279],[-76.98634,-12.12817],[-76.98191,-12.12981],[-76.98375,-12.13468],[-76.98582,-12.14698],[-76.98624,-12.14791],[-76.98417,-12.1492],[-76.98225,-12.15014],[-76.97949,-12.15099],[-76.97337,-12.15359],[-76.96052,-12.15872],[-76.95739,-12.16015],[-76.95681,-12.1607]],[[-76.94018,-12.19845],[-76.93728,-12.20329]],[[-76.9527,-12.20576],[-76.94425,-12.20088]],[[-76.95875,-12.15948],[-76.96011,-12.16306],[-76.96253,-12.17375],[-76.96272,-12.17978],[-76.96246,-12.18122],[-76.95605,-12.19219],[-76.93242,-12.23155]],[[-76.96855,-12.16167],[-76.96149,-12.16454],[-76.96043,-12.16478]],[[-76.96564,-12.18014],[-76.96901,-12.16706],[-76.96919,-12.16563],[-76.96917,-12.16461]],[[-76.9783,-12.16691],[-76.97804,-12.16668],[-76.97049,-12.16475],[-76.96918,-12.16469]],[[-76.96289,-12.14026],[-76.96371,-12.14129],[-76.96451,-12.14316],[-76.96506,-12.14403],[-76.96703,-12.14603],[-76.96965,-12.14829],[-76.97043,-12.14918],[-76.97182,-12.15386],[-76.97296,-12.15675],[-76.97326,-12.15801],[-76.97337,-12.15982],[-76.97291,-12.16388]],[[-76.97638,-12.15205],[-76.97662,-12.15258],[-76.97822,-12.15384],[-76.97722,-12.15498],[-76.97296,-12.15675]],[[-76.9785,-12.15403],[-76.97822,-12.15384]],[[-77.00109,-12.12833],[-77.00142,-12.12847],[-77.00158,-12.12887],[-77.00141,-12.12922],[-77.00103,-12.12935],[-77.00063,-12.12913],[-77.00054,-12.12878],[-77.00076,-12.12842],[-77.00109,-12.12833]],[[-77.02925,-12.11934],[-77.02931,-12.11969],[-77.0324,-12.12383],[-77.03162,-12.12415],[-77.02949,-12.12454],[-77.00218,-12.12882],[-77.00154,-12.12904]],[[-77.03696,-12.11072],[-77.03706,-12.11909],[-77.02939,-12.11918],[-77.02904,-12.1195],[-77.02889,-12.11934],[-77.0289,-12.11907],[-77.02903,-12.11896],[-77.02918,-12.11903]],[[-77.10651,-12.07141],[-77.1027,-12.07298],[-77.09301,-12.07764],[-77.09089,-12.07806],[-77.08185,-12.07828],[-77.08066,-12.07842],[-77.07805,-12.07923],[-77.06579,-12.08368],[-77.06487,-12.0842],[-77.06432,-12.08555],[-77.06295,-12.0867],[-77.05076,-12.09478],[-77.03446,-12.09249],[-77.03441,-12.09283],[-77.03568,-12.09632],[-77.03695,-12.09865],[-77.03757,-12.09938],[-77.03779,-12.09986],[-77.03847,-12.10204],[-77.03909,-12.10566],[-77.03954,-12.10723],[-77.03938,-12.10779],[-77.03721,-12.11001],[-77.03734,-12.11024],[-77.03726,-12.11056],[-77.03696,-12.11072],[-77.03661,-12.11058],[-77.0365,-12.11031],[-77.03664,-12.11001],[-77.03693,-12.10989],[-77.03721,-12.11001]],[[-77.13901,-12.05286],[-77.13791,-12.05302],[-77.12767,-12.05927],[-77.1166,-12.0674],[-77.10943,-12.07029]],[[-77.13889,-12.05173],[-77.13933,-12.05175],[-77.13971,-12.05205],[-77.13976,-12.05243],[-77.13946,-12.0528],[-77.13887,-12.05285],[-77.13846,-12.05253],[-77.1385,-12.05198],[-77.13889,-12.05173],[-77.13453,-12.05149],[-77.13447,-12.05179],[-77.13412,-12.05199],[-77.13385,-12.0519],[-77.1337,-12.05162],[-77.13389,-12.05124],[-77.13437,-12.05125],[-77.13453,-12.05149],[-77.13437,-12.05125],[-77.1341,-12.05117],[-77.13383,-12.05129],[-77.1337,-12.05153],[-77.13385,-12.0519],[-77.13422,-12.05198],[-77.13447,-12.05179],[-77.13453,-12.05149]]]}},{"type":"Feature","properties":{"id":"relation/4750010","nombre":"X-OM37-I","distrito":"Bellavista","tipo":"osm"},"geometry":{"type":"MultiLineString","coordinates":[[[-77.00055,-12.12896],[-76.98753,-12.1279],[-76.98634,-12.12817],[-76.98191,-12.12981],[-76.98375,-12.13468],[-76.98582,-12.14698],[-76.98624,-12.14791],[-76.98417,-12.1492],[-76.98225,-12.15014],[-76.97949,-12.15099],[-76.97337,-12.15359],[-76.96052,-12.15872],[-76.95739,-12.16015],[-76.95681,-12.1607]],[[-76.92783,-12.22842],[-76.93261,-12.23122],[-76.93728,-12.2376]],[[-76.92531,-12.24701],[-76.92468,-12.24697],[-76.9128,-12.24012],[-76.91234,-12.24001]],[[-76.9274,-12.2179],[-76.91841,-12.23298],[-76.91824,-12.23311],[-76.91808,-12.2329],[-76.91786,-12.23298],[-76.91789,-12.23325],[-76.91816,-12.23326],[-76.91808,-12.23352],[-76.91381,-12.24071]],[[-76.91824,-12.23311],[-76.91816,-12.23326]],[[-76.92772,-12.2289],[-76.9274,-12.22897],[-76.92315,-12.2361],[-76.91818,-12.23324]],[[-76.93129,-12.24299],[-76.92821,-12.23905],[-76.92315,-12.2361],[-76.92191,-12.23804],[-76.91911,-12.24123],[-76.91798,-12.24313]],[[-76.92767,-12.22887],[-76.92743,-12.2286],[-76.92743,-12.2284],[-76.92757,-12.2283],[-76.92775,-12.22835],[-76.92796,-12.22866],[-76.92785,-12.22889],[-76.92767,-12.22887]],[[-76.92988,-12.23005],[-76.95284,-12.19187]],[[-76.9527,-12.20576],[-76.94425,-12.20088]],[[-76.95875,-12.15948],[-76.96011,-12.16306],[-76.96253,-12.17375],[-76.96272,-12.17978],[-76.96246,-12.18122],[-76.95605,-12.19219],[-76.93242,-12.23155]],[[-76.96855,-12.16167],[-76.96149,-12.16454],[-76.96043,-12.16478]],[[-76.96564,-12.18014],[-76.96901,-12.16706],[-76.96919,-12.16563],[-76.96917,-12.16461]],[[-76.9783,-12.16691],[-76.97804,-12.16668],[-76.97049,-12.16475],[-76.96918,-12.16469]],[[-76.96289,-12.14026],[-76.96371,-12.14129],[-76.96451,-12.14316],[-76.96506,-12.14403],[-76.96703,-12.14603],[-76.96965,-12.14829],[-76.97043,-12.14918],[-76.97182,-12.15386],[-76.97296,-12.15675],[-76.97326,-12.15801],[-76.97337,-12.15982],[-76.97291,-12.16388]],[[-76.97638,-12.15205],[-76.97662,-12.15258],[-76.97822,-12.15384],[-76.97722,-12.15498],[-76.97296,-12.15675]],[[-76.9785,-12.15403],[-76.97822,-12.15384]],[[-77.00109,-12.12833],[-77.00142,-12.12847],[-77.00158,-12.12887],[-77.00141,-12.12922],[-77.00103,-12.12935],[-77.00063,-12.12913],[-77.00054,-12.12878],[-77.00076,-12.12842],[-77.00109,-12.12833]],[[-77.02925,-12.11934],[-77.02931,-12.11969],[-77.0324,-12.12383],[-77.03162,-12.12415],[-77.02949,-12.12454],[-77.00218,-12.12882],[-77.00154,-12.12904]],[[-77.03696,-12.11072],[-77.03706,-12.11909],[-77.02939,-12.11918],[-77.02904,-12.1195],[-77.02889,-12.11934],[-77.0289,-12.11907],[-77.02903,-12.11896],[-77.02918,-12.11903]],[[-77.10651,-12.07141],[-77.1027,-12.07298],[-77.09301,-12.07764],[-77.09089,-12.07806],[-77.08185,-12.07828],[-77.08066,-12.07842],[-77.07805,-12.07923],[-77.06579,-12.08368],[-77.06487,-12.0842],[-77.06432,-12.08555],[-77.06295,-12.0867],[-77.05076,-12.09478],[-77.03446,-12.09249],[-77.03441,-12.09283],[-77.03568,-12.09632],[-77.03695,-12.09865],[-77.03757,-12.09938],[-77.03779,-12.09986],[-77.03847,-12.10204],[-77.03909,-12.10566],[-77.03954,-12.10723],[-77.03938,-12.10779],[-77.03721,-12.11001],[-77.03734,-12.11024],[-77.03726,-12.11056],[-77.03696,-12.11072],[-77.03661,-12.11058],[-77.0365,-12.11031],[-77.03664,-12.11001],[-77.03693,-12.10989],[-77.03721,-12.11001]],[[-77.13901,-12.05286],[-77.13791,-12.05302],[-77.12767,-12.05927],[-77.1166,-12.0674],[-77.10943,-12.07029]],[[-77.13845,-12.05213],[-77.1388,-12.05175],[-77.13933,-12.05175],[-77.13971,-12.05205],[-77.13976,-12.05243],[-77.13946,-12.0528],[-77.13887,-12.05285],[-77.1385,-12.0526],[-77.13845,-12.05213]]]}},{"type":"Feature","properties":{"id":"relation/4750157","nombre":"X-OM39-I","distrito":"Bellavista","tipo":"osm"},"geometry":{"type":"MultiLineString","coordinates":[[[-77.06172,-12.00409],[-77.06158,-12.00436],[-77.06169,-12.00461],[-77.06193,-12.00472],[-77.0622,-12.00462],[-77.06231,-12.00438],[-77.06223,-12.00413],[-77.06198,-12.00401],[-77.06172,-12.00409],[-77.0637,-11.99141],[-77.06358,-11.99052],[-77.06348,-11.99019],[-77.0632,-11.98998],[-77.05703,-11.98905],[-77.05686,-11.98881],[-77.05818,-11.98309],[-77.05947,-11.97838],[-77.0595,-11.97705],[-77.05921,-11.97612],[-77.05797,-11.97399],[-77.0576,-11.97302],[-77.05742,-11.9718],[-77.0575,-11.96916],[-77.05739,-11.96869],[-77.05573,-11.96577],[-77.051,-11.95182],[-77.05072,-11.95141],[-77.04955,-11.95035],[-77.04928,-11.94986],[-77.04933,-11.94895],[-77.05048,-11.94426],[-77.05028,-11.94103]],[[-77.10572,-12.02219],[-77.10571,-12.02195],[-77.10541,-12.02171],[-77.1014,-12.01979],[-77.10049,-12.01913],[-77.09943,-12.0182],[-77.09595,-12.01448],[-77.09484,-12.0135],[-77.09286,-12.01244],[-77.08999,-12.0117],[-77.08548,-12.0079],[-77.08411,-12.00708],[-77.08263,-12.00671],[-77.07673,-12.00639],[-77.07443,-12.00642],[-77.06222,-12.0046]],[[-77.08766,-12.00974],[-77.08754,-12.00964]],[[-77.10117,-12.05414],[-77.09757,-12.05353],[-77.0972,-12.05354],[-77.09709,-12.05373],[-77.09745,-12.05411],[-77.09776,-12.05401],[-77.09792,-12.05372],[-77.09818,-12.05187],[-77.09851,-12.04606],[-77.09865,-12.04527],[-77.09894,-12.04501],[-77.09903,-12.04475],[-77.09892,-12.0442],[-77.09905,-12.04252],[-77.09892,-12.04196],[-77.09918,-12.03907],[-77.09932,-12.03562],[-77.10006,-12.03339],[-77.10044,-12.03297],[-77.10303,-12.02776],[-77.1033,-12.02745],[-77.10508,-12.02427],[-77.1057,-12.02227]],[[-77.12805,-12.0591],[-77.12024,-12.05816],[-77.10186,-12.05427]],[[-77.12802,-12.0622],[-77.12703,-12.05952],[-77.12802,-12.0622]],[[-77.16427,-12.07324],[-77.15792,-12.06817],[-77.15669,-12.06729],[-77.15568,-12.06681],[-77.15035,-12.06564],[-77.13168,-12.0607],[-77.11563,-12.05731],[-77.1151,-12.05737]],[[-77.14868,-12.05971],[-77.14782,-12.06126],[-77.14699,-12.06182],[-77.1466,-12.06463]],[[-77.15792,-12.06817],[-77.15772,-12.06778],[-77.15795,-12.06743],[-77.15788,-12.06732],[-77.15458,-12.06523],[-77.15131,-12.06384],[-77.15113,-12.06348],[-77.15124,-12.06221],[-77.15112,-12.06189],[-77.14865,-12.05975]]]}},{"type":"Feature","properties":{"id":"relation/4750293","nombre":"X-OM57-I","distrito":"Bellavista","tipo":"osm"},"geometry":{"type":"MultiLineString","coordinates":[[[-76.87154,-12.13342],[-76.87169,-12.12864],[-76.87211,-12.12466]],[[-76.92547,-12.08494],[-76.91922,-12.08526],[-76.91567,-12.08596],[-76.90504,-12.08617],[-76.89866,-12.08602],[-76.89141,-12.08624],[-76.89053,-12.08619],[-76.88701,-12.08516],[-76.88547,-12.08548],[-76.8816,-12.08504],[-76.8784,-12.08432],[-76.87761,-12.08429],[-76.87781,-12.08493],[-76.87806,-12.08513],[-76.8791,-12.08519],[-76.87968,-12.08544],[-76.88092,-12.08549],[-76.88143,-12.08588],[-76.88213,-12.08606],[-76.88251,-12.08672],[-76.88356,-12.08724],[-76.8837,-12.08757],[-76.88171,-12.09017],[-76.88112,-12.09573],[-76.88092,-12.09671],[-76.876,-12.10507],[-76.87336,-12.11488],[-76.87253,-12.1235],[-76.87231,-12.12469]],[[-76.87186,-12.11602],[-76.87202,-12.11463],[-76.87481,-12.10476],[-76.87717,-12.10065]],[[-76.8757,-12.10637],[-76.87355,-12.10578],[-76.87343,-12.10565]],[[-76.87549,-12.09877],[-76.87602,-12.09954],[-76.87607,-12.10033],[-76.87389,-12.10418],[-76.87273,-12.10779],[-76.87228,-12.10984],[-76.87032,-12.11692],[-76.87035,-12.11762],[-76.87103,-12.12029],[-76.87088,-12.1231]],[[-76.87816,-12.1011],[-76.87668,-12.10042]],[[-76.87758,-12.0842],[-76.87761,-12.08429]],[[-77.16427,-12.07324],[-77.15792,-12.06817],[-77.15669,-12.06729],[-77.15576,-12.06683],[-77.15035,-12.06564],[-77.13186,-12.06074],[-77.12716,-12.05971],[-77.1166,-12.0674],[-77.1036,-12.07256],[-77.09327,-12.07756],[-77.09089,-12.07806],[-77.08185,-12.07828],[-77.08013,-12.07854],[-77.06555,-12.08378],[-77.06475,-12.08435],[-77.06446,-12.08531],[-77.06422,-12.08567],[-77.06295,-12.0867],[-77.05076,-12.09478],[-77.02169,-12.09079],[-77.01109,-12.08921],[-77.00844,-12.08898],[-76.98974,-12.08635],[-76.98729,-12.08587],[-76.98512,-12.08516],[-76.98147,-12.085],[-76.97059,-12.08363],[-76.96991,-12.08375],[-76.96964,-12.08355],[-76.96931,-12.08291],[-76.96749,-12.08174],[-76.96692,-12.08117],[-76.96486,-12.07807],[-76.96364,-12.07567],[-76.96285,-12.07479],[-76.96214,-12.07424],[-76.95535,-12.07104],[-76.9542,-12.0708],[-76.94682,-12.06845],[-76.94097,-12.06537],[-76.94032,-12.06525],[-76.93953,-12.06558],[-76.93902,-12.0663],[-76.93754,-12.07111],[-76.93727,-12.07144],[-76.93664,-12.07355],[-76.93566,-12.07524],[-76.93563,-12.07559],[-76.9347,-12.07608],[-76.93367,-12.07699],[-76.93302,-12.07739],[-76.93066,-12.0782],[-76.93014,-12.07856],[-76.92863,-12.08132],[-76.92756,-12.08388],[-76.92705,-12.08471],[-76.92609,-12.08505],[-76.9184,-12.0854]],[[-76.92828,-12.08183],[-76.93016,-12.07842],[-76.9305,-12.07818],[-76.93274,-12.07743],[-76.93421,-12.07643]],[[-76.96957,-12.08334],[-76.96973,-12.08298],[-76.97016,-12.0829],[-76.97045,-12.0832],[-76.97033,-12.08364]],[[-77.06171,-12.08748],[-77.05782,-12.0901]],[[-77.11673,-12.05754],[-77.11544,-12.05728]],[[-77.12716,-12.05971],[-77.11937,-12.05813]],[[-77.14868,-12.05971],[-77.14782,-12.06126],[-77.14699,-12.06182],[-77.1466,-12.06463]],[[-77.15792,-12.06817],[-77.15772,-12.06778],[-77.15795,-12.06743],[-77.15788,-12.06732],[-77.15458,-12.06523],[-77.15131,-12.06384],[-77.15113,-12.06348],[-77.15124,-12.06221],[-77.15112,-12.06189],[-77.14865,-12.05975]]]}},{"type":"Feature","properties":{"id":"relation/4752431","nombre":"X-OM62-I","distrito":"Bellavista","tipo":"osm"},"geometry":{"type":"MultiLineString","coordinates":[[[-76.92547,-12.08494],[-76.91922,-12.08526],[-76.91567,-12.08596],[-76.90504,-12.08617],[-76.89866,-12.08602],[-76.89141,-12.08624],[-76.89053,-12.08619],[-76.88701,-12.08516],[-76.88576,-12.08547],[-76.88437,-12.08538],[-76.8816,-12.08504],[-76.87776,-12.08427],[-76.87586,-12.08498],[-76.86944,-12.08573],[-76.86824,-12.08628]],[[-77.16427,-12.07324],[-77.15792,-12.06817],[-77.15669,-12.06729],[-77.15576,-12.06683],[-77.15035,-12.06564],[-77.13186,-12.06074],[-77.12716,-12.05971],[-77.12182,-12.06359],[-77.11994,-12.06511],[-77.11966,-12.06479],[-77.11908,-12.06488],[-77.11882,-12.06514],[-77.11876,-12.06541],[-77.11906,-12.06583],[-77.11745,-12.06699],[-77.11542,-12.06794],[-77.1036,-12.07256],[-77.09327,-12.07756],[-77.09089,-12.07806],[-77.08185,-12.07828],[-77.08013,-12.07854],[-77.06555,-12.08378],[-77.06475,-12.08435],[-77.06446,-12.08531],[-77.06422,-12.08567],[-77.06295,-12.0867],[-77.05076,-12.09478],[-77.02169,-12.09079],[-77.01109,-12.08921],[-77.00844,-12.08898],[-76.98974,-12.08635],[-76.98729,-12.08587],[-76.98512,-12.08516],[-76.98147,-12.085],[-76.97059,-12.08363],[-76.96991,-12.08375],[-76.96964,-12.08355],[-76.96931,-12.08291],[-76.96749,-12.08174],[-76.96692,-12.08117],[-76.96486,-12.07807],[-76.96364,-12.07567],[-76.96285,-12.07479],[-76.96214,-12.07424],[-76.95535,-12.07104],[-76.9542,-12.0708],[-76.94682,-12.06845],[-76.94097,-12.06537],[-76.94032,-12.06525],[-76.93953,-12.06558],[-76.93902,-12.0663],[-76.93754,-12.07111],[-76.93727,-12.07144],[-76.93664,-12.07355],[-76.93566,-12.07524],[-76.93563,-12.07559],[-76.9347,-12.07608],[-76.93367,-12.07699],[-76.93302,-12.07739],[-76.93066,-12.0782],[-76.93014,-12.07856],[-76.92863,-12.08132],[-76.92756,-12.08388],[-76.92705,-12.08471],[-76.92609,-12.08505],[-76.9184,-12.0854]],[[-76.92828,-12.08183],[-76.93016,-12.07842],[-76.9305,-12.07818],[-76.93274,-12.07743],[-76.93421,-12.07643]],[[-76.96957,-12.08334],[-76.96973,-12.08298],[-76.97016,-12.0829],[-76.97045,-12.0832],[-76.97033,-12.08364]],[[-77.11994,-12.06511],[-77.11975,-12.06561],[-77.11939,-12.06582],[-77.11906,-12.06583]],[[-77.11673,-12.05754],[-77.11544,-12.05728]],[[-77.12716,-12.05971],[-77.11937,-12.05813]],[[-77.14868,-12.05971],[-77.14782,-12.06126],[-77.14699,-12.06182],[-77.1466,-12.06463]],[[-77.15792,-12.06817],[-77.15772,-12.06778],[-77.15795,-12.06743],[-77.15788,-12.06732],[-77.15458,-12.06523],[-77.15131,-12.06384],[-77.15113,-12.06348],[-77.15124,-12.06221],[-77.15112,-12.06189],[-77.14865,-12.05975]]]}},{"type":"Feature","properties":{"id":"relation/4752708","nombre":"X-OM75-I","distrito":"Bellavista","tipo":"osm"},"geometry":{"type":"MultiLineString","coordinates":[[[-77.02907,-12.06452],[-77.01783,-12.06308],[-77.01645,-12.07346],[-77.01159,-12.07211],[-77.00631,-12.06823],[-77.00544,-12.06725],[-77.00244,-12.06295],[-77.00131,-12.06334],[-76.99966,-12.06357],[-76.98997,-12.06438],[-76.98841,-12.06432],[-76.98194,-12.06313],[-76.97853,-12.06085],[-76.97359,-12.05865],[-76.95626,-12.05117],[-76.93638,-12.04325],[-76.93572,-12.04272],[-76.92327,-12.02818],[-76.92142,-12.02693],[-76.91929,-12.02576],[-76.89306,-12.01729],[-76.87319,-12.01065],[-76.84875,-12.00616],[-76.84628,-12.00557],[-76.84494,-12.00498],[-76.84383,-12.00429],[-76.83467,-11.99653],[-76.83358,-11.99579],[-76.81911,-11.98964],[-76.80584,-11.98421],[-76.78456,-11.97908],[-76.77451,-11.97695],[-76.76629,-11.97444],[-76.76074,-11.97383],[-76.74842,-11.96892],[-76.74601,-11.96843],[-76.74498,-11.96682],[-76.74054,-11.96331],[-76.7383,-11.96196],[-76.72898,-11.95322],[-76.72615,-11.95114],[-76.71562,-11.94707],[-76.71225,-11.94651],[-76.71045,-11.94598],[-76.70997,-11.94564],[-76.70947,-11.94434],[-76.70897,-11.94392],[-76.70805,-11.94357],[-76.70333,-11.94244],[-76.69897,-11.94015],[-76.68944,-11.9285],[-76.68837,-11.92744],[-76.68634,-11.92627],[-76.68454,-11.92452],[-76.68309,-11.92382],[-76.68022,-11.92383],[-76.67938,-11.9233],[-76.67818,-11.92223],[-76.67411,-11.92076],[-76.67269,-11.92071],[-76.66718,-11.92133]],[[-77.04142,-12.05971],[-77.04106,-12.05998],[-77.04101,-12.06036],[-77.03688,-12.05991],[-77.03607,-12.0602],[-77.03582,-12.06076],[-77.03487,-12.06181],[-77.03359,-12.06517],[-77.0292,-12.06454]],[[-77.13058,-11.87791],[-77.13022,-11.87775],[-77.12957,-11.87772],[-77.12787,-11.87793],[-77.12712,-11.87834],[-77.12669,-11.87895],[-77.12646,-11.87989],[-77.12629,-11.88433],[-77.12635,-11.88508],[-77.12615,-11.88656],[-77.12624,-11.89161],[-77.12705,-11.89761],[-77.12804,-11.90031],[-77.12828,-11.9014],[-77.12878,-11.90818],[-77.12864,-11.9131],[-77.13062,-11.9319],[-77.13187,-11.94836],[-77.13165,-11.94985],[-77.12653,-11.96525],[-77.12587,-11.96767],[-77.12524,-11.97147],[-77.12506,-11.97601],[-77.12577,-11.99239],[-77.12629,-11.99684],[-77.12578,-11.99749],[-77.12147,-11.99917],[-77.12089,-11.99922],[-77.1177,-12.00047],[-77.11677,-12.00115],[-77.11578,-12.00236],[-77.11546,-12.00345],[-77.11456,-12.00499],[-77.11217,-12.00983],[-77.11123,-12.01205],[-77.11111,-12.01292],[-77.11004,-12.01449],[-77.10885,-12.0168],[-77.10854,-12.0172],[-77.10765,-12.01897],[-77.10756,-12.01942],[-77.10675,-12.02092],[-77.10642,-12.02209],[-77.1056,-12.02312],[-77.10525,-12.02382],[-77.10516,-12.02446],[-77.10342,-12.02752],[-77.10307,-12.02789],[-77.10048,-12.03314],[-77.1001,-12.0336],[-77.09946,-12.03547],[-77.09933,-12.03924],[-77.09904,-12.04197],[-77.09916,-12.04246],[-77.09902,-12.04421],[-77.09913,-12.04475],[-77.09873,-12.04544],[-77.09847,-12.04822],[-77.09836,-12.05133],[-77.09792,-12.05488],[-77.09724,-12.06255],[-77.08506,-12.06122],[-77.08455,-12.06129],[-77.0826,-12.06107],[-77.06869,-12.05795],[-77.05776,-12.05581],[-77.05691,-12.05574],[-77.04221,-12.06009],[-77.0421,-12.06014],[-77.04198,-12.06058],[-77.04169,-12.06076],[-77.04128,-12.06071],[-77.04101,-12.06036]],[[-77.04205,-12.06],[-77.0421,-12.06014]],[[-77.13894,-11.87208],[-77.14669,-11.86292],[-77.14905,-11.86036],[-77.15102,-11.85912],[-77.1555,-11.85725],[-77.15668,-11.85686],[-77.15837,-11.85675],[-77.15888,-11.85619],[-77.15914,-11.8557],[-77.15915,-11.85544],[-77.15878,-11.85507],[-77.15373,-11.85209],[-77.15354,-11.85178],[-77.15264,-11.84822],[-77.15242,-11.84793],[-77.15127,-11.84713],[-77.15084,-11.84592],[-77.15023,-11.84526],[-77.14997,-11.84426],[-77.14947,-11.84441],[-77.14897,-11.84494],[-77.14742,-11.84535],[-77.14781,-11.84711],[-77.1467,-11.84899],[-77.14528,-11.84808],[-77.14442,-11.84487],[-77.14458,-11.84483],[-77.14337,-11.83998],[-77.14297,-11.83924],[-77.14251,-11.83973],[-77.14193,-11.83986],[-77.13907,-11.83822],[-77.13887,-11.83762],[-77.13801,-11.8379],[-77.13569,-11.8381],[-77.13538,-11.83322],[-77.13288,-11.83245],[-77.13036,-11.83037]],[[-77.132,-11.8317],[-77.13115,-11.83103],[-77.132,-11.8317]],[[-77.13045,-11.8777],[-77.13313,-11.87799],[-77.13409,-11.8777],[-77.13891,-11.87212]],[[-77.13045,-11.83026],[-77.13192,-11.83152],[-77.132,-11.8317]]]}},{"type":"Feature","properties":{"id":"relation/4756276","nombre":"X-SCR15-I","distrito":"Bellavista","tipo":"osm"},"geometry":{"type":"MultiLineString","coordinates":[[[-76.97788,-12.13112],[-76.98176,-12.12974],[-76.98132,-12.12829],[-76.98141,-12.1274],[-76.98171,-12.12669],[-76.98761,-12.12103],[-76.98818,-12.12019],[-76.98891,-12.11863],[-76.99335,-12.11177],[-76.99344,-12.11111],[-76.99737,-12.11138]],[[-77.05575,-12.07354],[-77.05683,-12.07267],[-77.05787,-12.07213],[-77.06037,-12.0715],[-77.06169,-12.07153],[-77.0653,-12.07221],[-77.06738,-12.07234],[-77.07083,-12.07189],[-77.07784,-12.07034],[-77.07773,-12.06832],[-77.07779,-12.06676],[-77.07836,-12.06324],[-77.0798,-12.05737],[-77.08015,-12.05667],[-77.08088,-12.05585],[-77.0782,-12.05173],[-77.07807,-12.05127],[-77.07801,-12.04987],[-77.0854,-12.05127]],[[-77.07741,-12.04976],[-77.07801,-12.04987]],[[-77.0282,-12.11917],[-77.02819,-12.11695],[-77.03139,-12.09791],[-77.03484,-12.0743],[-77.03906,-12.0749],[-77.04208,-12.07508],[-77.04264,-12.0751],[-77.04298,-12.07483],[-77.04349,-12.07482],[-77.04396,-12.07483],[-77.0443,-12.07507],[-77.04766,-12.07504],[-77.04951,-12.07359],[-77.05113,-12.07557],[-77.0541,-12.07327],[-77.05489,-12.07423]],[[-77.04951,-12.07359],[-77.05133,-12.07214]],[[-77.03072,-12.0737],[-77.03484,-12.0743],[-77.03543,-12.06973],[-77.0364,-12.06408]],[[-76.99736,-12.11147],[-77.02978,-12.1137]],[[-76.97792,-12.13132],[-76.97727,-12.13142],[-76.9767,-12.13134],[-76.97664,-12.13149],[-76.97652,-12.13446],[-76.97552,-12.13715],[-76.97492,-12.13835],[-76.97479,-12.13927],[-76.97492,-12.14081],[-76.97405,-12.14281],[-76.96752,-12.15001],[-76.95556,-12.15995],[-76.95172,-12.16448],[-76.94956,-12.16673],[-76.94597,-12.17081],[-76.94244,-12.17516],[-76.94142,-12.17605]],[[-76.9767,-12.13134],[-76.97667,-12.12973]],[[-76.9497,-12.14159],[-76.95221,-12.15201],[-76.95238,-12.15212],[-76.95407,-12.15101],[-76.95489,-12.15214],[-76.95663,-12.15414],[-76.95914,-12.15535],[-76.95969,-12.15556],[-76.96052,-12.15566],[-76.96071,-12.15584]],[[-76.95115,-12.14761],[-76.94857,-12.14851],[-76.94281,-12.14816],[-76.94279,-12.14784]],[[-76.94198,-12.14795],[-76.94394,-12.14764],[-76.94526,-12.14659],[-76.9456,-12.14656]],[[-76.94999,-12.1428],[-76.94951,-12.14289],[-76.94899,-12.14279],[-76.93962,-12.14074],[-76.93862,-12.1447],[-76.93763,-12.1445],[-76.93743,-12.14503],[-76.93665,-12.14592],[-76.93543,-12.14648],[-76.93464,-12.14761],[-76.93335,-12.14808],[-76.92897,-12.14672]],[[-76.9456,-12.14441],[-76.94669,-12.14467],[-76.9466,-12.14508],[-76.94551,-12.14483],[-76.94282,-12.14324]]]}},{"type":"Feature","properties":{"id":"relation/4762975","nombre":"X-NO87-I","distrito":"Bellavista","tipo":"osm"},"geometry":{"type":"MultiLineString","coordinates":[[[-76.98651,-12.14875],[-76.98636,-12.14846],[-76.9852,-12.1491],[-76.98505,-12.14936],[-76.98497,-12.15021],[-76.9843,-12.15097],[-76.98413,-12.15138],[-76.98427,-12.15306],[-76.98404,-12.15552],[-76.98189,-12.16285],[-76.98133,-12.16593],[-76.9803,-12.16964],[-76.98054,-12.17073]],[[-76.99732,-12.11169],[-76.9939,-12.11143],[-76.99366,-12.11156],[-76.98913,-12.11851],[-76.9883,-12.12017],[-76.98745,-12.12139],[-76.98215,-12.12633],[-76.98179,-12.12674],[-76.98152,-12.12744],[-76.98149,-12.12869],[-76.98375,-12.13468],[-76.98587,-12.14722],[-76.98674,-12.14882]],[[-77.09012,-12.01921],[-77.09036,-12.01931],[-77.09024,-12.01966],[-77.09045,-12.02056],[-77.09158,-12.02279],[-77.09084,-12.02315],[-77.09298,-12.02747],[-77.09401,-12.02991],[-77.09451,-12.02986],[-77.09455,-12.03006],[-77.07736,-12.03191],[-77.06829,-12.03189],[-77.06633,-12.03209],[-77.06598,-12.02978],[-77.06664,-12.02969],[-77.06645,-12.02831],[-77.06537,-12.02917],[-77.06478,-12.02945],[-77.06043,-12.03004],[-77.05962,-12.02981],[-77.05853,-12.02913],[-77.05764,-12.02898],[-77.05715,-12.02829],[-77.05465,-12.02649],[-77.05264,-12.02944],[-77.0526,-12.02985],[-77.05216,-12.02989],[-77.05177,-12.02964],[-77.05007,-12.03018],[-77.0472,-12.03054],[-77.04683,-12.0307],[-77.04514,-12.03057],[-77.04507,-12.03149],[-77.04419,-12.03141],[-77.04375,-12.03696],[-77.04398,-12.0373],[-77.04436,-12.03731],[-77.0448,-12.03691],[-77.04476,-12.03665],[-77.0445,-12.03648],[-77.03853,-12.03811],[-77.03765,-12.03856],[-77.03555,-12.04023],[-77.03363,-12.04101],[-77.03248,-12.0417],[-77.03038,-12.04268],[-77.02917,-12.0431],[-77.02409,-12.04331],[-77.02095,-12.04276],[-77.02025,-12.04299],[-77.01969,-12.04274],[-77.01936,-12.04374],[-77.01944,-12.04471],[-77.01988,-12.04496],[-77.02078,-12.04463],[-77.02143,-12.04469],[-77.02518,-12.05245],[-77.02562,-12.05482],[-77.01963,-12.05576],[-77.01953,-12.05772],[-77.01875,-12.0632],[-77.01783,-12.06308],[-77.01633,-12.07466],[-77.01655,-12.07537],[-77.01906,-12.08018],[-77.01929,-12.08118],[-77.01914,-12.08136],[-77.01727,-12.08201],[-77.01042,-12.085],[-77.00428,-12.08419],[-77.00146,-12.1032],[-77.00031,-12.11181],[-76.99733,-12.1116]],[[-77.05746,-12.0286],[-77.05771,-12.02817],[-77.0582,-12.02817],[-77.05841,-12.0284],[-77.05845,-12.02868],[-77.05816,-12.02905]],[[-77.08478,-11.99656],[-77.08475,-11.99718],[-77.08256,-12.00655],[-77.08391,-12.00684],[-77.08517,-12.00746],[-77.08769,-12.00956],[-77.08718,-12.01349],[-77.08809,-12.0138],[-77.08764,-12.01454],[-77.08732,-12.01574],[-77.08814,-12.01642],[-77.08973,-12.01894],[-77.0901,-12.01921]],[[-77.0847,-11.99607],[-77.08477,-11.99639]],[[-77.09752,-11.93438],[-77.09625,-11.93378],[-77.09565,-11.93519],[-77.09338,-11.93704],[-77.09234,-11.93579],[-77.09148,-11.93655],[-77.09107,-11.93626],[-77.09062,-11.9363],[-77.08841,-11.93774],[-77.08627,-11.93837],[-77.08608,-11.93834],[-77.08372,-11.93614],[-77.08328,-11.93594],[-77.08015,-11.93712],[-77.07721,-11.9393],[-77.07635,-11.93851],[-77.07543,-11.93809],[-77.0718,-11.9377],[-77.07095,-11.94642],[-77.06881,-11.96011],[-77.06897,-11.96061],[-77.06972,-11.96147],[-77.0705,-11.96292],[-77.07186,-11.96376],[-77.07305,-11.96471],[-77.07399,-11.96575],[-77.07465,-11.9669],[-77.07497,-11.96778],[-77.07601,-11.972],[-77.0768,-11.97574],[-77.07773,-11.97803],[-77.07877,-11.9844],[-77.08148,-11.98935],[-77.08303,-11.99122],[-77.08349,-11.99322],[-77.08467,-11.99598]],[[-77.07729,-11.9394],[-77.07721,-11.9393]]]}},{"type":"Feature","properties":{"id":"relation/4763341","nombre":"X-NO96-I","distrito":"Bellavista","tipo":"osm"},"geometry":{"type":"MultiLineString","coordinates":[[[-77.0983,-12.04846],[-77.06587,-12.04561],[-77.06518,-12.04575],[-77.06444,-12.04549],[-77.05229,-12.04433],[-77.05086,-12.04438],[-77.04341,-12.04371],[-77.04353,-12.04337],[-77.0434,-12.04308],[-77.04288,-12.04293],[-77.04253,-12.04311],[-77.04246,-12.04344],[-77.04267,-12.04374],[-77.04319,-12.0438],[-77.04341,-12.04371]],[[-77.06159,-12.00444],[-77.06141,-12.00433],[-77.05769,-12.00379],[-77.0575,-12.00364],[-77.05813,-11.99893],[-77.05967,-11.9893],[-77.0611,-11.98952],[-77.06164,-11.986],[-77.06079,-11.98587],[-77.06118,-11.98358],[-77.05818,-11.98309],[-77.05936,-11.97887],[-77.05954,-11.97752],[-77.05921,-11.97612],[-77.05797,-11.97399],[-77.0576,-11.97302],[-77.05742,-11.97175],[-77.05746,-11.96891],[-77.05573,-11.96577],[-77.051,-11.95182],[-77.05072,-11.95141],[-77.04955,-11.95035],[-77.04928,-11.94986],[-77.04933,-11.94895],[-77.05048,-11.94426],[-77.0501,-11.93923],[-77.04946,-11.93776],[-77.04686,-11.934],[-77.04452,-11.93118],[-77.04312,-11.92834],[-77.04275,-11.92708],[-77.04217,-11.92254],[-77.04134,-11.91783],[-77.04103,-11.91667],[-77.04048,-11.91537],[-77.03743,-11.90996],[-77.03679,-11.90947],[-77.03418,-11.90848],[-77.03584,-11.90589],[-77.0367,-11.90501],[-77.0389,-11.90165],[-77.03975,-11.90091],[-77.03762,-11.89708],[-77.03605,-11.89492],[-77.03888,-11.89254],[-77.03787,-11.89131],[-77.03607,-11.88791]],[[-77.03937,-11.89309],[-77.03888,-11.89254]],[[-77.03975,-11.90091],[-77.03997,-11.9008]],[[-77.05785,-12.00789],[-77.06029,-12.00824],[-77.06106,-12.00816],[-77.06129,-12.00773],[-77.06161,-12.00557],[-77.06159,-12.00427],[-77.0619,-12.00401],[-77.06225,-12.00416],[-77.06231,-12.00442],[-77.06217,-12.00464],[-77.06189,-12.00471],[-77.06166,-12.00458]],[[-77.06106,-12.00816],[-77.0614,-12.00816],[-77.06163,-12.00836],[-77.06165,-12.00866],[-77.06144,-12.00891],[-77.06114,-12.00894],[-77.06087,-12.00875],[-77.06082,-12.00845],[-77.06099,-12.0082]],[[-77.04278,-12.04295],[-77.04292,-12.04281],[-77.04323,-12.04045],[-77.04426,-12.02831],[-77.04738,-12.02531],[-77.05002,-12.02312],[-77.05036,-12.02271],[-77.0506,-12.02213],[-77.05108,-12.01924],[-77.0511,-12.01803],[-77.05227,-12.01845],[-77.05296,-12.01928],[-77.05666,-12.01611],[-77.05796,-12.0147],[-77.05537,-12.01239],[-77.05657,-12.01107],[-77.05755,-12.00873],[-77.05773,-12.00787]],[[-77.07449,-12.08989],[-77.07484,-12.09089],[-77.07069,-12.09239],[-77.07004,-12.09068],[-77.07023,-12.09055],[-77.07024,-12.09033],[-77.07007,-12.09017],[-77.06986,-12.09019],[-77.06722,-12.08317],[-77.06544,-12.07893],[-77.06164,-12.07234],[-77.0612,-12.06835],[-77.06066,-12.06796],[-77.0605,-12.06761],[-77.06055,-12.0672],[-77.06088,-12.06673],[-77.05898,-12.06115],[-77.05842,-12.05866],[-77.05798,-12.05761],[-77.05745,-12.05557],[-77.05533,-12.05257],[-77.05374,-12.04913],[-77.05039,-12.04971],[-77.05092,-12.04437]],[[-77.07004,-12.09068],[-77.06973,-12.09052],[-77.06986,-12.09019]]]}},{"type":"Feature","properties":{"id":"relation/4764475","nombre":"X-OM09-I","distrito":"Bellavista","tipo":"osm"},"geometry":{"type":"MultiLineString","coordinates":[[[-77.14294,-12.06098],[-77.14268,-12.05835],[-77.14228,-12.05604],[-77.13992,-12.05299],[-77.13914,-12.05287],[-77.13953,-12.05276],[-77.13976,-12.05243],[-77.13971,-12.05205],[-77.13933,-12.05175],[-77.1388,-12.05175],[-77.13845,-12.05213],[-77.13843,-12.0519],[-77.13828,-12.05181],[-77.13479,-12.05166],[-77.13405,-12.05198],[-77.13347,-12.05157],[-77.12678,-12.05097],[-77.12623,-12.05109],[-77.12631,-12.0507],[-77.12596,-12.05046],[-77.12562,-12.05061],[-77.12557,-12.051],[-77.12514,-12.05082],[-77.07251,-12.04619],[-77.06587,-12.04561],[-77.06518,-12.04575],[-77.06444,-12.04549],[-77.05229,-12.04433],[-77.05086,-12.04438],[-77.04341,-12.04371],[-77.04353,-12.04337],[-77.0434,-12.04308],[-77.04288,-12.04293],[-77.04253,-12.04311],[-77.04246,-12.04344],[-77.04267,-12.04374],[-77.04319,-12.0438],[-77.04341,-12.04371]],[[-77.12623,-12.05109],[-77.12589,-12.05123],[-77.12557,-12.051]],[[-77.13372,-12.05172],[-77.13377,-12.05135],[-77.1341,-12.05117],[-77.13444,-12.05132],[-77.13452,-12.0517]],[[-77.13914,-12.05287],[-77.1386,-12.05271],[-77.13843,-12.05245],[-77.13845,-12.05213]],[[-77.1466,-12.06463],[-77.14673,-12.06371],[-77.14263,-12.06314],[-77.14276,-12.06207]],[[-77.15792,-12.06817],[-77.15669,-12.06729],[-77.15568,-12.06681],[-77.15035,-12.06564],[-77.13186,-12.06074]]]}},{"type":"Feature","properties":{"id":"relation/4764498","nombre":"X-OM10-I","distrito":"Bellavista","tipo":"osm"},"geometry":{"type":"MultiLineString","coordinates":[[[-76.88389,-12.01834],[-76.88508,-12.0146],[-76.91951,-12.02585],[-76.92142,-12.02693],[-76.92327,-12.02818],[-76.93461,-12.04143]],[[-76.88512,-12.0145],[-76.88508,-12.0146]],[[-76.97033,-12.08364],[-76.97003,-12.08376],[-76.96971,-12.08364],[-76.96957,-12.08334],[-76.96973,-12.08298],[-76.97005,-12.08288],[-76.97035,-12.08302],[-76.97047,-12.08332],[-76.97033,-12.08364],[-76.98126,-12.08498],[-76.98512,-12.08516],[-76.98791,-12.086],[-76.99553,-12.08718],[-77.00844,-12.08898],[-77.01109,-12.08921],[-77.05076,-12.09478],[-77.06295,-12.0867],[-77.06432,-12.08555],[-77.06487,-12.0842],[-77.06579,-12.08368],[-77.07805,-12.07923],[-77.08066,-12.07842],[-77.08185,-12.07828],[-77.09089,-12.07806],[-77.09246,-12.07779],[-77.09383,-12.07731],[-77.10008,-12.07427],[-77.10005,-12.07376],[-77.09915,-12.07271],[-77.0976,-12.06777],[-77.09741,-12.06655],[-77.09722,-12.06265],[-77.09792,-12.05488],[-77.09836,-12.05133],[-77.09847,-12.04822],[-77.09873,-12.04544],[-77.09913,-12.04475],[-77.09902,-12.04421],[-77.09916,-12.04246],[-77.09904,-12.04197],[-77.09933,-12.03924],[-77.09946,-12.03547],[-77.09983,-12.03426],[-77.10307,-12.02789],[-77.10342,-12.02752],[-77.10516,-12.02446],[-77.10525,-12.02382],[-77.1056,-12.02312],[-77.10642,-12.02209],[-77.10675,-12.02092],[-77.10756,-12.01942],[-77.10765,-12.01897],[-77.10854,-12.0172],[-77.10885,-12.0168],[-77.11004,-12.01449],[-77.11111,-12.01292],[-77.11123,-12.01205],[-77.11217,-12.00983],[-77.11456,-12.00499],[-77.11546,-12.00345],[-77.11578,-12.00236],[-77.11677,-12.00115],[-77.1177,-12.00047],[-77.12089,-11.99922],[-77.12147,-11.99917],[-77.12578,-11.99749],[-77.12629,-11.99684],[-77.12577,-11.99239],[-77.12506,-11.97601],[-77.12524,-11.97147],[-77.12587,-11.96767],[-77.12653,-11.96525],[-77.13165,-11.94985],[-77.13187,-11.94836],[-77.13062,-11.9319],[-77.12864,-11.9131],[-77.12878,-11.90818],[-77.12825,-11.90116],[-77.12705,-11.89761],[-77.12624,-11.89161],[-77.12626,-11.8885],[-77.12614,-11.88717],[-77.12638,-11.8845],[-77.12629,-11.88433],[-77.12646,-11.87989],[-77.12692,-11.87772],[-77.12681,-11.8757],[-77.12756,-11.87153]],[[-76.96957,-12.08334],[-76.96931,-12.08291],[-76.96749,-12.08174],[-76.96692,-12.08117],[-76.96486,-12.07807],[-76.96364,-12.07567],[-76.96285,-12.07479],[-76.96165,-12.07394],[-76.95655,-12.07159],[-76.95834,-12.06786],[-76.95333,-12.06512],[-76.9519,-12.0635],[-76.94909,-12.06264],[-76.94606,-12.0627],[-76.94206,-12.0606],[-76.94444,-12.05657]],[[-76.95847,-12.06792],[-76.95834,-12.06786],[-76.95841,-12.06772]],[[-77.12717,-11.8721],[-77.12528,-11.87177]],[[-77.12091,-11.85429],[-77.12198,-11.85809],[-77.12229,-11.85852],[-77.12836,-11.8613],[-77.12823,-11.86191],[-77.1281,-11.86698],[-77.12701,-11.87292]],[[-76.94444,-12.05717],[-76.94306,-12.05634],[-76.94201,-12.0552],[-76.94081,-12.05312],[-76.94112,-12.05282],[-76.94159,-12.05288]],[[-76.94179,-12.05305],[-76.94168,-12.05347]],[[-76.94081,-12.05312],[-76.93727,-12.04665],[-76.93712,-12.04573],[-76.93745,-12.04445],[-76.93736,-12.04397],[-76.93708,-12.04367],[-76.93591,-12.04304],[-76.93453,-12.0415]]]}},{"type":"Feature","properties":{"id":"relation/4764535","nombre":"X-OM14-I","distrito":"Bellavista","tipo":"osm"},"geometry":{"type":"MultiLineString","coordinates":[[[-76.92531,-12.24701],[-76.92468,-12.24697],[-76.9128,-12.24012],[-76.91234,-12.24001]],[[-76.92229,-12.21576],[-76.92253,-12.21564],[-76.92284,-12.21576],[-76.92718,-12.21826],[-76.91824,-12.23311],[-76.91381,-12.24071]],[[-76.91816,-12.23326],[-76.91792,-12.23327],[-76.91784,-12.23301],[-76.91808,-12.2329],[-76.91824,-12.23311]],[[-76.9274,-12.2179],[-76.92718,-12.21826],[-76.94088,-12.22631]],[[-76.95336,-12.20568],[-76.94125,-12.22596]],[[-76.96102,-12.19282],[-76.95469,-12.20317],[-76.95331,-12.20564]],[[-76.96082,-12.19255],[-76.96109,-12.19248],[-76.96115,-12.19273],[-76.96091,-12.19281],[-76.96082,-12.19255]],[[-77.01134,-12.07194],[-77.0061,-12.06803],[-77.00544,-12.06725],[-77.00244,-12.06295],[-77.0015,-12.06329],[-77.00001,-12.06352],[-76.99307,-12.07267],[-76.98441,-12.08372],[-76.98376,-12.0864],[-76.98213,-12.08776],[-76.98141,-12.08883],[-76.98079,-12.09262],[-76.97738,-12.11723],[-76.97703,-12.12703],[-76.97734,-12.12867],[-76.97994,-12.13535],[-76.98057,-12.1374],[-76.98221,-12.14642],[-76.9837,-12.15124],[-76.98392,-12.15306],[-76.98378,-12.15531],[-76.97922,-12.17106],[-76.97369,-12.18847],[-76.97294,-12.19175],[-76.97258,-12.1921],[-76.97109,-12.19257],[-76.96711,-12.19332],[-76.96115,-12.19273]],[[-77.02907,-12.06452],[-77.01536,-12.06275],[-77.01402,-12.07281],[-77.01159,-12.07211]],[[-77.0742,-12.03195],[-77.06829,-12.03189],[-77.06493,-12.03227],[-77.0652,-12.03412],[-77.06603,-12.03563],[-77.06617,-12.03609],[-77.06603,-12.03852],[-77.06493,-12.04865],[-77.04326,-12.04649],[-77.04287,-12.04693],[-77.0425,-12.05069],[-77.04177,-12.05949],[-77.04181,-12.05976],[-77.0421,-12.06014],[-77.04198,-12.06058],[-77.04152,-12.06078],[-77.04123,-12.06068],[-77.04091,-12.06029],[-77.03688,-12.05991],[-77.03647,-12.06],[-77.03607,-12.0602],[-77.03582,-12.06076],[-77.03487,-12.06181],[-77.03359,-12.06517],[-77.0292,-12.06454]],[[-77.04101,-12.06036],[-77.04103,-12.06005],[-77.04122,-12.0598],[-77.04151,-12.0597],[-77.04181,-12.05976]],[[-77.04296,-12.04675],[-77.04273,-12.0468],[-77.04245,-12.04668],[-77.04233,-12.04637],[-77.04246,-12.04609],[-77.04275,-12.04598],[-77.04304,-12.04608],[-77.04317,-12.0463],[-77.04313,-12.04658]],[[-77.0649,-12.03206],[-77.06493,-12.03227]],[[-77.11797,-11.974],[-77.11503,-11.979],[-77.11495,-11.97944],[-77.11462,-11.98135],[-77.1147,-11.98191],[-77.11608,-11.98504],[-77.116,-11.98579],[-77.11443,-11.98808],[-77.11411,-11.99424],[-77.09682,-12.02894],[-77.09601,-12.0297],[-77.09488,-12.03002],[-77.07988,-12.03169],[-77.07521,-12.03198]]]}},{"type":"Feature","properties":{"id":"relation/4764568","nombre":"X-OM18-1-I","distrito":"Bellavista","tipo":"osm"},"geometry":{"type":"MultiLineString","coordinates":[[[-77.00055,-12.12896],[-76.98733,-12.12791],[-76.98634,-12.12817],[-76.97792,-12.13132]],[[-76.97513,-12.08425],[-76.97059,-12.08363],[-76.9698,-12.0837],[-76.96931,-12.08291],[-76.96749,-12.08174],[-76.96692,-12.08117],[-76.96486,-12.07807],[-76.96364,-12.07567],[-76.96285,-12.07479],[-76.96165,-12.07394],[-76.95655,-12.07159],[-76.95834,-12.06786],[-76.95333,-12.06512],[-76.9519,-12.0635],[-76.94909,-12.06264],[-76.94606,-12.0627],[-76.94206,-12.0606],[-76.94444,-12.05657]],[[-76.95847,-12.06792],[-76.95834,-12.06786],[-76.95841,-12.06772]],[[-76.96957,-12.08334],[-76.96973,-12.08298],[-76.97016,-12.0829],[-76.97045,-12.0832],[-76.97033,-12.08364]],[[-76.97707,-12.12828],[-76.97688,-12.12673],[-76.97714,-12.1182],[-76.97775,-12.11338],[-76.97763,-12.11255],[-76.97787,-12.11053],[-76.97775,-12.11034],[-76.97742,-12.11022],[-76.97276,-12.10988],[-76.97045,-12.1043],[-76.97039,-12.10378],[-76.9706,-12.10293],[-76.96908,-12.099],[-76.97015,-12.09895],[-76.97252,-12.09804],[-76.97328,-12.09794],[-76.97392,-12.09344],[-76.97317,-12.08515],[-76.97324,-12.08399]],[[-76.97747,-12.13009],[-76.97788,-12.13112]],[[-77.00109,-12.12833],[-77.00142,-12.12847],[-77.00158,-12.12887],[-77.00141,-12.12922],[-77.00103,-12.12935],[-77.00063,-12.12913],[-77.00054,-12.12878],[-77.00076,-12.12842],[-77.00109,-12.12833]],[[-77.02925,-12.11934],[-77.02931,-12.11969],[-77.0324,-12.12383],[-77.03162,-12.12415],[-77.02949,-12.12454],[-77.00218,-12.12882],[-77.00154,-12.12904]],[[-77.1063,-12.02136],[-77.10656,-12.02158],[-77.10642,-12.02209],[-77.1056,-12.02312],[-77.10525,-12.02382],[-77.10516,-12.02446],[-77.10342,-12.02752],[-77.10307,-12.02789],[-77.10048,-12.03314],[-77.1001,-12.0336],[-77.09946,-12.03547],[-77.09933,-12.03924],[-77.09904,-12.04197],[-77.09916,-12.04246],[-77.09902,-12.04421],[-77.09913,-12.04475],[-77.09873,-12.04544],[-77.09847,-12.04822],[-77.09836,-12.05133],[-77.09792,-12.05488],[-77.09722,-12.06265],[-77.09741,-12.06655],[-77.0976,-12.06777],[-77.09915,-12.07271],[-77.10005,-12.07376],[-77.10008,-12.07427],[-77.09383,-12.07731],[-77.09246,-12.07779],[-77.09089,-12.07806],[-77.08185,-12.07828],[-77.08013,-12.07854],[-77.06638,-12.08346],[-77.06512,-12.08401],[-77.06475,-12.08435],[-77.06432,-12.08555],[-77.06295,-12.0867],[-77.05338,-12.09304],[-77.05844,-12.1029],[-77.0527,-12.10906],[-77.04312,-12.11872],[-77.04303,-12.1188],[-77.04266,-12.11872],[-77.04251,-12.11906],[-77.04041,-12.11908],[-77.04035,-12.11883],[-77.04008,-12.1187],[-77.03983,-12.11884],[-77.03979,-12.11909],[-77.02939,-12.11918],[-77.02926,-12.1192],[-77.02914,-12.11949],[-77.02892,-12.11939],[-77.02897,-12.11897],[-77.02914,-12.11899],[-77.02926,-12.1192]],[[-77.04041,-12.11908],[-77.0401,-12.11932],[-77.03979,-12.11909]],[[-77.04303,-12.1188],[-77.04308,-12.11903],[-77.04293,-12.11923],[-77.04267,-12.11923],[-77.04251,-12.11906]],[[-77.13112,-11.93757],[-77.13187,-11.94815],[-77.13177,-11.94934],[-77.12653,-11.96525],[-77.12577,-11.96818],[-77.12515,-11.97241],[-77.12506,-11.97601],[-77.12561,-11.98901],[-77.12577,-11.99239],[-77.12629,-11.99684],[-77.12578,-11.99749],[-77.12147,-11.99917],[-77.12117,-11.99912],[-77.1183,-12.0002],[-77.1175,-12.00059],[-77.11677,-12.00115],[-77.11024,-11.99428],[-77.10944,-11.99499],[-77.1062,-12.00124],[-77.09845,-12.01686],[-77.09987,-12.01839],[-77.10125,-12.01944],[-77.10568,-12.02163],[-77.10605,-12.02153]],[[-77.13145,-11.94062],[-77.13408,-11.94043],[-77.13427,-11.94334]],[[-77.12117,-11.99912],[-77.11888,-11.99998]]]}},{"type":"Feature","properties":{"id":"relation/4764569","nombre":"X-OM18-2-I","distrito":"Bellavista","tipo":"osm"},"geometry":{"type":"MultiLineString","coordinates":[[[-76.97734,-12.12867],[-76.9784,-12.13051],[-76.97862,-12.13069],[-76.97901,-12.13075],[-76.98726,-12.12778],[-77.00056,-12.1287]],[[-77.02918,-12.11903],[-77.02924,-12.11937],[-77.02904,-12.1195],[-77.02887,-12.11923],[-77.02903,-12.11896],[-77.03978,-12.11895],[-77.04011,-12.1187],[-77.04041,-12.11895],[-77.0425,-12.11892],[-77.04279,-12.11868],[-77.04302,-12.11878],[-77.04309,-12.119],[-77.04298,-12.11919],[-77.04276,-12.11925],[-77.04255,-12.11913],[-77.0425,-12.11892]],[[-77.04041,-12.11895],[-77.04034,-12.11921],[-77.0401,-12.11932],[-77.03985,-12.11921],[-77.03978,-12.11895]],[[-76.97024,-12.0837],[-76.96991,-12.08403],[-76.96936,-12.08513],[-76.96775,-12.08634],[-76.96716,-12.08733],[-76.96706,-12.08799],[-76.96713,-12.09133],[-76.96741,-12.09301],[-76.96817,-12.09504],[-76.9696,-12.09639],[-76.96991,-12.09686],[-76.96918,-12.09893],[-76.97071,-12.10291],[-76.97052,-12.1037],[-76.97055,-12.10425],[-76.97282,-12.10976],[-76.97876,-12.11017],[-76.9791,-12.10999],[-76.97913,-12.10969],[-76.97874,-12.10931],[-76.97856,-12.10938],[-76.97839,-12.10978],[-76.97738,-12.11723],[-76.97705,-12.12732],[-76.97734,-12.12867],[-76.98032,-12.13645],[-76.98112,-12.1404]],[[-76.94472,-12.05671],[-76.94242,-12.06066],[-76.9461,-12.06257],[-76.94907,-12.06252],[-76.95196,-12.06338],[-76.95342,-12.06503],[-76.95853,-12.06778],[-76.95677,-12.07149],[-76.96182,-12.07382],[-76.96284,-12.07454],[-76.96383,-12.07564],[-76.96537,-12.07846],[-76.96705,-12.08103],[-76.96812,-12.08195],[-76.96941,-12.08279],[-76.96984,-12.08292],[-76.96961,-12.08315],[-76.96964,-12.08355],[-76.96991,-12.08375],[-76.97024,-12.0837],[-76.97045,-12.08343],[-76.97041,-12.0831],[-76.97016,-12.0829],[-76.96984,-12.08292]],[[-77.00109,-12.12833],[-77.00142,-12.12847],[-77.00158,-12.12887],[-77.00141,-12.12922],[-77.00103,-12.12935],[-77.00063,-12.12913],[-77.00054,-12.12878],[-77.00076,-12.12842],[-77.00109,-12.12833]],[[-77.00156,-12.12869],[-77.00184,-12.12874],[-77.02939,-12.12448],[-77.02908,-12.12227],[-77.02896,-12.11944]],[[-77.05067,-12.09461],[-77.06289,-12.08662],[-77.06417,-12.08558],[-77.06439,-12.08518],[-77.06448,-12.08451],[-77.06475,-12.08409],[-77.06558,-12.08358],[-77.07986,-12.07843],[-77.0817,-12.07811],[-77.09061,-12.07793],[-77.09175,-12.07779],[-77.0933,-12.07734],[-77.09821,-12.07499],[-77.09888,-12.07414],[-77.09908,-12.07313],[-77.09761,-12.06832],[-77.09731,-12.06689],[-77.09709,-12.06252],[-77.09747,-12.05836]],[[-77.04298,-12.11875],[-77.04839,-12.11323],[-77.04839,-12.11302],[-77.04861,-12.11299],[-77.0537,-12.10786],[-77.05824,-12.10293],[-77.05313,-12.09301]],[[-77.09753,-12.05769],[-77.09823,-12.0515],[-77.09832,-12.04819],[-77.09868,-12.04523]],[[-77.09886,-12.04509],[-77.09903,-12.04475],[-77.09892,-12.0442],[-77.09905,-12.04252],[-77.09892,-12.04196],[-77.09918,-12.03907],[-77.09932,-12.03562],[-77.09958,-12.03464],[-77.10006,-12.03339],[-77.10044,-12.03297],[-77.10303,-12.02776],[-77.1033,-12.02745],[-77.10508,-12.02427],[-77.1057,-12.02227]],[[-77.10572,-12.02219],[-77.10571,-12.02195],[-77.10541,-12.02171],[-77.10107,-12.01958],[-77.09943,-12.0182],[-77.09826,-12.01693],[-77.10464,-12.00401],[-77.10937,-11.9949],[-77.11034,-11.99411],[-77.11681,-12.00088],[-77.11812,-12.00006],[-77.11859,-11.99949],[-77.12458,-11.99744],[-77.1259,-11.99579],[-77.12553,-11.99188],[-77.12488,-11.97568],[-77.12493,-11.97319],[-77.12521,-11.97035],[-77.12581,-11.96717],[-77.12673,-11.96403],[-77.13161,-11.94908],[-77.13162,-11.94719],[-77.13107,-11.93978],[-77.13073,-11.93724]],[[-77.13145,-11.94062],[-77.13408,-11.94043],[-77.13427,-11.94334]]]}},{"type":"Feature","properties":{"id":"relation/4773792","nombre":"X-SM25-I","distrito":"Bellavista","tipo":"osm"},"geometry":{"type":"MultiLineString","coordinates":[[[-77.04142,-12.05971],[-77.04188,-12.0598],[-77.0421,-12.06014],[-77.04203,-12.06052],[-77.04169,-12.06076],[-77.04123,-12.06068],[-77.041,-12.0602],[-77.0415,-12.05946],[-77.04256,-12.04693],[-77.04233,-12.04637],[-77.04268,-12.04581],[-77.04282,-12.044],[-77.04245,-12.04334],[-77.04253,-12.04311],[-77.04278,-12.04295],[-77.04324,-12.04299],[-77.0437,-12.04322],[-77.05085,-12.04391],[-77.05148,-12.04415],[-77.0523,-12.04425],[-77.09831,-12.04838]],[[-77.04345,-12.04312],[-77.04353,-12.04337],[-77.04341,-12.04371],[-77.04319,-12.0438],[-77.04267,-12.04374]],[[-77.0426,-12.04601],[-77.04298,-12.04604],[-77.04318,-12.0464],[-77.04296,-12.04675],[-77.0425,-12.04672]],[[-76.96116,-12.19256],[-76.96693,-12.19322],[-76.97139,-12.19242],[-76.97197,-12.19221],[-76.97233,-12.19184],[-76.97903,-12.17114],[-76.98357,-12.15549],[-76.98377,-12.15384],[-76.98363,-12.15178],[-76.98334,-12.15046],[-76.98199,-12.14606],[-76.98044,-12.13744],[-76.97981,-12.1354],[-76.9772,-12.12871],[-76.97688,-12.12704],[-76.97722,-12.1172],[-76.98086,-12.09064],[-76.98135,-12.08814],[-76.98358,-12.08647],[-76.98411,-12.08405],[-76.98432,-12.08361],[-76.99962,-12.064],[-76.99984,-12.06341],[-77.00174,-12.0631],[-77.00451,-12.06196],[-77.01347,-12.05492],[-77.01488,-12.0566],[-77.01664,-12.05726],[-77.03513,-12.05961],[-77.03584,-12.05927],[-77.03688,-12.05973],[-77.04103,-12.06005]],[[-76.96082,-12.19255],[-76.96109,-12.19248],[-76.96115,-12.19273],[-76.96091,-12.19281],[-76.96082,-12.19255]],[[-76.90988,-12.22987],[-76.90987,-12.23046],[-76.91252,-12.23727],[-76.91264,-12.23806],[-76.91259,-12.2388],[-76.91469,-12.23805],[-76.9177,-12.23311],[-76.91784,-12.23301],[-76.91798,-12.2333],[-76.91821,-12.23321],[-76.9182,-12.23297],[-76.91794,-12.23291],[-76.91791,-12.23279],[-76.92693,-12.21762],[-76.94087,-12.22573],[-76.95285,-12.20567],[-76.9608,-12.19266]],[[-76.91784,-12.23301],[-76.91794,-12.23291]],[[-76.92234,-12.21465],[-76.92249,-12.21503],[-76.92693,-12.21762]],[[-76.91221,-12.23965],[-76.91253,-12.23855],[-76.91245,-12.2374],[-76.90959,-12.22988]],[[-76.90619,-12.20938],[-76.90628,-12.21212],[-76.90654,-12.21406],[-76.90859,-12.22553],[-76.90954,-12.22918],[-76.90974,-12.22947]],[[-76.90611,-12.20966],[-76.90388,-12.20911]],[[-76.9076,-12.20353],[-76.90654,-12.20322],[-76.90496,-12.20498],[-76.90435,-12.20622],[-76.90347,-12.21075],[-76.90135,-12.21887],[-76.89953,-12.22756]]]}},{"type":"Feature","properties":{"id":"relation/4779932","nombre":"X-SCR26-I","distrito":"Bellavista","tipo":"osm"},"geometry":{"type":"MultiLineString","coordinates":[[[-76.98908,-12.15992],[-76.98945,-12.16074],[-76.99085,-12.16295],[-76.99089,-12.16329],[-76.99209,-12.16546],[-76.99052,-12.16647]],[[-76.99209,-12.16546],[-76.99221,-12.16573],[-76.99218,-12.16858],[-76.99278,-12.16852],[-76.99686,-12.16597]],[[-76.98893,-12.16],[-76.98872,-12.15939],[-76.98875,-12.15843],[-76.989,-12.15787],[-76.99044,-12.15568],[-76.99062,-12.15497],[-76.99042,-12.15402],[-76.98929,-12.15236]],[[-77.01326,-12.12053],[-77.01312,-12.12073],[-77.01304,-12.12426],[-77.01286,-12.12431],[-77.00897,-12.1242],[-77.0085,-12.12402],[-77.00353,-12.1208],[-76.99761,-12.11996],[-76.99302,-12.12159],[-76.99036,-12.12416],[-76.98978,-12.12286],[-76.98901,-12.1216],[-76.98795,-12.12071],[-76.98736,-12.12149],[-76.98179,-12.12674],[-76.98147,-12.12771],[-76.98149,-12.12869],[-76.98375,-12.13468],[-76.98587,-12.14722],[-76.98701,-12.14927],[-76.98831,-12.15066],[-76.98908,-12.15174],[-76.98928,-12.15223]],[[-77.02308,-12.12556],[-77.02173,-12.1243],[-77.01962,-12.1213],[-77.01899,-12.1208],[-77.01836,-12.12063],[-77.01292,-12.1205],[-77.00854,-12.11767]],[[-77.04232,-12.11788],[-77.02921,-12.118],[-77.0278,-12.11695],[-77.0274,-12.11686],[-77.02742,-12.11749],[-77.0264,-12.1175],[-77.02611,-12.1192],[-77.02505,-12.11929],[-77.02224,-12.12117],[-77.0222,-12.1215],[-77.02184,-12.12178],[-77.02097,-12.12235],[-77.02041,-12.12242]],[[-77.04266,-12.11872],[-77.04154,-12.11619],[-77.03992,-12.11414]],[[-77.04841,-12.10923],[-77.04154,-12.11619]],[[-77.04803,-12.10286],[-77.04799,-12.10409],[-77.0474,-12.10494],[-77.04834,-12.10929]],[[-77.05759,-12.10124],[-77.0554,-12.1023]],[[-77.05979,-12.09597],[-77.0559,-12.09797],[-77.05757,-12.1012]],[[-77.0559,-12.09797],[-77.05483,-12.09849]],[[-77.05058,-12.08261],[-77.05063,-12.08368],[-77.0511,-12.08376],[-77.05163,-12.08406],[-77.0561,-12.08766],[-77.05818,-12.09061],[-77.05878,-12.09155],[-77.05922,-12.09269],[-77.05971,-12.096]],[[-77.05366,-12.06538],[-77.04706,-12.07068],[-77.04868,-12.07263],[-77.04724,-12.07379],[-77.04204,-12.07382],[-77.04229,-12.07593],[-77.04242,-12.07987],[-77.04266,-12.08058],[-77.04325,-12.08138],[-77.04383,-12.08176],[-77.0457,-12.08239],[-77.04707,-12.08198],[-77.04815,-12.08186],[-77.04922,-12.082],[-77.05058,-12.08249]],[[-77.04947,-12.072],[-77.04868,-12.07263]],[[-77.0779,-12.06854],[-77.07733,-12.06854],[-77.0748,-12.06795],[-77.0675,-12.06777],[-77.06656,-12.06223],[-77.06096,-12.06323],[-77.05979,-12.06361],[-77.05895,-12.06106],[-77.05691,-12.06274],[-77.05486,-12.06358],[-77.05469,-12.06316],[-77.05314,-12.06358],[-77.05389,-12.06611],[-77.05419,-12.06633]],[[-77.05299,-12.06306],[-77.05306,-12.0636]]]}},{"type":"Feature","properties":{"id":"relation/4783292","nombre":"X-OM77-I","distrito":"Bellavista","tipo":"osm"},"geometry":{"type":"MultiLineString","coordinates":[[[-76.90974,-12.22947],[-76.90954,-12.22918],[-76.90859,-12.22553],[-76.90634,-12.21276],[-76.90621,-12.20805],[-76.9076,-12.20353],[-76.90663,-12.20319],[-76.90496,-12.20498],[-76.90424,-12.20655],[-76.90347,-12.21075],[-76.90135,-12.21887],[-76.89953,-12.22756]],[[-76.90675,-12.18814],[-76.90682,-12.19129],[-76.90712,-12.19436],[-76.90736,-12.19475],[-76.90773,-12.19501],[-76.90918,-12.19551],[-76.90961,-12.19628],[-76.90906,-12.19887],[-76.9076,-12.20353]],[[-76.90988,-12.22987],[-76.90987,-12.23046],[-76.91252,-12.23727],[-76.91264,-12.23806],[-76.91259,-12.2388]],[[-76.91221,-12.23965],[-76.91253,-12.23855],[-76.91245,-12.2374],[-76.90959,-12.22988]],[[-76.92531,-12.24701],[-76.92468,-12.24697],[-76.9128,-12.24012],[-76.91234,-12.24001]],[[-76.94088,-12.22631],[-76.92718,-12.21826],[-76.91824,-12.23311],[-76.91381,-12.24071]],[[-76.91816,-12.23326],[-76.91792,-12.23327],[-76.91784,-12.23301],[-76.91808,-12.2329],[-76.91824,-12.23311]],[[-76.9274,-12.2179],[-76.92718,-12.21826],[-76.92284,-12.21576],[-76.92253,-12.21564],[-76.92229,-12.21576]],[[-76.95336,-12.20568],[-76.94125,-12.22596]],[[-76.96102,-12.19282],[-76.95469,-12.20317],[-76.95331,-12.20564]],[[-76.97141,-12.19248],[-76.96684,-12.19334],[-76.96115,-12.19273]],[[-76.96082,-12.19255],[-76.96109,-12.19248],[-76.96115,-12.19273],[-76.96091,-12.19281],[-76.96082,-12.19255]],[[-76.97208,-12.19074],[-76.97279,-12.18714],[-76.97673,-12.17195]],[[-76.97974,-12.16134],[-76.9783,-12.16691],[-76.9799,-12.16977],[-76.97992,-12.17033],[-76.9796,-12.17094],[-76.97937,-12.17079],[-76.97942,-12.17036]],[[-76.9783,-12.16691],[-76.97249,-12.18899],[-76.97224,-12.1904],[-76.97234,-12.19097],[-76.97226,-12.19293],[-76.97207,-12.19257],[-76.97175,-12.19244]],[[-76.99301,-12.17418],[-76.99201,-12.17496],[-76.99172,-12.17486],[-76.99134,-12.17447],[-76.99029,-12.17485],[-76.98989,-12.17486],[-76.9881,-12.17373],[-76.98654,-12.17238],[-76.98593,-12.17211],[-76.98521,-12.17206],[-76.98249,-12.17254],[-76.98124,-12.17228],[-76.9799,-12.16977]],[[-77.02916,-12.07026],[-77.0171,-12.06871],[-77.01645,-12.07346],[-77.01159,-12.07211],[-77.00631,-12.06823],[-77.00544,-12.06725],[-77.00244,-12.06295],[-77.0015,-12.06329],[-77.00001,-12.06352],[-76.99307,-12.07267],[-76.98441,-12.08372],[-76.98376,-12.0864],[-76.9822,-12.08769],[-76.98147,-12.08869],[-76.98079,-12.09262],[-76.97738,-12.11723],[-76.97703,-12.12703],[-76.97734,-12.12867],[-76.97994,-12.13535],[-76.98051,-12.13712],[-76.98221,-12.14642],[-76.98357,-12.15031],[-76.98392,-12.15306],[-76.98385,-12.15481],[-76.98313,-12.15774],[-76.97922,-12.17106],[-76.97369,-12.18847]],[[-77.11034,-11.99411],[-77.11287,-11.99683],[-77.10977,-12.0028],[-77.097,-12.02862],[-77.09651,-12.02933],[-77.09576,-12.02983],[-77.09488,-12.03002],[-77.07988,-12.03169],[-77.07521,-12.03198],[-77.06829,-12.03189],[-77.06493,-12.03227],[-77.0652,-12.03412],[-77.06603,-12.03563],[-77.06617,-12.03609],[-77.06603,-12.03852],[-77.06493,-12.04865],[-77.0432,-12.04652],[-77.04287,-12.04693],[-77.04186,-12.05833],[-77.04177,-12.05962],[-77.04208,-12.06007],[-77.04203,-12.06052],[-77.04152,-12.06078],[-77.04123,-12.06068],[-77.04091,-12.06029],[-77.03688,-12.05991],[-77.03647,-12.06],[-77.03607,-12.0602],[-77.03582,-12.06076],[-77.03487,-12.06181],[-77.03359,-12.06517],[-77.0292,-12.06454],[-77.02844,-12.07017]],[[-77.04101,-12.06036],[-77.04103,-12.06005],[-77.04122,-12.0598],[-77.04151,-12.0597],[-77.04181,-12.05976]],[[-77.04296,-12.04675],[-77.04273,-12.0468],[-77.04245,-12.04668],[-77.04233,-12.04637],[-77.04246,-12.04609],[-77.04275,-12.04598],[-77.04304,-12.04608],[-77.04317,-12.0463],[-77.04313,-12.04658]],[[-77.0649,-12.03206],[-77.06493,-12.03227]],[[-77.11797,-11.974],[-77.11503,-11.979],[-77.11461,-11.98145],[-77.1147,-11.98191],[-77.11603,-11.98488],[-77.116,-11.98579],[-77.11443,-11.98808],[-77.11417,-11.994],[-77.11287,-11.99683]]]}},{"type":"Feature","properties":{"id":"relation/4783343","nombre":"X-OM47-I","distrito":"Bellavista","tipo":"osm"},"geometry":{"type":"MultiLineString","coordinates":[[[-77.13186,-12.06074],[-77.13357,-12.06119],[-77.12745,-12.06335]],[[-77.15792,-12.06817],[-77.15669,-12.06729],[-77.15568,-12.06681],[-77.15035,-12.06564],[-77.13357,-12.06119]],[[-77.1063,-12.02136],[-77.10656,-12.02158],[-77.10642,-12.02209],[-77.1056,-12.02312],[-77.10525,-12.02382],[-77.10516,-12.02446],[-77.10342,-12.02752],[-77.10307,-12.02789],[-77.09976,-12.03446],[-77.09946,-12.03547],[-77.09933,-12.03924],[-77.09905,-12.04181],[-77.09916,-12.04246],[-77.09902,-12.04432],[-77.09913,-12.04475],[-77.09882,-12.04525],[-77.1041,-12.04544],[-77.10704,-12.04571],[-77.10721,-12.04554],[-77.10747,-12.04351],[-77.10925,-12.04374],[-77.10939,-12.04423],[-77.11557,-12.04262],[-77.12134,-12.04192],[-77.12575,-12.04029],[-77.12681,-12.04217],[-77.12603,-12.05012],[-77.12615,-12.05053],[-77.12587,-12.05047],[-77.12562,-12.05061],[-77.1256,-12.05106],[-77.1258,-12.05121],[-77.1261,-12.05119],[-77.12629,-12.05099],[-77.12631,-12.0507],[-77.12665,-12.05086],[-77.12755,-12.05095],[-77.13306,-12.05143],[-77.13377,-12.05135],[-77.13376,-12.05178],[-77.13412,-12.05199],[-77.13447,-12.05179],[-77.13453,-12.05149],[-77.13889,-12.05173],[-77.13854,-12.05193],[-77.13841,-12.05236],[-77.1386,-12.05271],[-77.13901,-12.05286],[-77.13953,-12.05276],[-77.13978,-12.05233],[-77.13997,-12.05281],[-77.14227,-12.05563],[-77.14249,-12.05623],[-77.14296,-12.05927],[-77.14308,-12.06087],[-77.14266,-12.06358]],[[-77.13889,-12.05173],[-77.13949,-12.05181],[-77.13978,-12.05233]],[[-77.13377,-12.05135],[-77.13417,-12.05118],[-77.13453,-12.05149]],[[-77.12615,-12.05053],[-77.12631,-12.0507]],[[-77.10721,-12.04554],[-77.10736,-12.04565],[-77.10716,-12.04568]],[[-77.12685,-12.06359],[-77.12136,-12.06577],[-77.12001,-12.06553],[-77.11914,-12.06584],[-77.11853,-12.06527],[-77.10711,-12.06331],[-77.10429,-12.06329],[-77.08506,-12.06122],[-77.08403,-12.06124],[-77.0826,-12.06107],[-77.0792,-12.06029]],[[-77.11876,-12.06541],[-77.11882,-12.06514],[-77.11908,-12.06488],[-77.11966,-12.06479],[-77.11995,-12.06517],[-77.11975,-12.06561]],[[-77.12591,-11.83957],[-77.12084,-11.84158],[-77.11856,-11.84024],[-77.11819,-11.84011],[-77.1176,-11.84012],[-77.11705,-11.84039],[-77.11527,-11.84196],[-77.1105,-11.83712],[-77.11001,-11.83687],[-77.10965,-11.83695],[-77.10674,-11.83902],[-77.10456,-11.84074],[-77.07486,-11.86456],[-77.07406,-11.86543],[-77.07206,-11.8684],[-77.06994,-11.87159],[-77.06948,-11.87258],[-77.0693,-11.87343],[-77.06917,-11.87552],[-77.06771,-11.90152],[-77.06775,-11.90282],[-77.06804,-11.90372],[-77.06953,-11.9069],[-77.0736,-11.91302],[-77.07388,-11.91381],[-77.07395,-11.91483],[-77.07099,-11.94609],[-77.06785,-11.96638],[-77.06948,-11.96671],[-77.07022,-11.96706],[-77.07101,-11.96762],[-77.07208,-11.96895],[-77.07259,-11.97051],[-77.07236,-11.98372],[-77.07213,-11.98454],[-77.07247,-11.98645],[-77.07159,-11.9923],[-77.07159,-11.99299],[-77.07173,-11.99342],[-77.07215,-11.99397],[-77.07302,-11.99438],[-77.08445,-11.99603],[-77.0847,-11.99607],[-77.08477,-11.99639]],[[-77.12075,-11.84153],[-77.12593,-11.83943]],[[-77.09875,-12.04517],[-77.09939,-12.04525]],[[-77.09882,-12.04525],[-77.09847,-12.04822],[-77.09836,-12.05133],[-77.09809,-12.0534]],[[-77.08478,-11.99656],[-77.08475,-11.99718],[-77.08256,-12.00655],[-77.08391,-12.00684],[-77.08517,-12.00746],[-77.09027,-12.0116],[-77.09246,-12.01208],[-77.09448,-12.01302],[-77.0959,-12.01411],[-77.09987,-12.01839],[-77.10049,-12.0189],[-77.10219,-12.01995],[-77.1055,-12.02155],[-77.10578,-12.02164],[-77.10605,-12.02153]]]}},{"type":"Feature","properties":{"id":"relation/4783491","nombre":"X-OM42-I","distrito":"Bellavista","tipo":"osm"},"geometry":{"type":"MultiLineString","coordinates":[[[-77.03738,-12.06489],[-77.03838,-12.05331],[-77.03898,-12.04864],[-77.03293,-12.03983],[-77.03129,-12.04068],[-77.02845,-12.04097],[-77.02861,-12.0427],[-77.02521,-12.04247],[-77.02282,-12.04272],[-77.02054,-12.04149],[-77.01774,-12.04035],[-77.01425,-12.03773],[-77.01342,-12.03736],[-77.01321,-12.03711],[-77.01271,-12.03512],[-77.01246,-12.03308],[-77.01199,-12.03215],[-77.0122,-12.03138],[-77.01209,-12.03054],[-77.0115,-12.02859],[-77.01038,-12.02624],[-77.00514,-12.02056],[-77.00324,-12.01895],[-77.0021,-12.01749],[-77.00189,-12.01696],[-77.00175,-12.01604],[-77.00192,-12.01311],[-77.00212,-12.01199],[-77.00243,-12.01132],[-77.00808,-12.00238],[-77.01088,-11.9927],[-77.01099,-11.992],[-77.01095,-11.99119],[-77.01069,-11.99],[-77.01009,-11.98896],[-77.00758,-11.98671],[-77.00702,-11.98598],[-77.00507,-11.98028],[-77.00438,-11.97887],[-77.00321,-11.97724],[-77.00155,-11.97586],[-76.99693,-11.97256],[-76.99604,-11.97172],[-76.99317,-11.96791],[-76.98541,-11.95683],[-76.98542,-11.9562],[-76.98746,-11.95202],[-76.98748,-11.95151],[-76.98197,-11.94343],[-76.98943,-11.93844],[-76.9891,-11.93776],[-76.98888,-11.93471],[-76.98884,-11.93384],[-76.989,-11.93245]],[[-77.0121,-12.03198],[-77.01232,-12.03214],[-77.01224,-12.03227],[-77.01205,-12.03226]],[[-77.03902,-12.06484],[-77.03632,-12.0644]],[[-77.03945,-12.06473],[-77.03935,-12.06487],[-77.03912,-12.0649],[-77.03896,-12.06461],[-77.03924,-12.06442],[-77.03939,-12.06451],[-77.03945,-12.06473],[-77.03994,-12.06458],[-77.04564,-12.06535],[-77.06583,-12.08971],[-77.06928,-12.08845],[-77.06729,-12.08314],[-77.07887,-12.07895],[-77.08066,-12.07842],[-77.08185,-12.07828],[-77.09089,-12.07806],[-77.09246,-12.07779],[-77.09383,-12.07731],[-77.10008,-12.07427],[-77.10005,-12.07376],[-77.09915,-12.07271],[-77.0976,-12.06777],[-77.09741,-12.06655],[-77.09722,-12.06265],[-77.09792,-12.05488],[-77.09836,-12.05133],[-77.09847,-12.04822],[-77.09873,-12.04544],[-77.09913,-12.04475],[-77.09902,-12.04421],[-77.09916,-12.04246],[-77.09904,-12.04197],[-77.09933,-12.03924],[-77.09946,-12.03547],[-77.09983,-12.03426],[-77.10307,-12.02789],[-77.10342,-12.02752],[-77.10516,-12.02446],[-77.10525,-12.02382],[-77.1056,-12.02312],[-77.10642,-12.02209],[-77.10675,-12.02092],[-77.10756,-12.01942],[-77.10765,-12.01897],[-77.10854,-12.0172],[-77.10885,-12.0168],[-77.11004,-12.01449],[-77.11111,-12.01292],[-77.11123,-12.01205],[-77.11217,-12.00983],[-77.11456,-12.00499],[-77.11546,-12.00345],[-77.11578,-12.00236],[-77.11677,-12.00115],[-77.1177,-12.00047],[-77.12089,-11.99922],[-77.12147,-11.99917],[-77.12578,-11.99749],[-77.12629,-11.99684],[-77.12577,-11.99239],[-77.12506,-11.97601],[-77.12524,-11.97147],[-77.12587,-11.96767],[-77.12653,-11.96525],[-77.13165,-11.94985],[-77.13187,-11.94836],[-77.13062,-11.9319],[-77.12864,-11.9131],[-77.12878,-11.90818],[-77.12825,-11.90116],[-77.12705,-11.89761],[-77.12624,-11.89161],[-77.12615,-11.88656],[-77.12635,-11.88508],[-77.12629,-11.88433],[-77.12646,-11.87989],[-77.12669,-11.87895]],[[-77.07079,-12.09576],[-77.06583,-12.08971]],[[-77.1524,-11.83487],[-77.16348,-11.83215],[-77.16637,-11.83381],[-77.16871,-11.83081]],[[-77.13058,-11.87791],[-77.12988,-11.87773],[-77.12868,-11.8778]],[[-77.13045,-11.8777],[-77.13302,-11.87798],[-77.13352,-11.87794],[-77.13418,-11.87763],[-77.13486,-11.87688]],[[-77.15307,-11.83636],[-77.15313,-11.83618],[-77.15337,-11.83607],[-77.16249,-11.83386],[-77.16311,-11.83624],[-77.16173,-11.83719],[-77.15581,-11.83861],[-77.15584,-11.83917],[-77.15322,-11.84341],[-77.14997,-11.84426],[-77.15023,-11.84526],[-77.15084,-11.84592],[-77.15127,-11.84713],[-77.15242,-11.84793],[-77.15264,-11.84822],[-77.15354,-11.85178],[-77.15373,-11.85209],[-77.15891,-11.85515]],[[-77.15142,-11.8354],[-77.15319,-11.83643]]]}},{"type":"Feature","properties":{"id":"relation/4784636","nombre":"X-OM31-I","distrito":"Bellavista","tipo":"osm"},"geometry":{"type":"MultiLineString","coordinates":[[[-76.88817,-12.0334],[-76.88772,-12.03212],[-76.88595,-12.02832],[-76.88625,-12.02296],[-76.88609,-12.02276]],[[-76.8815,-12.02491],[-76.90524,-12.02827]],[[-76.89522,-12.01796],[-76.8928,-12.02971],[-76.89191,-12.03144],[-76.8917,-12.03302],[-76.8909,-12.03398],[-76.8909,-12.03469],[-76.89063,-12.03508],[-76.89097,-12.03567]],[[-76.9201,-12.02656],[-76.9185,-12.02678],[-76.91688,-12.02664],[-76.89404,-12.02373]],[[-76.93461,-12.04143],[-76.92327,-12.02818],[-76.92069,-12.0265]],[[-76.94081,-12.05312],[-76.93727,-12.04665],[-76.93712,-12.04573],[-76.93745,-12.04445],[-76.93736,-12.04397],[-76.93708,-12.04367],[-76.93591,-12.04304],[-76.93453,-12.0415]],[[-76.94444,-12.05717],[-76.94306,-12.05634],[-76.94201,-12.0552],[-76.94081,-12.05312],[-76.94112,-12.05282],[-76.94159,-12.05288]],[[-76.94179,-12.05305],[-76.94168,-12.05347]],[[-77.1199,-12.06495],[-77.11626,-12.06758],[-77.1036,-12.07256],[-77.09327,-12.07756],[-77.09089,-12.07806],[-77.08185,-12.07828],[-77.08013,-12.07854],[-77.06579,-12.08368],[-77.06487,-12.0842],[-77.06432,-12.08555],[-77.06295,-12.0867],[-77.05076,-12.09478],[-77.01109,-12.08921],[-77.00844,-12.08898],[-76.98974,-12.08635],[-76.98729,-12.08587],[-76.98512,-12.08516],[-76.98147,-12.085],[-76.97059,-12.08363],[-76.96991,-12.08375],[-76.96964,-12.08355],[-76.96931,-12.08291],[-76.96749,-12.08174],[-76.96692,-12.08117],[-76.96486,-12.07807],[-76.96364,-12.07567],[-76.96285,-12.07479],[-76.96165,-12.07394],[-76.95655,-12.07159],[-76.95834,-12.06786],[-76.95333,-12.06512],[-76.9519,-12.0635],[-76.94909,-12.06264],[-76.94606,-12.0627],[-76.94206,-12.0606],[-76.94444,-12.05657]],[[-76.95847,-12.06792],[-76.95834,-12.06786],[-76.95841,-12.06772]],[[-76.96957,-12.08334],[-76.96973,-12.08298],[-76.97016,-12.0829],[-76.97045,-12.0832],[-76.97033,-12.08364]],[[-77.11533,-12.04987],[-77.11477,-12.0588],[-77.11518,-12.05965],[-77.11892,-12.06468],[-77.11913,-12.0648],[-77.11966,-12.06479],[-77.11989,-12.06502],[-77.11995,-12.06525],[-77.11975,-12.06561],[-77.11914,-12.06584],[-77.11886,-12.06566],[-77.11876,-12.0653],[-77.1192,-12.0648]],[[-77.10946,-12.04699],[-77.10924,-12.04934],[-77.11825,-12.05012]],[[-77.10634,-12.04908],[-77.10924,-12.04934]]]}},{"type":"Feature","properties":{"id":"relation/4784689","nombre":"X-OM22-I","distrito":"Bellavista","tipo":"osm"},"geometry":{"type":"MultiLineString","coordinates":[[[-76.94394,-12.10048],[-76.94432,-12.10095],[-76.94814,-12.10389]],[[-76.98906,-12.07778],[-76.98436,-12.08379],[-76.98398,-12.0857],[-76.98408,-12.086],[-76.98436,-12.08607],[-76.98478,-12.08586],[-76.98487,-12.08554],[-76.98469,-12.08525],[-76.98423,-12.08511],[-76.97969,-12.08481],[-76.97059,-12.08363],[-76.96991,-12.08375],[-76.96964,-12.08355],[-76.96931,-12.08291],[-76.96749,-12.08174],[-76.96692,-12.08117],[-76.96486,-12.07807],[-76.96364,-12.07567],[-76.96285,-12.07479],[-76.96165,-12.07394],[-76.9567,-12.07165],[-76.95586,-12.07337],[-76.95585,-12.07375],[-76.95553,-12.07359],[-76.95524,-12.07384],[-76.95536,-12.07416],[-76.95566,-12.07421],[-76.95539,-12.07444],[-76.95476,-12.07579],[-76.95445,-12.07701],[-76.95432,-12.07832],[-76.95466,-12.07937],[-76.95509,-12.08012],[-76.95683,-12.08172],[-76.95745,-12.08271],[-76.95776,-12.08424],[-76.95747,-12.08564],[-76.95693,-12.08648],[-76.95445,-12.08896],[-76.95288,-12.0924],[-76.95277,-12.09296],[-76.95281,-12.09392],[-76.95266,-12.09455],[-76.95048,-12.09943],[-76.94509,-12.09708],[-76.94392,-12.10037]],[[-76.95585,-12.07375],[-76.95587,-12.074],[-76.95566,-12.07421]],[[-76.96957,-12.08334],[-76.96973,-12.08298],[-76.97016,-12.0829],[-76.97045,-12.0832],[-76.97033,-12.08364]],[[-77.0532,-12.09316],[-77.05002,-12.08694],[-77.0493,-12.08582],[-77.04888,-12.08545],[-77.04856,-12.08549],[-77.02681,-12.08251],[-77.02092,-12.08137],[-77.01986,-12.0813],[-77.01843,-12.08154],[-77.01085,-12.0849],[-77.00987,-12.08499],[-76.99878,-12.08335],[-76.99582,-12.08169],[-76.99342,-12.08102],[-76.98894,-12.0777]],[[-77.1063,-12.02136],[-77.10656,-12.02158],[-77.10642,-12.02209],[-77.1056,-12.02312],[-77.10525,-12.02382],[-77.10516,-12.02446],[-77.10342,-12.02752],[-77.10307,-12.02789],[-77.10048,-12.03314],[-77.1001,-12.0336],[-77.09946,-12.03547],[-77.09933,-12.03924],[-77.09904,-12.04197],[-77.09916,-12.04246],[-77.09902,-12.04421],[-77.09913,-12.04475],[-77.09873,-12.04544],[-77.09847,-12.04822],[-77.09836,-12.05133],[-77.09792,-12.05488],[-77.09722,-12.06265],[-77.09741,-12.06655],[-77.0976,-12.06777],[-77.09915,-12.07271],[-77.10005,-12.07376],[-77.10008,-12.07427],[-77.09383,-12.07731],[-77.09246,-12.07779],[-77.09089,-12.07806],[-77.08185,-12.07828],[-77.08066,-12.07842],[-77.07805,-12.07923],[-77.06579,-12.08368],[-77.06487,-12.0842],[-77.06432,-12.08555],[-77.06295,-12.0867],[-77.05085,-12.09471]],[[-77.06228,-12.00423],[-77.0629,-12.00453],[-77.07412,-12.00623],[-77.07492,-12.00633],[-77.07686,-12.00624],[-77.08256,-12.00655],[-77.08417,-12.00694],[-77.08556,-12.00773],[-77.0896,-12.01115],[-77.09027,-12.0116],[-77.09303,-12.01228],[-77.09408,-12.01279],[-77.0952,-12.01353],[-77.0959,-12.01411],[-77.09987,-12.01839],[-77.10125,-12.01944],[-77.10568,-12.02163],[-77.10605,-12.02153]],[[-77.0622,-12.00411],[-77.06231,-12.00438],[-77.0622,-12.00462],[-77.06193,-12.00472],[-77.06169,-12.00461],[-77.06158,-12.00436],[-77.06169,-12.00411],[-77.06194,-12.00401],[-77.0622,-12.00411],[-77.06217,-12.00329],[-77.06243,-12.00091],[-77.06295,-11.99768],[-77.06347,-11.9969],[-77.0644,-11.9907],[-77.06459,-11.99036],[-77.06424,-11.99043],[-77.06377,-11.99032],[-77.06358,-11.99005],[-77.06365,-11.98977],[-77.06326,-11.98987],[-77.05721,-11.98894]],[[-77.06365,-11.98977],[-77.06403,-11.98963],[-77.06459,-11.98977],[-77.06472,-11.9901],[-77.06459,-11.99036]],[[-77.12593,-11.83943],[-77.12075,-11.84153],[-77.11856,-11.84024],[-77.11819,-11.84011],[-77.1176,-11.84012],[-77.11705,-11.84039],[-77.11527,-11.84196],[-77.1105,-11.83712],[-77.11001,-11.83687],[-77.10965,-11.83695],[-77.10674,-11.83902],[-77.10456,-11.84074],[-77.07486,-11.86456],[-77.07393,-11.86562],[-77.06994,-11.87159],[-77.06954,-11.87241],[-77.0693,-11.87343],[-77.06769,-11.90205],[-77.06787,-11.90334],[-77.06953,-11.9069],[-77.07321,-11.91233],[-77.07371,-11.91324],[-77.07393,-11.91412],[-77.0739,-11.91558],[-77.07247,-11.93072],[-77.06977,-11.93036],[-77.06823,-11.92979],[-77.06654,-11.92861],[-77.06546,-11.92735],[-77.04689,-11.89424],[-77.04605,-11.89287],[-77.04512,-11.89169],[-77.04408,-11.89095],[-77.04357,-11.8908],[-77.04284,-11.89078],[-77.04029,-11.89162],[-77.03906,-11.89255],[-77.04003,-11.89349],[-77.04159,-11.89408],[-77.04226,-11.89448],[-77.04073,-11.89539],[-77.03947,-11.89766],[-77.03862,-11.89836],[-77.04005,-11.90093],[-77.03917,-11.90154],[-77.03683,-11.90509],[-77.03604,-11.90586],[-77.03438,-11.90844],[-77.03679,-11.90934],[-77.03748,-11.90984],[-77.04062,-11.91537],[-77.04144,-11.91772],[-77.04226,-11.92242],[-77.04283,-11.92674],[-77.04314,-11.92803],[-77.04463,-11.93112],[-77.0468,-11.93372],[-77.04893,-11.93677],[-77.04968,-11.93793],[-77.05019,-11.93921],[-77.05058,-11.94418],[-77.04937,-11.94923],[-77.0494,-11.94988],[-77.04973,-11.9504],[-77.0508,-11.95136],[-77.05117,-11.95195],[-77.05583,-11.96579],[-77.05749,-11.96866],[-77.0576,-11.96915],[-77.05755,-11.97207],[-77.05793,-11.97363],[-77.05949,-11.97635],[-77.05991,-11.97652],[-77.06005,-11.97676],[-77.05951,-11.97928],[-77.05955,-11.97987],[-77.05807,-11.98682],[-77.0573,-11.98846],[-77.05721,-11.98907]],[[-77.03438,-11.90844],[-77.03418,-11.90859]],[[-77.04336,-11.89389],[-77.04226,-11.89448]],[[-77.03892,-11.89239],[-77.03906,-11.89255]],[[-77.13359,-11.84726],[-77.13383,-11.84748],[-77.13376,-11.84768],[-77.13342,-11.84746],[-77.13342,-11.84734],[-77.13381,-11.84692],[-77.14217,-11.83307],[-77.14236,-11.83294],[-77.16113,-11.82841],[-77.16188,-11.83119],[-77.16637,-11.83381],[-77.16871,-11.83081]],[[-77.11527,-11.84196],[-77.11291,-11.83955]],[[-77.13342,-11.84746],[-77.12767,-11.844],[-77.12725,-11.84267],[-77.12649,-11.83939],[-77.12462,-11.84001],[-77.12084,-11.84158],[-77.12075,-11.84153]],[[-77.13321,-11.84732],[-77.13345,-11.8473]]]}},{"type":"Feature","properties":{"id":"relation/4784767","nombre":"X-OM19-I","distrito":"Bellavista","tipo":"osm"},"geometry":{"type":"MultiLineString","coordinates":[[[-77.00055,-12.12896],[-76.98753,-12.1279],[-76.98634,-12.12817],[-76.98191,-12.12981],[-76.98375,-12.13468],[-76.98582,-12.14698],[-76.98619,-12.14783],[-76.98347,-12.14956],[-76.98526,-12.14845]],[[-76.92783,-12.22842],[-76.93261,-12.23122],[-76.93728,-12.2376]],[[-76.93202,-12.24387],[-76.92821,-12.23905],[-76.92315,-12.2361],[-76.9274,-12.22897],[-76.92772,-12.2289]],[[-76.91798,-12.24313],[-76.91911,-12.24123],[-76.92191,-12.23804],[-76.92315,-12.2361],[-76.91818,-12.23324]],[[-76.92767,-12.22887],[-76.92743,-12.2286],[-76.92743,-12.2284],[-76.92757,-12.2283],[-76.92775,-12.22835],[-76.92796,-12.22866],[-76.92785,-12.22889],[-76.92767,-12.22887]],[[-76.95875,-12.15948],[-76.96011,-12.16306],[-76.96253,-12.17375],[-76.96272,-12.17978],[-76.96246,-12.18122],[-76.95605,-12.19219],[-76.93242,-12.23155]],[[-76.96855,-12.16167],[-76.96149,-12.16454],[-76.96043,-12.16478]],[[-76.96564,-12.18014],[-76.96901,-12.16706],[-76.96919,-12.16563],[-76.96917,-12.16461]],[[-76.9783,-12.16691],[-76.97813,-12.16671],[-76.9783,-12.16691]],[[-76.97813,-12.16671],[-76.97049,-12.16475],[-76.96918,-12.16469],[-76.97049,-12.16475],[-76.97813,-12.16671]],[[-76.96289,-12.14026],[-76.96371,-12.14129],[-76.96451,-12.14316],[-76.96506,-12.14403],[-76.96703,-12.14603],[-76.96965,-12.14829],[-76.97043,-12.14918],[-76.97182,-12.15386],[-76.97296,-12.15675],[-76.97326,-12.15801],[-76.97337,-12.15982],[-76.97291,-12.16388]],[[-76.98347,-12.14956],[-76.98225,-12.15014],[-76.98019,-12.15072],[-76.97646,-12.15224],[-76.97662,-12.15258],[-76.97822,-12.15384],[-76.97722,-12.15498],[-76.97296,-12.15675]],[[-76.9785,-12.15403],[-76.97822,-12.15384]],[[-76.95681,-12.1607],[-76.95739,-12.16015],[-76.95856,-12.15956],[-76.97337,-12.15359],[-76.97646,-12.15224],[-76.97638,-12.15205]],[[-77.00109,-12.12833],[-77.00142,-12.12847],[-77.00158,-12.12887],[-77.00141,-12.12922],[-77.00103,-12.12935],[-77.00063,-12.12913],[-77.00054,-12.12878],[-77.00076,-12.12842],[-77.00109,-12.12833]],[[-77.02925,-12.11934],[-77.02931,-12.11969],[-77.0324,-12.12383],[-77.03162,-12.12415],[-77.02949,-12.12454],[-77.00218,-12.12882],[-77.00154,-12.12904]],[[-77.03696,-12.11072],[-77.03706,-12.11909],[-77.02939,-12.11918],[-77.02904,-12.1195],[-77.02889,-12.11934],[-77.0289,-12.11907],[-77.02903,-12.11896],[-77.02918,-12.11903]],[[-77.10651,-12.07141],[-77.1027,-12.07298],[-77.09301,-12.07764],[-77.09089,-12.07806],[-77.08185,-12.07828],[-77.08066,-12.07842],[-77.07805,-12.07923],[-77.06579,-12.08368],[-77.06487,-12.0842],[-77.06432,-12.08555],[-77.06295,-12.0867],[-77.05076,-12.09478],[-77.03446,-12.09249],[-77.03441,-12.09283],[-77.03568,-12.09632],[-77.03695,-12.09865],[-77.03757,-12.09938],[-77.03779,-12.09986],[-77.03847,-12.10204],[-77.03909,-12.10566],[-77.03954,-12.10723],[-77.03938,-12.10779],[-77.03721,-12.11001],[-77.03734,-12.11024],[-77.03726,-12.11056],[-77.03696,-12.11072],[-77.03661,-12.11058],[-77.0365,-12.11031],[-77.03664,-12.11001],[-77.03693,-12.10989],[-77.03721,-12.11001]],[[-77.13901,-12.05286],[-77.13791,-12.05302],[-77.12767,-12.05927],[-77.1166,-12.0674],[-77.10943,-12.07029]],[[-77.13889,-12.05173],[-77.13933,-12.05175],[-77.13971,-12.05205],[-77.13976,-12.05243],[-77.13946,-12.0528],[-77.13887,-12.05285],[-77.13846,-12.05253],[-77.1385,-12.05198],[-77.13889,-12.05173],[-77.13453,-12.05149],[-77.13447,-12.05179],[-77.13412,-12.05199],[-77.13376,-12.05178],[-77.13377,-12.05135],[-77.13306,-12.05143],[-77.12755,-12.05095],[-77.12665,-12.05086],[-77.12631,-12.0507],[-77.12629,-12.05099],[-77.1261,-12.05119],[-77.1258,-12.05121],[-77.12557,-12.051],[-77.12558,-12.05068],[-77.12578,-12.05049],[-77.12609,-12.0505],[-77.12631,-12.0507]],[[-77.13377,-12.05135],[-77.13417,-12.05118],[-77.13453,-12.05149]]]}},{"type":"Feature","properties":{"id":"relation/4784905","nombre":"X-OM05-I","distrito":"Bellavista","tipo":"osm"},"geometry":{"type":"MultiLineString","coordinates":[[[-76.97734,-12.12867],[-76.9784,-12.13051],[-76.97862,-12.13069],[-76.97901,-12.13075],[-76.98726,-12.12778],[-77.00056,-12.1287]],[[-77.06229,-11.96176],[-77.06126,-11.96056],[-77.06093,-11.95995],[-77.05981,-11.95589],[-77.05991,-11.95076],[-77.06041,-11.94705],[-77.06036,-11.94604],[-77.06061,-11.94503],[-77.06045,-11.94335],[-77.05997,-11.94174],[-77.05256,-11.92826],[-77.05214,-11.92691],[-77.05133,-11.92223],[-77.05054,-11.92013],[-77.03762,-11.89708],[-77.03605,-11.89492],[-77.03521,-11.89288],[-77.03337,-11.88946]],[[-77.08442,-11.99595],[-77.08325,-11.9934],[-77.08177,-11.99147],[-77.08121,-11.98939],[-77.07854,-11.98436],[-77.0778,-11.98108],[-77.0768,-11.97813],[-77.07662,-11.97591],[-77.07474,-11.96789],[-77.07389,-11.96603],[-77.07307,-11.96505],[-77.0722,-11.9643],[-77.06982,-11.9629],[-77.06319,-11.96179]],[[-77.0845,-11.9962],[-77.08445,-11.99603]],[[-77.07507,-12.02552],[-77.07448,-12.02398],[-77.07442,-12.02325],[-77.07453,-12.02263],[-77.07923,-12.01349],[-77.07953,-12.01263],[-77.08014,-12.01189],[-77.08181,-12.00845],[-77.08448,-11.99738],[-77.08454,-11.99636]],[[-77.08092,-12.07753],[-77.08082,-12.07707],[-77.08011,-12.07558],[-77.07887,-12.07405],[-77.07847,-12.07335],[-77.07782,-12.06983],[-77.07779,-12.06676],[-77.07836,-12.06324],[-77.0798,-12.05737],[-77.08015,-12.05667],[-77.08088,-12.05585],[-77.0782,-12.05173],[-77.07807,-12.05127],[-77.07798,-12.04951],[-77.07688,-12.04752],[-77.07668,-12.04656],[-77.07754,-12.0358],[-77.07815,-12.03495],[-77.07833,-12.03424],[-77.0771,-12.03069],[-77.07555,-12.02678]],[[-77.07771,-12.03563],[-77.0779,-12.03579],[-77.07773,-12.03598],[-77.07754,-12.0358],[-77.07771,-12.03563]],[[-77.07771,-12.03563],[-77.07786,-12.0357],[-77.07788,-12.03587],[-77.0776,-12.03593]],[[-77.02918,-12.11903],[-77.02903,-12.11896],[-77.0289,-12.11907],[-77.02889,-12.11934],[-77.02904,-12.1195],[-77.02924,-12.11937],[-77.02918,-12.11903],[-77.03978,-12.11895],[-77.03985,-12.11921],[-77.0401,-12.11932],[-77.04034,-12.11921],[-77.04041,-12.11895],[-77.0425,-12.11892],[-77.04265,-12.11922],[-77.04298,-12.11919],[-77.04309,-12.11898],[-77.04298,-12.11875],[-77.04353,-12.11815],[-77.04839,-12.11323],[-77.04839,-12.11302],[-77.04861,-12.11299],[-77.0537,-12.10786],[-77.05824,-12.10293],[-77.05313,-12.09301],[-77.06289,-12.08662],[-77.06417,-12.08558],[-77.06439,-12.08518],[-77.06458,-12.08432],[-77.06521,-12.08375],[-77.07923,-12.07863],[-77.07919,-12.07852],[-77.08063,-12.07813],[-77.08085,-12.07797],[-77.08093,-12.07765]],[[-77.05067,-12.09461],[-77.05313,-12.09301]],[[-77.0425,-12.11892],[-77.0427,-12.1187],[-77.04298,-12.11875]],[[-77.03978,-12.11895],[-77.04011,-12.1187],[-77.04041,-12.11895]],[[-77.02564,-12.11908],[-77.02891,-12.11904]],[[-77.00156,-12.12869],[-77.00184,-12.12874],[-77.02392,-12.12532],[-77.02502,-12.12076],[-77.02577,-12.11849],[-77.02596,-12.11723],[-77.02589,-12.11667]],[[-77.00109,-12.12833],[-77.00142,-12.12847],[-77.00158,-12.12887],[-77.00141,-12.12922],[-77.00103,-12.12935],[-77.00063,-12.12913],[-77.00054,-12.12878],[-77.00076,-12.12842],[-77.00109,-12.12833]],[[-77.00031,-12.11181],[-77.00001,-12.1133],[-76.99859,-12.11848],[-76.99837,-12.12071],[-76.9986,-12.12224],[-77.00109,-12.12833]],[[-76.97024,-12.0837],[-76.96991,-12.08403],[-76.96936,-12.08513],[-76.96775,-12.08634],[-76.96716,-12.08733],[-76.96706,-12.08799],[-76.96713,-12.09133],[-76.96741,-12.09301],[-76.96817,-12.09504],[-76.9696,-12.09639],[-76.96991,-12.09686],[-76.96918,-12.09893],[-76.97071,-12.10291],[-76.97052,-12.1037],[-76.97055,-12.10425],[-76.97282,-12.10976],[-76.97876,-12.11017],[-76.9791,-12.10999],[-76.97913,-12.10969],[-76.97874,-12.10931],[-76.97856,-12.10938],[-76.97839,-12.10978],[-76.97738,-12.11723],[-76.97705,-12.12732],[-76.97734,-12.12867],[-76.98032,-12.13645],[-76.98112,-12.1404]],[[-76.96984,-12.08292],[-76.97016,-12.0829],[-76.97041,-12.0831],[-76.97045,-12.08343],[-76.97024,-12.0837],[-76.96991,-12.08375],[-76.96964,-12.08355],[-76.96961,-12.08315],[-76.96984,-12.08292],[-76.96941,-12.08279],[-76.96812,-12.08195],[-76.96705,-12.08103],[-76.96537,-12.07846],[-76.96383,-12.07564],[-76.96284,-12.07454],[-76.96182,-12.07382],[-76.95677,-12.07149],[-76.95853,-12.06778],[-76.95342,-12.06503],[-76.95196,-12.06338],[-76.94907,-12.06252],[-76.9461,-12.06257],[-76.94242,-12.06066],[-76.94472,-12.05671]],[[-76.94168,-12.05347],[-76.94152,-12.05375],[-76.94116,-12.05375],[-76.94081,-12.05312],[-76.94112,-12.05282],[-76.94173,-12.05294],[-76.94168,-12.05347],[-76.9422,-12.05449],[-76.94286,-12.05538],[-76.94372,-12.05614],[-76.95084,-12.05988],[-76.95392,-12.06119],[-76.95877,-12.06187],[-76.96083,-12.06263]],[[-76.90083,-12.0144],[-76.89954,-12.01572],[-76.89833,-12.01634],[-76.89759,-12.01827],[-76.89775,-12.01854],[-76.89934,-12.0192],[-76.91912,-12.02561],[-76.91999,-12.02598],[-76.92268,-12.0276],[-76.92362,-12.02837],[-76.93591,-12.04278],[-76.93656,-12.04324],[-76.93778,-12.04372],[-76.93788,-12.04493],[-76.9377,-12.04561],[-76.93777,-12.04642],[-76.94133,-12.05283]],[[-76.93739,-11.98603],[-76.93513,-11.98845],[-76.92843,-11.99714],[-76.92747,-11.99806],[-76.92522,-11.99965],[-76.92132,-12.00148],[-76.9054,-12.00975],[-76.90518,-12.00993],[-76.90481,-12.01121],[-76.90459,-12.01156],[-76.90304,-12.01255],[-76.90215,-12.01338],[-76.90108,-12.01414]],[[-76.93736,-11.98599],[-76.94148,-11.98155],[-76.94171,-11.98013],[-76.94225,-11.97957],[-76.94255,-11.97943]],[[-76.94245,-11.97953],[-76.93356,-11.9617],[-76.9328,-11.9586],[-76.93268,-11.9579],[-76.93278,-11.95766]],[[-76.94155,-11.98143],[-76.94249,-11.98231],[-76.94344,-11.98249],[-76.94403,-11.98226],[-76.94463,-11.98154],[-76.94478,-11.98073],[-76.94459,-11.98008],[-76.94434,-11.97979],[-76.94389,-11.97947],[-76.9433,-11.97931],[-76.94256,-11.97944]]]}},{"type":"Feature","properties":{"id":"relation/4784970","nombre":"X-SCR35-I","distrito":"Bellavista","tipo":"osm"},"geometry":{"type":"MultiLineString","coordinates":[[[-77.05772,-12.08997],[-77.05762,-12.09004],[-77.05598,-12.08769],[-77.05158,-12.08416],[-77.05215,-12.0831],[-77.05346,-12.08337],[-77.05459,-12.0832],[-77.05559,-12.08272],[-77.05726,-12.08141],[-77.0443,-12.06576],[-77.04418,-12.06506]],[[-77.03886,-12.06439],[-77.03912,-12.06444]],[[-77.0442,-12.06516],[-77.03988,-12.06458],[-77.03955,-12.06464],[-77.03918,-12.06492],[-77.03895,-12.06467],[-77.03935,-12.06428],[-77.04123,-12.06068],[-77.04161,-12.06078],[-77.04192,-12.06064],[-77.04209,-12.06037],[-77.04205,-12.06],[-77.05218,-12.057],[-77.05621,-12.06166],[-77.05866,-12.05967],[-77.05985,-12.06349],[-77.06107,-12.0631],[-77.06666,-12.0621],[-77.06761,-12.06766]],[[-77.03918,-12.06442],[-77.03939,-12.06451],[-77.03945,-12.06473]],[[-77.06191,-12.06742],[-77.06481,-12.06762],[-77.0749,-12.06784],[-77.07773,-12.06843]],[[-77.05976,-12.06352],[-77.05985,-12.06349]],[[-77.04123,-12.06068],[-77.04103,-12.06044],[-77.04101,-12.06012],[-77.04116,-12.05985],[-77.04142,-12.05971]],[[-77.04298,-12.11875],[-77.04257,-12.11878],[-77.0425,-12.119],[-77.04261,-12.11919],[-77.043,-12.11917],[-77.04309,-12.11895],[-77.04298,-12.11875],[-77.04353,-12.11815],[-77.04839,-12.11323],[-77.04839,-12.11302],[-77.04861,-12.11299],[-77.0537,-12.10786],[-77.05824,-12.10293],[-77.05313,-12.09301],[-77.05762,-12.09004],[-77.05772,-12.09017]],[[-77.05067,-12.09461],[-77.05313,-12.09301]],[[-77.04266,-12.11872],[-77.04154,-12.11619],[-77.03992,-12.11414]],[[-77.02819,-12.11695],[-77.03703,-12.11688],[-77.03704,-12.11713],[-77.04195,-12.11708]],[[-77.01284,-12.12026],[-77.01326,-12.12037],[-77.01868,-12.12053],[-77.01954,-12.121],[-77.02039,-12.12214],[-77.02064,-12.12175],[-77.02179,-12.12098],[-77.02215,-12.12105],[-77.0251,-12.1191],[-77.02819,-12.11904],[-77.02819,-12.11695],[-77.03113,-12.09951],[-77.03243,-12.09087]],[[-77.0282,-12.11917],[-77.02819,-12.11904],[-77.02891,-12.11904]],[[-76.98308,-12.1332],[-76.98139,-12.1287],[-76.98132,-12.12802],[-76.98148,-12.12719],[-76.98206,-12.12625],[-76.98729,-12.12141],[-76.98796,-12.12055],[-76.98912,-12.12155],[-76.98991,-12.12285],[-76.99037,-12.1239],[-76.99294,-12.12149],[-76.99761,-12.11984],[-77.00357,-12.12065],[-77.00898,-12.12398],[-77.00963,-12.1241],[-77.01286,-12.12417],[-77.01298,-12.12034]],[[-76.98882,-12.13106],[-76.97982,-12.13442]],[[-76.98893,-12.16],[-76.98872,-12.15939],[-76.98875,-12.15843],[-76.989,-12.15787],[-76.99046,-12.15564],[-76.99062,-12.15502],[-76.99058,-12.15446],[-76.99034,-12.15388],[-76.98841,-12.15107],[-76.98692,-12.14949],[-76.98578,-12.14731],[-76.98457,-12.14019],[-76.99145,-12.1391],[-76.99029,-12.13531],[-76.98878,-12.13093],[-76.98534,-12.12232],[-76.98404,-12.11865],[-76.98398,-12.11696],[-76.98493,-12.10374]],[[-76.99162,-12.14171],[-76.9913,-12.1413],[-76.99126,-12.14105],[-76.99161,-12.13998],[-76.99145,-12.1391],[-76.99156,-12.13908]],[[-76.98968,-12.16133],[-76.98706,-12.16281],[-76.98628,-12.1629],[-76.98623,-12.16164],[-76.98592,-12.16044]]]}},{"type":"Feature","properties":{"id":"relation/4785137","nombre":"X-SCR36-I","distrito":"Bellavista","tipo":"osm"},"geometry":{"type":"MultiLineString","coordinates":[[[-76.99038,-12.15394],[-76.98823,-12.15083],[-76.98692,-12.14949],[-76.98578,-12.14731],[-76.98363,-12.13467],[-76.98176,-12.12974],[-76.98735,-12.12777],[-77.00056,-12.1287]],[[-77.07817,-12.04957],[-77.07872,-12.04998],[-77.0854,-12.05127]],[[-77.07684,-12.04736],[-77.07791,-12.04935],[-77.07801,-12.04987],[-77.07872,-12.04998]],[[-77.07741,-12.04976],[-77.07801,-12.04987],[-77.07807,-12.05127],[-77.0782,-12.05173],[-77.08088,-12.05585],[-77.08015,-12.05667],[-77.07985,-12.05723],[-77.07913,-12.05995],[-77.07799,-12.06513],[-77.07773,-12.06843],[-77.0749,-12.06784],[-77.06481,-12.06762],[-77.06191,-12.06742]],[[-77.02819,-12.11695],[-77.03703,-12.11688],[-77.03704,-12.11713],[-77.04195,-12.11708],[-77.04848,-12.11042],[-77.04845,-12.10933],[-77.04841,-12.10923],[-77.04825,-12.10938],[-77.04733,-12.10495],[-77.04791,-12.10409],[-77.04793,-12.10285],[-77.05134,-12.10292],[-77.05265,-12.10272],[-77.05539,-12.10223],[-77.05738,-12.10127],[-77.05313,-12.09301],[-77.05762,-12.09004],[-77.05617,-12.08791],[-77.05158,-12.08416],[-77.0521,-12.0832],[-77.0495,-12.08221],[-77.0485,-12.08199],[-77.04697,-12.08212],[-77.0461,-12.08236],[-77.04582,-12.0827],[-77.04345,-12.08179],[-77.0428,-12.08122],[-77.04238,-12.08056],[-77.04217,-12.07958],[-77.04206,-12.07585],[-77.04175,-12.07363],[-77.03948,-12.06855],[-77.03887,-12.06492],[-77.03902,-12.06451],[-77.03935,-12.06428],[-77.04123,-12.06068],[-77.04161,-12.06078],[-77.04192,-12.06064],[-77.04209,-12.06037],[-77.04205,-12.06],[-77.05218,-12.057],[-77.05621,-12.06166],[-77.05866,-12.05967],[-77.05985,-12.06349],[-77.06107,-12.0631],[-77.06666,-12.0621],[-77.06761,-12.06766]],[[-77.05976,-12.06352],[-77.05985,-12.06349]],[[-77.04123,-12.06068],[-77.04103,-12.06044],[-77.04101,-12.06012],[-77.04116,-12.05985],[-77.04142,-12.05971]],[[-77.03918,-12.06442],[-77.03943,-12.06455],[-77.03939,-12.06483],[-77.03912,-12.0649],[-77.03896,-12.06471]],[[-77.05772,-12.09017],[-77.05762,-12.09004],[-77.05772,-12.08997]],[[-77.05067,-12.09461],[-77.05313,-12.09301]],[[-77.02564,-12.11908],[-77.02819,-12.11904],[-77.02819,-12.11695],[-77.03113,-12.09951],[-77.03243,-12.09087]],[[-77.0282,-12.11917],[-77.02819,-12.11904],[-77.02891,-12.11904]],[[-77.00156,-12.12869],[-77.00184,-12.12874],[-77.02392,-12.12532],[-77.02502,-12.12076],[-77.02577,-12.11849],[-77.02596,-12.11723],[-77.02589,-12.11667]],[[-77.00109,-12.12833],[-77.00142,-12.12847],[-77.00158,-12.12887],[-77.00141,-12.12922],[-77.00103,-12.12935],[-77.00063,-12.12913],[-77.00054,-12.12878],[-77.00076,-12.12842],[-77.00109,-12.12833]],[[-76.9898,-12.15392],[-76.98737,-12.15537],[-76.98482,-12.15717],[-76.98496,-12.16077],[-76.98537,-12.16071],[-76.98774,-12.15961],[-76.98893,-12.16],[-76.99076,-12.16319],[-76.99059,-12.16558]],[[-76.98482,-12.15717],[-76.98484,-12.15645]],[[-76.99601,-12.16313],[-76.99332,-12.16467],[-76.99052,-12.16647]],[[-76.99536,-12.16201],[-76.9994,-12.1693],[-77.00199,-12.17312],[-77.00239,-12.17423]]]}},{"type":"Feature","properties":{"id":"relation/4795253","nombre":"X-SO41-I","distrito":"Bellavista","tipo":"osm"},"geometry":{"type":"MultiLineString","coordinates":[[[-76.99267,-12.11106],[-76.99301,-12.1108],[-76.99305,-12.11042],[-76.98936,-12.10321],[-76.99079,-12.10239],[-76.99278,-12.10087],[-76.99356,-12.10056],[-76.99458,-12.10041],[-76.99407,-12.10327],[-76.99227,-12.10622],[-76.99219,-12.10654],[-76.99229,-12.10773],[-76.99351,-12.1107],[-76.99335,-12.11177],[-76.98891,-12.11863],[-76.98818,-12.12019],[-76.98761,-12.12103],[-76.98206,-12.12625],[-76.98163,-12.12684],[-76.98135,-12.12769],[-76.98144,-12.1289],[-76.98363,-12.13467],[-76.98571,-12.14708],[-76.98595,-12.14767],[-76.98535,-12.14798],[-76.98499,-12.14848],[-76.98434,-12.14893],[-76.98247,-12.14987],[-76.98069,-12.15044],[-76.97994,-12.15053],[-76.97173,-12.15389],[-76.97033,-12.14916],[-76.96507,-12.14422],[-76.96451,-12.14339],[-76.96359,-12.14127],[-76.9628,-12.14031]],[[-76.95651,-12.19124],[-76.96225,-12.18151],[-76.96261,-12.17969],[-76.96234,-12.17336],[-76.96009,-12.16331],[-76.95959,-12.16183],[-76.95872,-12.15973],[-76.95856,-12.15956]],[[-76.93235,-12.23149],[-76.95529,-12.19329]],[[-76.96223,-12.17287],[-76.9662,-12.17212],[-76.97121,-12.17341]],[[-76.96564,-12.18014],[-76.96901,-12.16706],[-76.96919,-12.16563],[-76.96917,-12.16461]],[[-76.97263,-12.1652],[-76.97808,-12.16656],[-76.97834,-12.16678]],[[-77.08266,-12.06163],[-77.08171,-12.06647],[-77.08171,-12.06777],[-77.08198,-12.0693],[-77.08378,-12.07453],[-77.0857,-12.07415],[-77.08704,-12.07371],[-77.0868,-12.07289],[-77.08776,-12.07253],[-77.09079,-12.07095],[-77.09182,-12.07018],[-77.0926,-12.06991],[-77.09388,-12.06965],[-77.10418,-12.06847],[-77.10482,-12.07116],[-77.10635,-12.07483],[-77.10758,-12.07731],[-77.10805,-12.07705]],[[-77.04556,-12.06534],[-77.04441,-12.06627],[-77.04497,-12.06812],[-77.04951,-12.07359],[-77.05144,-12.07206],[-77.05389,-12.07501],[-77.05706,-12.07254],[-77.05787,-12.07213],[-77.05979,-12.0716],[-77.06037,-12.0715],[-77.06169,-12.07153],[-77.0653,-12.07221],[-77.06738,-12.07234],[-77.07083,-12.07189],[-77.07785,-12.07034],[-77.07773,-12.06832],[-77.07782,-12.06636],[-77.07836,-12.06324],[-77.07888,-12.06122],[-77.07875,-12.06068],[-77.07838,-12.06019],[-77.07229,-12.05881],[-77.07228,-12.05862],[-77.07461,-12.05904],[-77.0828,-12.06092]],[[-77.04794,-12.07485],[-77.04951,-12.07359]],[[-77.03939,-12.06451],[-77.03939,-12.06483],[-77.03902,-12.06484],[-77.03898,-12.06455],[-77.03924,-12.06442],[-77.04556,-12.06526]],[[-77.01162,-12.07192],[-77.01401,-12.07258],[-77.01555,-12.06133],[-77.03886,-12.06439]],[[-76.99458,-12.10041],[-76.99726,-12.08191],[-76.99761,-12.08088],[-76.99877,-12.07881],[-77.00102,-12.07501],[-77.00274,-12.07591],[-77.00798,-12.07698],[-77.01021,-12.07729],[-77.01048,-12.07804],[-77.01082,-12.07809],[-77.01101,-12.07777],[-77.01091,-12.07721],[-77.01075,-12.0769],[-77.0105,-12.07682],[-77.01071,-12.07659],[-77.0108,-12.07617],[-77.01134,-12.07194]],[[-77.01021,-12.07729],[-77.01023,-12.077],[-77.0105,-12.07682]],[[-76.98095,-12.13821],[-76.9823,-12.14589],[-76.98264,-12.14692]],[[-76.95668,-12.16047],[-76.95789,-12.15955],[-76.96817,-12.15538]],[[-76.95759,-12.17578],[-76.95851,-12.17557],[-76.95973,-12.17472],[-76.96234,-12.17336]],[[-76.95613,-12.16907],[-76.95674,-12.16958],[-76.95706,-12.17073],[-76.95755,-12.17147],[-76.95754,-12.17207],[-76.95707,-12.17277],[-76.95701,-12.17308],[-76.95824,-12.17903],[-76.95793,-12.17906],[-76.95609,-12.18116],[-76.95541,-12.18531],[-76.95493,-12.1869]],[[-76.95557,-12.18435],[-76.95512,-12.18426],[-76.95407,-12.18435]]]}},{"type":"Feature","properties":{"id":"relation/4799791","nombre":"X-NO63A-I","distrito":"Bellavista","tipo":"osm"},"geometry":{"type":"MultiLineString","coordinates":[[[-77.10733,-11.99066],[-77.10638,-11.9915],[-77.10506,-11.99419],[-77.10492,-11.99512],[-77.10412,-11.99607],[-77.10244,-11.99967],[-77.09731,-11.99084],[-77.09712,-11.99034],[-77.09677,-11.99037],[-77.08909,-11.99483],[-77.08678,-11.99669],[-77.08516,-11.99631],[-77.08478,-11.99656],[-77.08475,-11.99718],[-77.08256,-12.00655],[-77.08186,-12.00897],[-77.08041,-12.01178],[-77.08013,-12.01271],[-77.07956,-12.01336],[-77.07461,-12.02268],[-77.07452,-12.02324],[-77.07461,-12.02408],[-77.07685,-12.02977]],[[-77.09712,-11.99034],[-77.09677,-11.99037]],[[-77.04346,-12.0404],[-77.04324,-12.04284],[-77.04352,-12.04324],[-77.04341,-12.04371],[-77.043,-12.0438],[-77.04259,-12.04368],[-77.04245,-12.04334],[-77.04265,-12.043],[-77.04234,-12.04293],[-77.04187,-12.04236],[-77.03777,-12.04493],[-77.03842,-12.04574]],[[-77.04265,-12.043],[-77.04297,-12.04294],[-77.04335,-12.04304]],[[-77.04544,-12.03922],[-77.04726,-12.0388],[-77.0486,-12.03791],[-77.04965,-12.03752],[-77.0558,-12.03688],[-77.05711,-12.03688],[-77.06139,-12.03591],[-77.06594,-12.03546],[-77.0652,-12.03412],[-77.06493,-12.03227],[-77.06829,-12.03189],[-77.0742,-12.03195]],[[-77.06621,-12.03542],[-77.06594,-12.03546]],[[-77.0649,-12.03206],[-77.06493,-12.03227]],[[-77.07668,-12.02927],[-77.08011,-12.02904],[-77.0811,-12.03155],[-77.07736,-12.03191],[-77.07521,-12.03198]],[[-77.11446,-11.98788],[-77.11554,-11.98769]],[[-77.11405,-11.99388],[-77.1143,-11.9881],[-77.1069,-11.98905]],[[-77.10545,-11.989],[-77.10724,-11.99071]]]}},{"type":"Feature","properties":{"id":"relation/4799843","nombre":"X-NO53B-I","distrito":"Bellavista","tipo":"osm"},"geometry":{"type":"MultiLineString","coordinates":[[[-77.01759,-11.97763],[-77.01237,-11.98084],[-77.01307,-11.98195],[-77.01318,-11.98255],[-77.01419,-11.98399],[-77.01532,-11.98499],[-77.01561,-11.98593],[-77.01563,-11.98661],[-77.01493,-11.99189],[-77.01514,-11.99294],[-77.01501,-11.99563],[-77.01546,-11.99669]],[[-77.01315,-12.0545],[-77.01283,-12.04948],[-77.01229,-12.04451],[-77.01178,-12.04413],[-77.00935,-12.04322],[-77.00473,-12.04173],[-77.0058,-12.03783],[-77.00693,-12.0365],[-77.00688,-12.03638],[-77.00618,-12.03589],[-76.99858,-12.03276],[-76.99971,-12.03014],[-76.99977,-12.02828],[-77.00083,-12.02342],[-77.00058,-12.02099],[-77.00025,-12.02027],[-77.00105,-12.01762],[-77.0022,-12.01796],[-77.00411,-12.01749],[-77.00538,-12.01732],[-77.00767,-12.01868],[-77.00847,-12.01814],[-77.0121,-12.01771],[-77.01082,-12.00787],[-77.01212,-12.00387],[-77.01431,-11.99861]],[[-77.02907,-12.06452],[-77.01536,-12.06275],[-77.01555,-12.06133],[-77.01659,-12.05884],[-77.01713,-12.05826],[-77.01735,-12.05763],[-77.01645,-12.05749],[-77.0148,-12.05684],[-77.01312,-12.05482]],[[-77.03632,-12.06431],[-77.03613,-12.06411],[-77.0324,-12.06361],[-77.03223,-12.06376],[-77.03207,-12.06491],[-77.0292,-12.06454]],[[-77.03902,-12.06484],[-77.03632,-12.0644]],[[-77.03945,-12.06473],[-77.03935,-12.06487],[-77.03912,-12.0649],[-77.03896,-12.06461],[-77.03924,-12.06442],[-77.03939,-12.06451],[-77.03945,-12.06473],[-77.03988,-12.06458],[-77.0442,-12.06516],[-77.0443,-12.06576],[-77.04785,-12.07003],[-77.05319,-12.06573],[-77.0472,-12.05858],[-77.05674,-12.05576],[-77.05769,-12.0558],[-77.06155,-12.05659],[-77.06187,-12.05501],[-77.0617,-12.0541],[-77.06639,-12.05248],[-77.0669,-12.0525]],[[-77.0442,-12.06516],[-77.04418,-12.06506]],[[-77.06639,-12.05248],[-77.06672,-12.05219],[-77.0669,-12.05182]],[[-77.0783,-12.05023],[-77.07525,-12.04971],[-77.07132,-12.04933],[-77.07074,-12.05479]],[[-77.09444,-12.03006],[-77.07768,-12.03196],[-77.07837,-12.03389],[-77.07842,-12.03441],[-77.07786,-12.0357],[-77.07767,-12.03564],[-77.07754,-12.0358],[-77.07773,-12.03598],[-77.07677,-12.0464],[-77.07704,-12.04754],[-77.07774,-12.04871],[-77.07829,-12.04998],[-77.07774,-12.04871],[-77.07704,-12.04754],[-77.07677,-12.04648],[-77.07766,-12.03646]],[[-77.06663,-12.05435],[-77.06684,-12.05249]],[[-77.06664,-12.05428],[-77.07075,-12.05472]],[[-77.07786,-12.0357],[-77.07788,-12.03587],[-77.07773,-12.03598]],[[-77.09252,-12.03025],[-77.08844,-12.0307]]]}},{"type":"Feature","properties":{"id":"relation/4813853","nombre":"X-SO74-I","distrito":"Bellavista","tipo":"osm"},"geometry":{"type":"MultiLineString","coordinates":[[[-77.08158,-12.047],[-77.0983,-12.04846],[-77.06587,-12.04561],[-77.06518,-12.04575],[-77.06444,-12.04549],[-77.05229,-12.04433],[-77.05086,-12.04438],[-77.04341,-12.04371],[-77.04353,-12.04337],[-77.0434,-12.04308],[-77.04288,-12.04293],[-77.04253,-12.04311],[-77.04246,-12.04344],[-77.04267,-12.04374],[-77.04319,-12.0438],[-77.04341,-12.04371]],[[-77.00773,-12.18404],[-77.01001,-12.18332],[-77.01086,-12.18281],[-77.02528,-12.16781],[-77.02156,-12.16432],[-77.02296,-12.16308],[-77.02358,-12.16214],[-77.02274,-12.15551],[-77.02314,-12.15408],[-77.02209,-12.15109]],[[-76.98181,-12.19348],[-76.98934,-12.20097],[-76.99005,-12.20027],[-76.991,-12.20111],[-76.99197,-12.20161],[-76.99306,-12.20034],[-76.99676,-12.19702],[-76.99767,-12.19665],[-76.99829,-12.19555],[-76.99872,-12.19513],[-76.99958,-12.19492],[-77.00136,-12.19536]],[[-76.99197,-12.20161],[-76.99087,-12.20424],[-76.99041,-12.20507],[-76.9901,-12.20522]],[[-76.98351,-12.19522],[-76.97899,-12.19956],[-76.97712,-12.20159],[-76.97789,-12.20228],[-76.97675,-12.20347]],[[-77.04298,-12.11875],[-77.04257,-12.11878],[-77.0425,-12.119],[-77.04261,-12.11919],[-77.043,-12.11917],[-77.04309,-12.11895],[-77.04298,-12.11875],[-77.04353,-12.11815],[-77.04839,-12.11323],[-77.04839,-12.11302],[-77.04861,-12.11299],[-77.0537,-12.10786],[-77.05955,-12.10159],[-77.06029,-12.10115],[-77.06248,-12.10033],[-77.07237,-12.09695],[-77.07004,-12.09068],[-77.07023,-12.09055],[-77.07024,-12.09033],[-77.06993,-12.09016],[-77.06972,-12.09045],[-77.06983,-12.09064],[-77.07004,-12.09068]],[[-77.04266,-12.11872],[-77.04154,-12.11619],[-77.03992,-12.11414]],[[-77.02593,-12.11667],[-77.02669,-12.11669],[-77.0278,-12.11695],[-77.03703,-12.11688],[-77.03704,-12.11713],[-77.04195,-12.11708]],[[-77.04576,-12.04389],[-77.04529,-12.04889]],[[-77.06986,-12.09019],[-77.06722,-12.08317],[-77.06544,-12.07893],[-77.06164,-12.07234],[-77.0612,-12.06835],[-77.06066,-12.06796],[-77.0605,-12.06761],[-77.06055,-12.0672],[-77.06088,-12.06673],[-77.05898,-12.06115],[-77.05842,-12.05866],[-77.05801,-12.0577],[-77.05736,-12.0554],[-77.05533,-12.05257],[-77.05374,-12.04913],[-77.04918,-12.04996],[-77.04713,-12.04782],[-77.0454,-12.0477]],[[-77.02006,-12.15032],[-77.02045,-12.15047],[-77.02103,-12.1489],[-77.02173,-12.14618],[-77.02239,-12.13796],[-77.02275,-12.13585],[-77.02323,-12.13439],[-77.0237,-12.1293],[-77.02248,-12.12974],[-77.02394,-12.12527],[-77.02502,-12.12076],[-77.02565,-12.11903],[-77.02595,-12.11742],[-77.02589,-12.11667]],[[-77.0237,-12.1293],[-77.02372,-12.12918]],[[-77.02153,-12.16452],[-77.02156,-12.16432]],[[-76.99103,-12.20562],[-77.00724,-12.18913],[-77.00759,-12.18846],[-77.00769,-12.18772],[-77.00753,-12.18518],[-77.0073,-12.18472]]]}},{"type":"Feature","properties":{"id":"relation/4815747","nombre":"C","distrito":"Bellavista","tipo":"osm"},"geometry":{"type":"MultiLineString","coordinates":[[[-77.0983,-12.04846],[-77.06587,-12.04561],[-77.06518,-12.04575],[-77.06444,-12.04549],[-77.05229,-12.04433],[-77.05086,-12.04438],[-77.04341,-12.04371]],[[-77.08756,-12.00931],[-77.088,-12.00618],[-77.08842,-12.00558],[-77.08944,-12.00469],[-77.09161,-11.99967],[-77.09291,-11.99828],[-77.0933,-11.99222],[-77.09611,-11.99065],[-77.09612,-11.99046]],[[-77.0904,-12.00297],[-77.08954,-12.00484],[-77.08846,-12.00589],[-77.08814,-12.00639],[-77.08778,-12.00888]],[[-77.0901,-12.01921],[-77.08973,-12.01894],[-77.08814,-12.01642],[-77.08732,-12.01574],[-77.08764,-12.01454],[-77.08927,-12.01197],[-77.08936,-12.01139],[-77.08927,-12.01111],[-77.08754,-12.00964],[-77.08755,-12.00944]],[[-77.08993,-12.01933],[-77.08982,-12.01907]],[[-77.09026,-12.01977],[-77.09045,-12.02056],[-77.09151,-12.02265]],[[-77.09012,-12.01921],[-77.09034,-12.01928],[-77.09029,-12.01949]],[[-77.08015,-12.03149],[-77.09401,-12.02991],[-77.09298,-12.02747],[-77.09075,-12.02297]],[[-77.0776,-12.03174],[-77.07969,-12.03155]],[[-77.06495,-12.04565],[-77.06492,-12.04539],[-77.06523,-12.04503],[-77.0661,-12.0363],[-77.066,-12.03579],[-77.06512,-12.03413],[-77.06481,-12.03207],[-77.06778,-12.03169],[-77.07748,-12.03175]],[[-77.06486,-12.04854],[-77.06514,-12.04602],[-77.06503,-12.04571]],[[-77.03935,-12.06428],[-77.04123,-12.06068],[-77.04161,-12.06078],[-77.04192,-12.06064],[-77.04209,-12.06037],[-77.04205,-12.06],[-77.05161,-12.05712],[-77.05111,-12.05523],[-77.05665,-12.05565],[-77.05853,-12.05521],[-77.06159,-12.05414],[-77.05936,-12.04873],[-77.05935,-12.048],[-77.06494,-12.04855]],[[-77.06159,-12.05414],[-77.0617,-12.0541]],[[-77.04123,-12.06068],[-77.04103,-12.06044],[-77.04101,-12.06012],[-77.04116,-12.05985],[-77.04142,-12.05971]],[[-77.03918,-12.06492],[-77.03899,-12.0648],[-77.03896,-12.06461],[-77.03924,-12.06442],[-77.03939,-12.06451],[-77.03945,-12.06473],[-77.03918,-12.06492]],[[-77.01162,-12.07192],[-77.01637,-12.07325],[-77.01796,-12.06163],[-77.03886,-12.06439]],[[-77.00619,-12.06794],[-77.01137,-12.07177]],[[-76.9769,-12.12599],[-76.97722,-12.1172],[-76.98017,-12.09556],[-76.98128,-12.08827],[-76.98156,-12.08792],[-76.98358,-12.08647],[-76.98411,-12.08405],[-76.98432,-12.08361],[-76.99962,-12.064],[-76.99984,-12.06341],[-77.00133,-12.06322],[-77.00249,-12.06281],[-77.00385,-12.06482]],[[-76.94142,-12.17605],[-76.94244,-12.17516],[-76.94597,-12.17081],[-76.94956,-12.16673],[-76.95172,-12.16448],[-76.95556,-12.15995],[-76.96752,-12.15001],[-76.97405,-12.14281],[-76.97492,-12.14081],[-76.97479,-12.13927],[-76.97492,-12.13835],[-76.97552,-12.13715],[-76.97657,-12.13417],[-76.97674,-12.13002],[-76.97669,-12.12668]],[[-76.97106,-12.1467],[-76.96761,-12.14364],[-76.96684,-12.14258],[-76.96509,-12.13936],[-76.95736,-12.13254]],[[-76.96465,-12.13893],[-76.96567,-12.1378]],[[-76.97214,-12.14552],[-76.96853,-12.14229],[-76.96684,-12.1391],[-76.96635,-12.1384],[-76.96064,-12.13343],[-76.95793,-12.13093],[-76.9579,-12.13074]],[[-76.96108,-12.13556],[-76.96196,-12.13458]],[[-76.9569,-12.13279],[-76.95991,-12.13654],[-76.96085,-12.13564]]]}},{"type":"Feature","properties":{"id":"relation/4854044","nombre":"X-SO26-I","distrito":"Bellavista","tipo":"osm"},"geometry":{"type":"MultiLineString","coordinates":[[[-77.07507,-12.02552],[-77.07448,-12.02398],[-77.07445,-12.02297],[-77.07468,-12.0222],[-77.07619,-12.01931],[-77.07442,-12.01842],[-77.07336,-12.01774],[-77.07055,-12.01396],[-77.07009,-12.01324],[-77.06997,-12.01261],[-77.07039,-12.01101]],[[-77.04419,-12.07504],[-77.04766,-12.07504],[-77.04794,-12.07485],[-77.04957,-12.07682],[-77.05291,-12.07415],[-77.0531,-12.07405],[-77.05389,-12.07501],[-77.05683,-12.07267],[-77.05787,-12.07213],[-77.05902,-12.07176],[-77.06037,-12.0715],[-77.0615,-12.07152],[-77.0653,-12.07221],[-77.06738,-12.07234],[-77.07107,-12.07185],[-77.07786,-12.07033],[-77.07773,-12.06832],[-77.07779,-12.06676],[-77.07836,-12.06324],[-77.0798,-12.05737],[-77.08015,-12.05667],[-77.08088,-12.05585],[-77.0782,-12.05173],[-77.07807,-12.05127],[-77.07798,-12.04951],[-77.07688,-12.04752],[-77.07668,-12.04656],[-77.07754,-12.0358],[-77.07815,-12.03495],[-77.07833,-12.03424],[-77.0771,-12.03069],[-77.07555,-12.02678]],[[-77.07771,-12.03563],[-77.0779,-12.03579],[-77.07773,-12.03598],[-77.07754,-12.0358],[-77.07771,-12.03563]],[[-77.07771,-12.03563],[-77.07786,-12.0357],[-77.07788,-12.03587],[-77.0776,-12.03593]],[[-77.02892,-12.11902],[-77.02998,-12.11264]],[[-77.0308,-12.10772],[-77.03316,-12.09329],[-77.03588,-12.07445],[-77.03906,-12.0749],[-77.04208,-12.07508],[-77.04269,-12.07509],[-77.04303,-12.07482],[-77.04396,-12.07483]],[[-77.03072,-12.0737],[-77.03588,-12.07445]],[[-77.02926,-12.1192],[-77.02914,-12.11949],[-77.02892,-12.11939],[-77.02893,-12.11901],[-77.02918,-12.11903]],[[-77.02383,-12.12932],[-77.02343,-12.13389],[-77.02344,-12.13446],[-77.02356,-12.1346],[-77.02526,-12.13513],[-77.02987,-12.13149],[-77.02939,-12.12448],[-77.02903,-12.12166],[-77.02896,-12.11944]],[[-77.00768,-12.18169],[-77.00766,-12.1814],[-77.00792,-12.18089],[-77.0169,-12.17084],[-77.01818,-12.16923],[-77.01891,-12.16798],[-77.01942,-12.16789],[-77.01955,-12.16812],[-77.01859,-12.17081],[-77.0186,-12.17131],[-77.01873,-12.17163],[-77.02023,-12.17309],[-77.02528,-12.16781],[-77.02156,-12.16432],[-77.02296,-12.16308],[-77.02358,-12.16214],[-77.02274,-12.15551],[-77.02314,-12.15411],[-77.02209,-12.15109],[-77.02045,-12.15047],[-77.02103,-12.1489],[-77.02173,-12.14618],[-77.02239,-12.13796],[-77.02275,-12.13585],[-77.02323,-12.13439],[-77.02354,-12.13062]],[[-77.02153,-12.16452],[-77.02156,-12.16432]],[[-77.02023,-12.17309],[-77.0203,-12.17316]],[[-77.00773,-12.18404],[-77.00799,-12.18401]],[[-77.00497,-12.20186],[-77.01041,-12.20566],[-77.01322,-12.20906],[-77.01761,-12.20608],[-77.00624,-12.19019],[-77.00724,-12.18913],[-77.00766,-12.18818],[-77.00753,-12.18518],[-77.0073,-12.18472]]]}},{"type":"Feature","properties":{"id":"relation/4854573","nombre":"X-SO18-I","distrito":"Bellavista","tipo":"osm"},"geometry":{"type":"MultiLineString","coordinates":[[[-76.81994,-12.33352],[-76.8126,-12.34443],[-76.78951,-12.36663],[-76.78468,-12.37136],[-76.78161,-12.3747]],[[-76.79067,-12.4941],[-76.79001,-12.49405],[-76.78959,-12.49387],[-76.77944,-12.4867],[-76.77546,-12.48499],[-76.77518,-12.48471],[-76.77461,-12.48343],[-76.77398,-12.48285],[-76.76713,-12.48008],[-76.7666,-12.4797],[-76.7617,-12.47775],[-76.75892,-12.47681],[-76.75762,-12.47611],[-76.75685,-12.47539],[-76.75617,-12.4743],[-76.75327,-12.46649]],[[-76.78068,-12.38689],[-76.78009,-12.38685],[-76.77975,-12.38701],[-76.77696,-12.39003],[-76.77507,-12.389],[-76.77202,-12.38642],[-76.77057,-12.38529],[-76.77046,-12.38534],[-76.76977,-12.38578],[-76.75808,-12.39702],[-76.75736,-12.3979],[-76.757,-12.39869],[-76.75673,-12.40024],[-76.75663,-12.40946],[-76.75425,-12.42018],[-76.75348,-12.4293],[-76.75373,-12.43122],[-76.75684,-12.44184],[-76.75703,-12.44286],[-76.75706,-12.444],[-76.75683,-12.44543],[-76.75232,-12.46212],[-76.7522,-12.46352],[-76.7523,-12.46453],[-76.75315,-12.46618]],[[-76.78062,-12.39064],[-76.77404,-12.38464],[-76.77408,-12.38407]],[[-76.81303,-12.34781],[-76.80688,-12.35411],[-76.80032,-12.3585],[-76.79765,-12.36092],[-76.79133,-12.36874],[-76.76969,-12.38791],[-76.76349,-12.39412]],[[-76.7813,-12.37373],[-76.78337,-12.3759]],[[-76.78217,-12.37415],[-76.78212,-12.37458]],[[-76.81974,-12.33302],[-76.82095,-12.3316]],[[-76.82479,-12.33048],[-76.82464,-12.33038],[-76.82474,-12.33022],[-76.82489,-12.33032],[-76.82479,-12.33048]],[[-76.82468,-12.32773],[-76.8248,-12.33023]],[[-76.82483,-12.33047],[-76.82502,-12.33508],[-76.82527,-12.33588],[-76.82519,-12.33627],[-76.8248,-12.33695],[-76.82328,-12.33665],[-76.8214,-12.33602],[-76.82018,-12.33434]],[[-76.82027,-12.33422],[-76.82049,-12.33389]],[[-76.84524,-12.30223],[-76.84544,-12.30271],[-76.84545,-12.30312],[-76.84505,-12.3038],[-76.84415,-12.30413],[-76.8432,-12.30411],[-76.84257,-12.3044],[-76.83759,-12.3092],[-76.83645,-12.31052],[-76.8203,-12.33425]],[[-76.87337,-12.27301],[-76.87257,-12.27409],[-76.86466,-12.28293],[-76.84758,-12.29955],[-76.84671,-12.30007],[-76.84592,-12.30018],[-76.84531,-12.30012],[-76.8448,-12.3003],[-76.84462,-12.30082],[-76.84515,-12.30201]],[[-76.87372,-12.27249],[-76.8839,-12.26083]],[[-76.88416,-12.26072],[-76.88409,-12.26089],[-76.8839,-12.26083],[-76.88396,-12.26065],[-76.88416,-12.26072]],[[-76.88408,-12.26064],[-76.88815,-12.25702]],[[-76.88826,-12.25686],[-76.89154,-12.25395],[-76.8924,-12.25335],[-76.89599,-12.25239],[-76.89677,-12.2524],[-76.90846,-12.25517],[-76.90992,-12.25541],[-76.91141,-12.25534],[-76.92101,-12.25411]],[[-76.89452,-12.25273],[-76.89266,-12.2533],[-76.89191,-12.25375],[-76.88832,-12.25698]],[[-76.96951,-12.22768],[-76.9676,-12.22976],[-76.96637,-12.2308],[-76.96549,-12.23136],[-76.93472,-12.24737],[-76.92793,-12.25249],[-76.92445,-12.25474],[-76.92386,-12.2555],[-76.92352,-12.25684],[-76.92303,-12.25731],[-76.9225,-12.25736],[-76.92211,-12.25717],[-76.92056,-12.2547],[-76.92003,-12.25436],[-76.91949,-12.25429]],[[-77.01057,-12.05727],[-77.00864,-12.05881],[-77.00769,-12.05996],[-77.00671,-12.06072],[-77.00577,-12.06112],[-77.00446,-12.06208],[-77.00175,-12.06322],[-77.00001,-12.06352],[-76.99307,-12.07267],[-76.98441,-12.08372],[-76.98376,-12.0864],[-76.98213,-12.08776],[-76.9816,-12.08845],[-76.98133,-12.08907],[-76.97738,-12.11723],[-76.97703,-12.12703],[-76.97734,-12.12867],[-76.97994,-12.13535],[-76.98051,-12.13712],[-76.98221,-12.14642],[-76.98357,-12.15031],[-76.98383,-12.15215],[-76.98392,-12.15395],[-76.98378,-12.15531],[-76.98354,-12.15629],[-76.97942,-12.17036],[-76.97309,-12.19029],[-76.97272,-12.19206],[-76.97277,-12.19427],[-76.97705,-12.21749],[-76.97703,-12.21901],[-76.97662,-12.22021],[-76.97597,-12.22119],[-76.97097,-12.22631]],[[-77.04142,-12.05971],[-77.04106,-12.05998],[-77.04101,-12.06036],[-77.03688,-12.05991],[-77.03567,-12.0603],[-77.03522,-12.05991],[-77.0348,-12.05977],[-77.01657,-12.05741],[-77.01462,-12.05666],[-77.01381,-12.05565],[-77.01151,-12.05747],[-77.01089,-12.05743],[-77.01059,-12.0573],[-77.01061,-12.05716]],[[-77.07888,-12.06122],[-77.07875,-12.06068],[-77.07838,-12.06019],[-77.07714,-12.05986],[-77.06869,-12.05795],[-77.05776,-12.05581],[-77.05691,-12.05574],[-77.04221,-12.06009],[-77.0421,-12.06014],[-77.04198,-12.06058],[-77.04169,-12.06076],[-77.04128,-12.06071],[-77.04101,-12.06036]],[[-77.04205,-12.06],[-77.0421,-12.06014]],[[-77.07966,-12.07493],[-77.07887,-12.07405],[-77.07847,-12.07335],[-77.07782,-12.06983],[-77.07777,-12.06696],[-77.07816,-12.0642]],[[-77.10749,-12.07736],[-77.10639,-12.07517],[-77.10504,-12.07198],[-77.09937,-12.07461],[-77.09921,-12.07455],[-77.09899,-12.07409],[-77.09902,-12.07274],[-77.09801,-12.06957],[-77.09298,-12.07018],[-77.08693,-12.07295],[-77.08689,-12.07309],[-77.08715,-12.07373],[-77.08595,-12.07415],[-77.08382,-12.07464],[-77.07985,-12.07492]],[[-77.10873,-12.07818],[-77.10533,-12.08009],[-77.10461,-12.07897],[-77.10542,-12.07852]]]}},{"type":"Feature","properties":{"id":"relation/4860928","nombre":"X-SO92-I","distrito":"Bellavista","tipo":"osm"},"geometry":{"type":"MultiLineString","coordinates":[[[-77.04864,-12.08531],[-77.04883,-12.08507],[-77.04916,-12.08538],[-77.05025,-12.0869]],[[-77.08356,-11.9622],[-77.08361,-11.96182]],[[-77.08419,-11.96196],[-77.08498,-11.96204],[-77.0855,-11.96184]],[[-77.07507,-12.02552],[-77.07448,-12.02398],[-77.07442,-12.02325],[-77.07453,-12.02263],[-77.07923,-12.01349],[-77.07953,-12.01263],[-77.08014,-12.01189],[-77.08166,-12.00883],[-77.08226,-12.00683],[-77.08457,-11.9967],[-77.08423,-11.99624],[-77.08353,-11.99606],[-77.07294,-11.99452],[-77.07205,-11.99412],[-77.07152,-11.99336],[-77.07143,-11.9922],[-77.07227,-11.98649],[-77.072,-11.98457],[-77.07219,-11.98352],[-77.07226,-11.97635],[-77.07247,-11.97201],[-77.07575,-11.97189],[-77.08008,-11.96988],[-77.07736,-11.96376],[-77.08102,-11.9622],[-77.08166,-11.96203],[-77.08415,-11.96227]],[[-77.08092,-12.07753],[-77.08082,-12.07707],[-77.08011,-12.07558],[-77.07887,-12.07405],[-77.07847,-12.07335],[-77.07782,-12.06983],[-77.07779,-12.06676],[-77.07836,-12.06324],[-77.0798,-12.05737],[-77.08015,-12.05667],[-77.08088,-12.05585],[-77.0782,-12.05173],[-77.07807,-12.05127],[-77.07798,-12.04951],[-77.07688,-12.04752],[-77.07668,-12.04656],[-77.07754,-12.0358],[-77.07815,-12.03495],[-77.07833,-12.03424],[-77.0771,-12.03069],[-77.07555,-12.02678]],[[-77.07771,-12.03563],[-77.0779,-12.03579],[-77.07773,-12.03598],[-77.07754,-12.0358],[-77.07771,-12.03563]],[[-77.07771,-12.03563],[-77.07786,-12.0357],[-77.07788,-12.03587],[-77.0776,-12.03593]],[[-77.05018,-12.08677],[-77.05163,-12.08406],[-77.0561,-12.08766],[-77.05772,-12.08997],[-77.06289,-12.08662],[-77.06407,-12.08568],[-77.06435,-12.0853],[-77.06458,-12.08432],[-77.06521,-12.08375],[-77.07923,-12.07863],[-77.07919,-12.07852],[-77.08063,-12.07813],[-77.08085,-12.07797],[-77.08093,-12.07765]],[[-77.00061,-12.12858],[-77.0006,-12.12805],[-76.99832,-12.12223],[-76.99818,-12.12146],[-76.99815,-12.1199],[-76.9984,-12.11814],[-76.9997,-12.11344],[-77.00014,-12.11123],[-77.00404,-12.08397],[-77.01051,-12.08479],[-77.01812,-12.08145],[-77.01929,-12.08114],[-77.02042,-12.08111],[-77.0269,-12.08242],[-77.04861,-12.08541]],[[-77.00109,-12.12833],[-77.00142,-12.12847],[-77.00158,-12.12887],[-77.00141,-12.12922],[-77.00103,-12.12935],[-77.00063,-12.12913],[-77.00054,-12.12878],[-77.00076,-12.12842],[-77.00109,-12.12833]],[[-76.9628,-12.14031],[-76.96359,-12.14127],[-76.96451,-12.14339],[-76.96507,-12.14422],[-76.97033,-12.14916],[-76.97173,-12.15389],[-76.97994,-12.15053],[-76.98069,-12.15044],[-76.98247,-12.14987],[-76.98434,-12.14893],[-76.98499,-12.14848],[-76.98535,-12.14798],[-76.98595,-12.14767],[-76.98571,-12.14708],[-76.98363,-12.13467],[-76.98176,-12.12974],[-76.98735,-12.12777],[-77.00056,-12.1287]],[[-76.98095,-12.13821],[-76.9823,-12.14589],[-76.98264,-12.14692]],[[-76.95668,-12.16047],[-76.95789,-12.15955],[-76.96817,-12.15538]],[[-76.97263,-12.1652],[-76.97808,-12.16656],[-76.97834,-12.16678]],[[-76.96564,-12.18014],[-76.96901,-12.16706],[-76.96919,-12.16563],[-76.96917,-12.16461]],[[-76.97027,-12.17707],[-76.95339,-12.18196]]]}},{"type":"Feature","properties":{"id":"relation/4872103","nombre":"X-SO35-I","distrito":"Bellavista","tipo":"osm"},"geometry":{"type":"MultiLineString","coordinates":[[[-76.98792,-12.20964],[-76.99039,-12.21197],[-76.99142,-12.2124],[-76.99203,-12.21248],[-76.99278,-12.2124],[-76.99505,-12.21145],[-76.99633,-12.21058],[-76.99766,-12.20905],[-76.99842,-12.20868],[-77.00001,-12.20832],[-77.00138,-12.2074],[-77.00497,-12.20186],[-77.01041,-12.20566],[-77.01322,-12.20906],[-77.01761,-12.20608],[-77.00624,-12.19019],[-77.00724,-12.18913],[-77.00766,-12.18818],[-77.00753,-12.18518],[-77.0073,-12.18477],[-77.00773,-12.18404],[-77.01001,-12.18332],[-77.01086,-12.18281],[-77.02528,-12.16781],[-77.02156,-12.16432],[-77.02296,-12.16308],[-77.02358,-12.16214],[-77.02274,-12.15551],[-77.02314,-12.15408],[-77.02209,-12.15109]],[[-76.99266,-12.12818],[-77.00056,-12.1287]],[[-77.02006,-12.15032],[-77.02045,-12.15047],[-77.02103,-12.1489],[-77.02167,-12.14645],[-77.02216,-12.14115],[-77.01752,-12.14198],[-77.01611,-12.14319],[-77.01613,-12.14342],[-77.01205,-12.14689],[-77.0068,-12.15036],[-77.00598,-12.14915],[-77.00576,-12.14803],[-77.00448,-12.14579],[-77.0037,-12.14482],[-77.00139,-12.14134],[-76.99985,-12.14013],[-76.99944,-12.13957],[-76.99918,-12.13895],[-76.99883,-12.13697],[-76.9985,-12.13607],[-76.99806,-12.13554],[-76.99703,-12.13484]],[[-77.07507,-12.02552],[-77.07448,-12.02398],[-77.07442,-12.02325],[-77.07453,-12.02263],[-77.07923,-12.01349],[-77.07953,-12.01263],[-77.08014,-12.01189],[-77.08166,-12.00883],[-77.08226,-12.00683],[-77.08457,-11.9967],[-77.08423,-11.99624],[-77.08353,-11.99606],[-77.07269,-11.99446],[-77.07205,-11.99412],[-77.07146,-11.99315],[-77.07143,-11.9922],[-77.07227,-11.98649],[-77.072,-11.98457],[-77.07219,-11.98352],[-77.07226,-11.97635],[-77.07247,-11.97201],[-77.07561,-11.9719],[-77.07458,-11.96739],[-77.07389,-11.96603],[-77.07307,-11.96505],[-77.0717,-11.96393],[-77.06959,-11.96282],[-77.06742,-11.96256],[-77.06705,-11.9628],[-77.06694,-11.96316],[-77.06709,-11.96355],[-77.06756,-11.9638],[-77.06794,-11.96367],[-77.06827,-11.96314],[-77.07081,-11.94639],[-77.07234,-11.93071],[-77.06977,-11.93036],[-77.06823,-11.92979],[-77.06654,-11.92861],[-77.06546,-11.92735],[-77.04689,-11.89424],[-77.04605,-11.89287],[-77.04512,-11.89169],[-77.04408,-11.89095],[-77.04357,-11.8908],[-77.04284,-11.89078],[-77.04029,-11.89162],[-77.03906,-11.89255]],[[-77.08092,-12.07753],[-77.08082,-12.07707],[-77.08011,-12.07558],[-77.07887,-12.07405],[-77.07847,-12.07335],[-77.07782,-12.06983],[-77.07779,-12.06676],[-77.07836,-12.06324],[-77.0798,-12.05737],[-77.08015,-12.05667],[-77.08088,-12.05585],[-77.0782,-12.05173],[-77.07807,-12.05127],[-77.07798,-12.04951],[-77.07688,-12.04752],[-77.07668,-12.04656],[-77.07754,-12.0358],[-77.07815,-12.03495],[-77.07833,-12.03424],[-77.0771,-12.03069],[-77.07555,-12.02678]],[[-77.07771,-12.03563],[-77.0779,-12.03579],[-77.07773,-12.03598],[-77.07754,-12.0358],[-77.07771,-12.03563]],[[-77.07771,-12.03563],[-77.07786,-12.0357],[-77.07788,-12.03587],[-77.0776,-12.03593]],[[-77.00061,-12.12858],[-77.0006,-12.12805],[-76.99832,-12.12223],[-76.99818,-12.12146],[-76.99815,-12.1199],[-76.9984,-12.11814],[-76.99996,-12.1123],[-77.00357,-12.08744],[-77.00422,-12.08755],[-77.00524,-12.08809],[-77.00571,-12.08821],[-77.01349,-12.08928],[-77.0144,-12.08874],[-77.01516,-12.08637],[-77.01544,-12.08603],[-77.01665,-12.08831],[-77.01805,-12.08976],[-77.0188,-12.09017],[-77.05067,-12.09461],[-77.06289,-12.08662],[-77.06417,-12.08558],[-77.06439,-12.08518],[-77.06458,-12.08432],[-77.06521,-12.08375],[-77.07923,-12.07863],[-77.07919,-12.07852],[-77.08063,-12.07813],[-77.08085,-12.07797],[-77.08093,-12.07765]],[[-77.00109,-12.12833],[-77.00142,-12.12847],[-77.00158,-12.12887],[-77.00141,-12.12922],[-77.00103,-12.12935],[-77.00063,-12.12913],[-77.00054,-12.12878],[-77.00076,-12.12842],[-77.00109,-12.12833]],[[-76.99683,-12.13469],[-76.99612,-12.13417],[-76.99564,-12.13345],[-76.99281,-12.12844],[-76.99276,-12.12831],[-76.99295,-12.12819]],[[-77.02153,-12.16452],[-77.02156,-12.16432]],[[-77.01322,-12.20906],[-77.01434,-12.21043]]]}},{"type":"Feature","properties":{"id":"relation/4872150","nombre":"X-SM40-I","distrito":"Bellavista","tipo":"osm"},"geometry":{"type":"MultiLineString","coordinates":[[[-77.04864,-12.08531],[-77.04883,-12.08507],[-77.04916,-12.08538],[-77.05025,-12.0869]],[[-77.05018,-12.08677],[-77.05237,-12.08268],[-77.05247,-12.08202],[-77.04878,-12.07747],[-77.05291,-12.07415],[-77.0531,-12.07405],[-77.05389,-12.07501],[-77.05706,-12.07254],[-77.05888,-12.0718],[-77.06037,-12.0715],[-77.06169,-12.07153],[-77.0653,-12.07221],[-77.06738,-12.07234],[-77.07107,-12.07185],[-77.07787,-12.0703],[-77.07773,-12.06832],[-77.07779,-12.06676],[-77.07836,-12.06324],[-77.0798,-12.05737],[-77.08015,-12.05667],[-77.08088,-12.05585],[-77.0782,-12.05173],[-77.07807,-12.05127],[-77.07798,-12.04951],[-77.07688,-12.04752],[-77.07668,-12.04656],[-77.07754,-12.0358],[-77.07815,-12.03495],[-77.07833,-12.03424],[-77.07642,-12.02889],[-77.07461,-12.02439],[-77.07442,-12.02325],[-77.07468,-12.0222],[-77.07923,-12.01349],[-77.07953,-12.01263],[-77.08014,-12.01189],[-77.08181,-12.00845],[-77.08457,-11.9967],[-77.08423,-11.99624],[-77.08353,-11.99606],[-77.07294,-11.99452],[-77.07205,-11.99412],[-77.07152,-11.99336],[-77.07143,-11.9922],[-77.07227,-11.98649],[-77.072,-11.98457],[-77.07219,-11.98352],[-77.07226,-11.97635],[-77.07247,-11.97201],[-77.07561,-11.9719],[-77.07458,-11.96739],[-77.07389,-11.96603],[-77.07307,-11.96505],[-77.0717,-11.96393],[-77.06959,-11.96282],[-77.06742,-11.96256],[-77.06705,-11.9628],[-77.06694,-11.96316],[-77.06709,-11.96355],[-77.06756,-11.9638],[-77.06794,-11.96367],[-77.06827,-11.96314],[-77.07081,-11.94639],[-77.07234,-11.93071],[-77.06977,-11.93036],[-77.06823,-11.92979],[-77.06654,-11.92861],[-77.06546,-11.92735],[-77.0481,-11.89644]],[[-77.07771,-12.03563],[-77.0779,-12.03579],[-77.07773,-12.03598],[-77.07754,-12.0358],[-77.07771,-12.03563]],[[-77.07771,-12.03563],[-77.07786,-12.0357],[-77.07788,-12.03587],[-77.0776,-12.03593]],[[-76.99721,-12.08226],[-76.99866,-12.08308],[-76.99943,-12.08331],[-77.01051,-12.08479],[-77.01812,-12.08145],[-77.01929,-12.08114],[-77.02042,-12.08111],[-77.0269,-12.08242],[-77.04861,-12.08541]],[[-76.97788,-12.13112],[-76.98176,-12.12974],[-76.98132,-12.12829],[-76.98141,-12.1274],[-76.98171,-12.12669],[-76.98761,-12.12103],[-76.98818,-12.12019],[-76.98891,-12.11863],[-76.99339,-12.11167],[-76.99349,-12.11061],[-76.99229,-12.10773],[-76.99219,-12.10654],[-76.99234,-12.10611],[-76.99395,-12.10353],[-76.99428,-12.10251],[-76.99726,-12.08191],[-76.99743,-12.08128],[-76.99814,-12.07989],[-77.00099,-12.07508]],[[-76.97792,-12.13132],[-76.97727,-12.13142],[-76.9767,-12.13134],[-76.97664,-12.13149],[-76.97652,-12.13446],[-76.97552,-12.13715],[-76.97492,-12.13835],[-76.97479,-12.13927],[-76.97492,-12.14081],[-76.97405,-12.14281],[-76.96752,-12.15001],[-76.95556,-12.15995],[-76.95172,-12.16448],[-76.94956,-12.16673],[-76.94597,-12.17081],[-76.94244,-12.17516],[-76.94142,-12.17605]],[[-76.9767,-12.13134],[-76.97667,-12.12973]],[[-76.93745,-12.1573],[-76.93684,-12.15816]],[[-76.93397,-12.15524],[-76.93504,-12.15568],[-76.95055,-12.16624]]]}},{"type":"Feature","properties":{"id":"relation/5122704","nombre":"X-SO15-I","distrito":"Bellavista","tipo":"osm"},"geometry":{"type":"MultiLineString","coordinates":[[[-77.08572,-11.97092],[-77.08561,-11.97103],[-77.08568,-11.97137]],[[-76.96116,-12.19256],[-76.96693,-12.19322],[-76.97139,-12.19242],[-76.97208,-12.19214],[-76.97239,-12.19173],[-76.97258,-12.19083],[-76.97341,-12.18876],[-76.97903,-12.17114],[-76.98331,-12.15657],[-76.98371,-12.15463],[-76.98377,-12.15369],[-76.98344,-12.15132],[-76.98232,-12.14733],[-76.98269,-12.1485]],[[-77.0983,-12.04846],[-77.06587,-12.04561],[-77.06518,-12.04575],[-77.06444,-12.04549],[-77.05229,-12.04433],[-77.05086,-12.04438],[-77.04341,-12.04371]],[[-77.09893,-11.95735],[-77.1037,-11.96182]],[[-77.08517,-11.97066],[-77.08561,-11.97092],[-77.08655,-11.97043],[-77.08889,-11.96846],[-77.09402,-11.96226],[-77.09887,-11.9574]],[[-77.08737,-11.97372],[-77.08503,-11.97092]],[[-77.08442,-11.99595],[-77.08325,-11.9934],[-77.08177,-11.99147],[-77.08121,-11.98939],[-77.07866,-11.98469],[-77.0778,-11.98108],[-77.07678,-11.97802],[-77.08519,-11.97603],[-77.08646,-11.97514],[-77.08725,-11.97435],[-77.08739,-11.97391]],[[-77.08936,-11.9983],[-77.08723,-11.99681],[-77.0845,-11.9962],[-77.08445,-11.99603]],[[-77.0911,-12.00077],[-77.09164,-11.99961],[-77.08982,-11.99853]],[[-77.08756,-12.00931],[-77.08798,-12.00623],[-77.08842,-12.00558],[-77.08944,-12.00469],[-77.09101,-12.00098]],[[-77.0904,-12.00297],[-77.08954,-12.00484],[-77.08846,-12.00589],[-77.08814,-12.00639],[-77.08778,-12.00888]],[[-77.08832,-12.03071],[-77.08591,-12.02489],[-77.08581,-12.02402],[-77.08602,-12.02146],[-77.08755,-12.00944]],[[-77.0776,-12.03174],[-77.08825,-12.03052]],[[-77.06495,-12.04565],[-77.06492,-12.04539],[-77.06523,-12.04503],[-77.0661,-12.0363],[-77.066,-12.03579],[-77.06512,-12.03413],[-77.06481,-12.03207],[-77.06778,-12.03169],[-77.07748,-12.03175]],[[-77.06486,-12.04854],[-77.06514,-12.04602],[-77.06503,-12.04571]],[[-77.04142,-12.05971],[-77.04188,-12.0598],[-77.0421,-12.06014],[-77.04203,-12.06052],[-77.04169,-12.06076],[-77.04123,-12.06068],[-77.041,-12.0602],[-77.0415,-12.05946],[-77.04256,-12.04693],[-77.04233,-12.04637],[-77.0426,-12.04601],[-77.04298,-12.04604],[-77.04337,-12.04638],[-77.06494,-12.04855]],[[-77.04317,-12.0463],[-77.04313,-12.04658],[-77.04296,-12.04675],[-77.0425,-12.04672]],[[-76.98232,-12.14733],[-76.98182,-12.14519],[-76.98029,-12.13686],[-76.9772,-12.12871],[-76.97693,-12.12769],[-76.97708,-12.11981],[-76.97729,-12.11659],[-76.98118,-12.08858],[-76.98156,-12.08792],[-76.98362,-12.08641],[-76.98409,-12.08412],[-76.98432,-12.08361],[-76.99962,-12.064],[-76.99984,-12.06341],[-77.00174,-12.0631],[-77.00451,-12.06196],[-77.01347,-12.05492],[-77.01488,-12.0566],[-77.01664,-12.05726],[-77.03513,-12.05961],[-77.03584,-12.05927],[-77.03688,-12.05973],[-77.04103,-12.06005]],[[-76.96082,-12.19255],[-76.96109,-12.19248],[-76.96115,-12.19273],[-76.96091,-12.19281],[-76.96082,-12.19255]],[[-76.93223,-12.22071],[-76.94087,-12.22573],[-76.95285,-12.20567],[-76.9608,-12.19266]],[[-76.92234,-12.21465],[-76.92249,-12.21503],[-76.92693,-12.21762]],[[-76.90976,-12.22948],[-76.9104,-12.22939],[-76.91782,-12.22612],[-76.91855,-12.22562],[-76.91914,-12.22493],[-76.91959,-12.22379],[-76.92195,-12.2154],[-76.9224,-12.21417],[-76.92311,-12.21299],[-76.92757,-12.20701],[-76.93636,-12.19242],[-76.93766,-12.1902],[-76.93809,-12.18914],[-76.94114,-12.18397],[-76.94206,-12.18262]],[[-76.90622,-12.21019],[-76.90634,-12.21276],[-76.9085,-12.22507],[-76.90954,-12.22918],[-76.90974,-12.22947]]]}},{"type":"Feature","properties":{"id":"relation/5124498","nombre":"X-IO14-I","distrito":"Bellavista","tipo":"osm"},"geometry":{"type":"MultiLineString","coordinates":[[[-77.02888,-12.1193],[-77.02869,-12.11916],[-77.02559,-12.1192],[-77.02596,-12.11723],[-77.02575,-12.11465],[-77.0255,-12.11352],[-76.97276,-12.10988],[-76.97045,-12.1043],[-76.97039,-12.10378],[-76.9706,-12.10293],[-76.96908,-12.099],[-76.97015,-12.09895],[-76.97252,-12.09804],[-76.97328,-12.09794]],[[-77.10839,-11.87452],[-77.10923,-11.87415],[-77.11037,-11.87224],[-77.11359,-11.8697],[-77.11363,-11.86948],[-77.11338,-11.86859],[-77.11343,-11.86824],[-77.11375,-11.86785],[-77.11418,-11.86768],[-77.11461,-11.86774],[-77.11542,-11.86825],[-77.11707,-11.86865],[-77.11777,-11.86895],[-77.12463,-11.8728],[-77.12645,-11.87317],[-77.1271,-11.87301],[-77.12727,-11.8731],[-77.1268,-11.87584],[-77.12692,-11.87772],[-77.12646,-11.87989],[-77.12629,-11.88433],[-77.12638,-11.8845],[-77.12614,-11.88717],[-77.12626,-11.8885],[-77.12624,-11.89161],[-77.12705,-11.89761],[-77.12825,-11.90116],[-77.12878,-11.90818],[-77.12864,-11.9131],[-77.13062,-11.9319],[-77.13187,-11.94836],[-77.13165,-11.94985],[-77.12653,-11.96525],[-77.12587,-11.96767],[-77.12524,-11.97147],[-77.12506,-11.97601],[-77.12577,-11.99239],[-77.12629,-11.99684],[-77.12578,-11.99749],[-77.12147,-11.99917],[-77.12089,-11.99922],[-77.1177,-12.00047],[-77.11677,-12.00115],[-77.11578,-12.00236],[-77.11546,-12.00345],[-77.11456,-12.00499],[-77.11217,-12.00983],[-77.11123,-12.01205],[-77.11111,-12.01292],[-77.11004,-12.01449],[-77.10885,-12.0168],[-77.10854,-12.0172],[-77.10765,-12.01897],[-77.10756,-12.01942],[-77.10675,-12.02092],[-77.10642,-12.02209],[-77.1056,-12.02312],[-77.10525,-12.02382],[-77.10516,-12.02446],[-77.10342,-12.02752],[-77.10307,-12.02789],[-77.09983,-12.03426],[-77.09946,-12.03547],[-77.09933,-12.03924],[-77.09904,-12.04197],[-77.09916,-12.04246],[-77.09902,-12.04421],[-77.09913,-12.04475],[-77.09873,-12.04544],[-77.09847,-12.04822],[-77.09836,-12.05133],[-77.09792,-12.05488],[-77.09722,-12.06265],[-77.09741,-12.06655],[-77.0976,-12.06777],[-77.09915,-12.07271],[-77.10005,-12.07376],[-77.10008,-12.07427],[-77.09383,-12.07731],[-77.09246,-12.07779],[-77.09089,-12.07806],[-77.08185,-12.07828],[-77.08013,-12.07854],[-77.06638,-12.08346],[-77.06512,-12.08401],[-77.06475,-12.08435],[-77.06432,-12.08555],[-77.06295,-12.0867],[-77.05338,-12.09304],[-77.05844,-12.1029],[-77.0527,-12.10906],[-77.04312,-12.11872],[-77.04303,-12.1188],[-77.04266,-12.11872],[-77.04251,-12.11906],[-77.04041,-12.11908],[-77.04035,-12.11883],[-77.04008,-12.1187],[-77.03983,-12.11884],[-77.03979,-12.11909],[-77.02939,-12.11918],[-77.02926,-12.1192],[-77.02914,-12.11949],[-77.02892,-12.11939],[-77.02897,-12.11897],[-77.02914,-12.11899],[-77.02926,-12.1192]],[[-77.04041,-12.11908],[-77.0401,-12.11932],[-77.03979,-12.11909]],[[-77.04303,-12.1188],[-77.04308,-12.11903],[-77.04293,-12.11923],[-77.04267,-12.11923],[-77.04251,-12.11906]]]}},{"type":"Feature","properties":{"id":"relation/5125928","nombre":"X-IO46-I","distrito":"Bellavista","tipo":"osm"},"geometry":{"type":"MultiLineString","coordinates":[[[-77.13309,-12.06766],[-77.13379,-12.06284],[-77.14114,-12.06405],[-77.14125,-12.06184],[-77.14276,-12.06207],[-77.14294,-12.06098],[-77.14291,-12.06029],[-77.14228,-12.05604],[-77.13987,-12.05295],[-77.13887,-12.05285],[-77.13855,-12.05266],[-77.13845,-12.05213],[-77.1388,-12.05175],[-77.13933,-12.05175],[-77.13967,-12.05198],[-77.13978,-12.05231],[-77.1397,-12.05259],[-77.13946,-12.0528],[-77.13914,-12.05287],[-77.13992,-12.05299],[-77.14228,-12.05604],[-77.14291,-12.06029],[-77.14294,-12.06098],[-77.14276,-12.06207]],[[-77.13845,-12.05213],[-77.13843,-12.0519],[-77.13821,-12.0518],[-77.13452,-12.0517],[-77.13449,-12.0514],[-77.13417,-12.05118],[-77.13377,-12.05135],[-77.13372,-12.05172],[-77.13347,-12.05157],[-77.12678,-12.05097],[-77.12623,-12.05109],[-77.12627,-12.05064],[-77.12602,-12.05048],[-77.1257,-12.05053],[-77.12592,-12.0501],[-77.12667,-12.04193]],[[-77.13452,-12.0517],[-77.13412,-12.05199],[-77.13372,-12.05172]],[[-77.12623,-12.05109],[-77.126,-12.05122],[-77.12565,-12.05111],[-77.12554,-12.05082],[-77.1257,-12.05053]],[[-77.12666,-12.04208],[-77.12574,-12.04042],[-77.12136,-12.042],[-77.11556,-12.04272],[-77.10941,-12.04433],[-77.1097,-12.04542],[-77.10962,-12.04583],[-77.10734,-12.04557]],[[-77.02197,-12.06934],[-77.03167,-12.07057],[-77.03072,-12.0737],[-77.03906,-12.0749],[-77.04273,-12.07507]],[[-77.07985,-12.07492],[-77.08041,-12.07568],[-77.08116,-12.07714],[-77.08208,-12.0781],[-77.09061,-12.07793],[-77.09219,-12.0777],[-77.0933,-12.07734],[-77.10418,-12.07219],[-77.11581,-12.06764],[-77.11743,-12.06673],[-77.11987,-12.0649]],[[-77.05389,-12.07501],[-77.05683,-12.07267],[-77.05787,-12.07213],[-77.06037,-12.0715],[-77.06169,-12.07153],[-77.06187,-12.07242],[-77.06214,-12.07296],[-77.06539,-12.0787],[-77.06651,-12.0785],[-77.07585,-12.07565],[-77.07978,-12.07482]],[[-77.11016,-11.99419],[-77.10711,-11.99084],[-77.10561,-11.98937],[-77.10192,-11.98623],[-77.09258,-11.97785],[-77.0887,-11.97466],[-77.08788,-11.97422]],[[-77.11034,-11.99411],[-77.10937,-11.9949],[-77.10893,-11.99568],[-77.10464,-12.00401],[-77.09792,-12.01761],[-77.0969,-12.0199],[-77.09644,-12.02023],[-77.09877,-12.02405],[-77.09882,-12.02433],[-77.101,-12.01997]],[[-77.099,-12.03617],[-77.09777,-12.03589],[-77.09709,-12.03538],[-77.09438,-12.02987],[-77.09549,-12.02967],[-77.096,-12.02943],[-77.09647,-12.02901],[-77.09882,-12.02433]],[[-77.08549,-11.96493],[-77.08538,-11.96211],[-77.08419,-11.96196]],[[-77.08356,-11.9622],[-77.08361,-11.96182]],[[-77.08315,-11.97667],[-77.07736,-11.96376],[-77.08102,-11.9622],[-77.08166,-11.96203],[-77.08415,-11.96227]],[[-77.0878,-11.97422],[-77.08583,-11.97581],[-77.08486,-11.97628],[-77.07446,-11.97864],[-77.07349,-11.97871],[-77.07241,-11.97856]],[[-77.10716,-12.04568],[-77.09875,-12.04517],[-77.09903,-12.04475],[-77.09892,-12.0442],[-77.09905,-12.04252],[-77.09892,-12.04196],[-77.09918,-12.03907],[-77.09932,-12.03562],[-77.09958,-12.03464],[-77.10006,-12.03339],[-77.10044,-12.03297],[-77.10303,-12.02776],[-77.1033,-12.02745],[-77.10508,-12.02427],[-77.10517,-12.02376],[-77.10558,-12.02284]],[[-77.09851,-12.04606],[-77.09861,-12.04539],[-77.09875,-12.04517]],[[-77.09939,-12.04525],[-77.09868,-12.04523]],[[-77.11995,-12.06517],[-77.11966,-12.06479],[-77.1192,-12.0648],[-77.11886,-12.06508],[-77.11877,-12.06549],[-77.11906,-12.06583],[-77.11939,-12.06582],[-77.11975,-12.06561],[-77.11995,-12.06517],[-77.12022,-12.06547],[-77.12122,-12.06557],[-77.1216,-12.06573],[-77.13298,-12.06776]],[[-77.06532,-12.07871],[-77.06539,-12.0787]],[[-77.0614,-12.06819],[-77.06169,-12.07153]],[[-77.04218,-12.07509],[-77.04232,-12.07652],[-77.04878,-12.07747],[-77.0541,-12.07327],[-77.05489,-12.07423]],[[-77.03072,-12.0737],[-77.03033,-12.0762]],[[-77.02416,-12.04288],[-77.03042,-12.05486],[-77.02844,-12.07017]],[[-77.02188,-12.04188],[-77.02285,-12.0425],[-77.02399,-12.04262]],[[-76.99612,-11.98778],[-76.99557,-11.98613],[-76.99384,-11.9837],[-76.99252,-11.98151],[-76.99208,-11.98023],[-76.9919,-11.97877],[-76.98957,-11.979],[-76.9883,-11.97994],[-76.98696,-11.9802],[-76.98533,-11.98094],[-76.98091,-11.98112],[-76.97789,-11.98157],[-76.97662,-11.98352],[-76.97545,-11.98654],[-76.97527,-11.98673],[-76.97498,-11.9867]],[[-77.01231,-12.03209],[-77.01258,-12.03306],[-77.01276,-12.03493],[-77.01336,-12.03718],[-77.01435,-12.03771],[-77.01769,-12.04022],[-77.0193,-12.04073],[-77.02106,-12.04152]],[[-77.00071,-11.99618],[-77.00052,-11.99896],[-76.99695,-12.00861],[-76.9969,-12.00917],[-76.99708,-12.01089],[-76.99658,-12.01216],[-76.99627,-12.01262],[-76.99557,-12.01285],[-76.99475,-12.01276]],[[-76.999,-12.00258],[-77.00242,-12.0038],[-77.00613,-12.00597],[-77.00234,-12.01203],[-77.00214,-12.01324],[-77.00197,-12.016],[-77.00204,-12.0168],[-77.00234,-12.01741],[-77.00387,-12.01928],[-77.00489,-12.02013],[-77.01061,-12.0262],[-77.0116,-12.02836],[-77.01228,-12.03084],[-77.0123,-12.03206]],[[-77.00526,-11.99637],[-77.00055,-11.99618]],[[-77.00527,-11.99616],[-77.00504,-11.99975],[-77.00254,-12.00386]],[[-76.99607,-11.98798],[-76.99663,-11.98957],[-76.99688,-11.98995],[-76.99706,-11.98997],[-76.99745,-11.98976],[-76.99781,-11.98936],[-76.99925,-11.9869],[-77.00066,-11.98615],[-77.00143,-11.98638],[-77.00324,-11.98569],[-77.00512,-11.99031]]]}},{"type":"Feature","properties":{"id":"relation/5129169","nombre":"X-IO60-I","distrito":"Bellavista","tipo":"osm"},"geometry":{"type":"MultiLineString","coordinates":[[[-77.13372,-12.05172],[-77.13377,-12.05135],[-77.13403,-12.05118],[-77.13437,-12.05125],[-77.13453,-12.05149],[-77.13441,-12.05188],[-77.13405,-12.05198],[-77.13347,-12.05157],[-77.12678,-12.05097],[-77.12623,-12.05109],[-77.12631,-12.0507],[-77.12596,-12.05046],[-77.12562,-12.05061],[-77.12557,-12.051],[-77.12514,-12.05082],[-77.07251,-12.04619],[-77.06587,-12.04561],[-77.06518,-12.04575],[-77.06444,-12.04549],[-77.05229,-12.04433],[-77.05086,-12.04438],[-77.04341,-12.04371]],[[-77.10948,-12.07939],[-77.11105,-12.0784],[-77.11365,-12.07766],[-77.11162,-12.07252],[-77.11125,-12.07208],[-77.11,-12.07125],[-77.10943,-12.07029],[-77.10504,-12.07198],[-77.10473,-12.07137],[-77.10415,-12.06888],[-77.10395,-12.06712],[-77.10408,-12.06577],[-77.10462,-12.06315],[-77.10507,-12.05867],[-77.1055,-12.05669],[-77.11069,-12.05778],[-77.11039,-12.05928],[-77.1118,-12.06195],[-77.11174,-12.06252],[-77.11263,-12.06267],[-77.11533,-12.06113],[-77.11738,-12.06394],[-77.11716,-12.06484],[-77.11868,-12.0651],[-77.11876,-12.06495],[-77.11791,-12.06356],[-77.11803,-12.06348],[-77.11898,-12.06474],[-77.11988,-12.06477],[-77.12766,-12.05905],[-77.13314,-12.05579],[-77.13381,-12.05269],[-77.13385,-12.0519]],[[-77.00445,-11.96805],[-77.00919,-11.9651],[-77.01142,-11.9686],[-77.01438,-11.96685],[-77.01468,-11.96586],[-77.01575,-11.96489],[-77.01686,-11.96433]],[[-77.00393,-11.96818],[-77.00429,-11.96812]],[[-76.99745,-12.03996],[-76.9973,-12.03551],[-76.99747,-12.03489],[-76.99862,-12.03268],[-76.99971,-12.03014],[-76.99977,-12.02828],[-77.00083,-12.02332],[-77.00058,-12.02099],[-77.0003,-12.02055],[-77.00025,-12.02014],[-77.00124,-12.01701],[-77.00135,-12.01683],[-77.00169,-12.01671],[-77.00163,-12.01597],[-77.00182,-12.01287],[-77.00203,-12.01186],[-77.0079,-12.00244],[-77.00947,-11.99706],[-77.01431,-11.99861],[-77.01546,-11.99665],[-77.01501,-11.99563],[-77.01514,-11.99294],[-77.01493,-11.99189],[-77.01565,-11.98643],[-77.01539,-11.98512],[-77.01431,-11.98415],[-77.01318,-11.98255],[-77.01298,-11.98179],[-77.00545,-11.97001],[-77.0041,-11.96815]],[[-77.01075,-12.05152],[-77.00453,-12.05255],[-77.00368,-12.0528],[-77.00324,-12.05195],[-76.99793,-12.04438],[-76.99746,-12.04274],[-76.99752,-12.04047],[-76.99741,-12.04007],[-76.99756,-12.03993],[-76.99775,-12.04023],[-76.99766,-12.04034],[-76.99751,-12.04029]],[[-77.04333,-12.04376],[-77.04312,-12.04422],[-77.04298,-12.04591],[-77.04318,-12.0464],[-77.04287,-12.04693],[-77.04181,-12.05976],[-77.04151,-12.0597],[-77.04122,-12.0598],[-77.04103,-12.06005],[-77.04101,-12.06036],[-77.03688,-12.05991],[-77.03567,-12.0603],[-77.03522,-12.05991],[-77.0348,-12.05977],[-77.01652,-12.0574],[-77.01462,-12.05666],[-77.01056,-12.05157]],[[-77.04181,-12.05976],[-77.0421,-12.06019],[-77.04192,-12.06064],[-77.04143,-12.06077],[-77.04116,-12.06063],[-77.04101,-12.06036]],[[-77.04296,-12.04675],[-77.0425,-12.04672],[-77.04233,-12.04637],[-77.0426,-12.04601],[-77.04304,-12.04608]],[[-77.12623,-12.05109],[-77.12589,-12.05123],[-77.12557,-12.051]],[[-77.11837,-12.06441],[-77.11835,-12.06439]]]}},{"type":"Feature","properties":{"id":"relation/5150388","nombre":"X-IM42-I","distrito":"Bellavista","tipo":"osm"},"geometry":{"type":"MultiLineString","coordinates":[[[-77.04008,-12.05746],[-77.03983,-12.05744],[-77.0398,-12.05783],[-77.04005,-12.05784],[-77.04008,-12.05746]],[[-76.98887,-12.00636],[-76.99036,-12.00463],[-76.99304,-12.00452],[-76.99395,-12.00308],[-76.9944,-12.00263],[-76.99489,-12.00239],[-76.9966,-12.00199],[-76.99746,-12.00218],[-77.00246,-12.00401],[-77.00584,-12.00599],[-77.00243,-12.01132],[-77.00212,-12.01199],[-77.00197,-12.01268],[-77.0018,-12.01514],[-77.00184,-12.01677],[-77.0021,-12.01749],[-77.00324,-12.01895],[-77.00514,-12.02056],[-77.0094,-12.02508],[-77.01041,-12.0263],[-77.0115,-12.02859],[-77.01215,-12.03079],[-77.0121,-12.03198],[-77.01232,-12.03214],[-77.01224,-12.03227],[-77.01205,-12.03226],[-77.01246,-12.03308],[-77.01271,-12.03512],[-77.01322,-12.03714],[-77.0135,-12.03741],[-77.01446,-12.03787],[-77.01782,-12.04039],[-77.01877,-12.04069],[-77.02054,-12.04149],[-77.02261,-12.04265],[-77.02405,-12.04289],[-77.03027,-12.05476],[-77.03031,-12.05528],[-77.02959,-12.0605],[-77.03268,-12.0609],[-77.03285,-12.05962],[-77.03497,-12.05989],[-77.03567,-12.0603],[-77.03688,-12.05991],[-77.04101,-12.06036],[-77.04106,-12.05998],[-77.04142,-12.05971]],[[-77.01205,-12.03226],[-77.01199,-12.0321],[-77.0121,-12.03198]],[[-77.04727,-12.05668],[-77.0472,-12.05858],[-77.04215,-12.06011],[-77.04203,-12.06052],[-77.04169,-12.06076],[-77.04128,-12.06071],[-77.04101,-12.06036]],[[-77.04205,-12.06],[-77.0421,-12.06014]],[[-77.10124,-12.02006],[-77.09682,-12.02894],[-77.09623,-12.02955],[-77.09555,-12.02991],[-77.07736,-12.03191],[-77.06829,-12.03189],[-77.06493,-12.03227],[-77.0652,-12.03412],[-77.06603,-12.03563],[-77.06617,-12.03609],[-77.06603,-12.03852],[-77.06493,-12.04865],[-77.05945,-12.0481],[-77.05947,-12.04868],[-77.06182,-12.05446],[-77.06187,-12.05501],[-77.06161,-12.05656],[-77.05769,-12.0558],[-77.05691,-12.05574],[-77.05172,-12.05724],[-77.05166,-12.05707],[-77.05144,-12.05703],[-77.04516,-12.0565]],[[-77.0649,-12.03206],[-77.06493,-12.03227]]]}},{"type":"Feature","properties":{"id":"relation/5150503","nombre":"X-IM44-I","distrito":"Bellavista","tipo":"osm"},"geometry":{"type":"MultiLineString","coordinates":[[[-76.93935,-12.07571],[-76.93966,-12.0733],[-76.94063,-12.07223],[-76.94056,-12.0725],[-76.94076,-12.07278],[-76.94101,-12.07282],[-76.94124,-12.0727],[-76.94133,-12.07251],[-76.94125,-12.07223],[-76.94106,-12.07209],[-76.94076,-12.07212],[-76.94136,-12.07146],[-76.94402,-12.06654],[-76.94703,-12.06811],[-76.95462,-12.07048],[-76.96112,-12.07348],[-76.96237,-12.07417],[-76.96383,-12.07564],[-76.96537,-12.07846],[-76.96705,-12.08103],[-76.96812,-12.08195],[-76.96941,-12.08279],[-76.96984,-12.08292],[-76.96957,-12.08334],[-76.96971,-12.08364],[-76.96991,-12.08375],[-76.97033,-12.08364],[-76.97045,-12.0832],[-76.97084,-12.08341],[-76.97929,-12.0846],[-76.98188,-12.08488],[-76.98511,-12.08501],[-76.987,-12.08561],[-76.98874,-12.08593],[-76.99477,-12.08664],[-76.99639,-12.08648],[-76.9973,-12.08665],[-76.99846,-12.0872],[-77.00166,-12.08764],[-77.00217,-12.08763],[-77.00297,-12.08739],[-77.00346,-12.08743],[-77.00422,-12.08755],[-77.00524,-12.08809],[-77.00571,-12.08821],[-77.01345,-12.08928],[-77.0144,-12.08874],[-77.01516,-12.08637],[-77.01544,-12.08603],[-77.01665,-12.08831],[-77.01805,-12.08976],[-77.0188,-12.09017],[-77.05067,-12.09461],[-77.06289,-12.08662],[-77.06417,-12.08558],[-77.06439,-12.08518],[-77.06448,-12.08451],[-77.06475,-12.08409],[-77.06558,-12.08358],[-77.08025,-12.07833],[-77.08183,-12.0781],[-77.09068,-12.07793],[-77.09219,-12.0777],[-77.0933,-12.07734],[-77.10356,-12.07245],[-77.11626,-12.06743],[-77.11743,-12.06673],[-77.12703,-12.05952],[-77.1317,-12.06059],[-77.13214,-12.06055],[-77.13401,-12.0608],[-77.14686,-12.06268],[-77.147,-12.06159],[-77.14742,-12.06142],[-77.14829,-12.05955],[-77.14879,-12.05979],[-77.1512,-12.06187],[-77.15131,-12.06224],[-77.15119,-12.06343],[-77.15138,-12.06381],[-77.15404,-12.06489],[-77.15821,-12.06737]],[[-77.13214,-12.06055],[-77.13217,-12.06047]],[[-76.86063,-12.17098],[-76.86091,-12.17134],[-76.86117,-12.17142],[-76.86227,-12.17108],[-76.86328,-12.17048],[-76.86384,-12.17037],[-76.87113,-12.14911],[-76.87127,-12.14716],[-76.87168,-12.12877],[-76.87211,-12.12466]],[[-76.9899,-12.08599],[-76.99043,-12.08608]],[[-76.96984,-12.08292],[-76.97016,-12.0829],[-76.97045,-12.0832]],[[-76.94076,-12.0636],[-76.94082,-12.06437],[-76.94129,-12.06511]],[[-76.94402,-12.06654],[-76.9461,-12.06257]],[[-76.94063,-12.07223],[-76.94076,-12.07212]],[[-76.93931,-12.07592],[-76.93834,-12.07563]],[[-76.93421,-12.07643],[-76.93274,-12.07743],[-76.9305,-12.07818],[-76.93008,-12.0785],[-76.92828,-12.08183],[-76.92733,-12.08413],[-76.92678,-12.0847],[-76.92584,-12.08492],[-76.91922,-12.08526],[-76.91567,-12.08596],[-76.91352,-12.08602]],[[-76.93768,-12.07542],[-76.93655,-12.07536],[-76.93549,-12.07564],[-76.9347,-12.07608],[-76.93367,-12.07699],[-76.93302,-12.07739],[-76.93039,-12.07834],[-76.92992,-12.07889],[-76.92858,-12.08143]],[[-76.90021,-12.08605],[-76.89084,-12.08622],[-76.88701,-12.08516],[-76.88547,-12.08548],[-76.8816,-12.08504],[-76.8784,-12.08432],[-76.87761,-12.08429],[-76.87781,-12.08493],[-76.87806,-12.08513],[-76.8791,-12.08519],[-76.87968,-12.08544],[-76.88092,-12.08549],[-76.88143,-12.08588],[-76.88213,-12.08606],[-76.88251,-12.08672],[-76.88356,-12.08724],[-76.8837,-12.08757],[-76.88171,-12.09017],[-76.88112,-12.09573],[-76.88092,-12.09671],[-76.876,-12.10507],[-76.87336,-12.11488],[-76.87253,-12.1235],[-76.87231,-12.12469]],[[-76.87761,-12.08429],[-76.87758,-12.0842],[-76.87804,-12.08419],[-76.88157,-12.08494],[-76.88485,-12.08535],[-76.88573,-12.08538],[-76.88705,-12.08507],[-76.88927,-12.08577],[-76.89092,-12.08611],[-76.89799,-12.08591],[-76.90507,-12.08605],[-76.91517,-12.08586]],[[-76.86824,-12.08628],[-76.86947,-12.08567],[-76.87571,-12.08492],[-76.87758,-12.0842]],[[-76.87816,-12.1011],[-76.87668,-12.10042]],[[-76.87549,-12.09877],[-76.87602,-12.09954],[-76.87607,-12.10033],[-76.87389,-12.10418],[-76.87273,-12.10779],[-76.87228,-12.10984],[-76.87032,-12.11692],[-76.87035,-12.11762],[-76.87103,-12.12029],[-76.87088,-12.1231]],[[-76.8757,-12.10637],[-76.87355,-12.10578],[-76.87343,-12.10565]],[[-76.87186,-12.11602],[-76.87202,-12.11463],[-76.87481,-12.10476],[-76.87717,-12.10065]]]}},{"type":"Feature","properties":{"id":"relation/5150905","nombre":"X-IM47-I","distrito":"Bellavista","tipo":"osm"},"geometry":{"type":"MultiLineString","coordinates":[[[-77.00357,-11.8544],[-77.0042,-11.85779],[-77.00441,-11.85836],[-77.00625,-11.86034],[-77.00697,-11.86203],[-77.00794,-11.86338],[-77.00916,-11.8646],[-77.01034,-11.86516],[-77.0111,-11.8658],[-77.01157,-11.86722],[-77.01403,-11.87092],[-77.01616,-11.87463],[-77.01772,-11.87779],[-77.01979,-11.87994],[-77.0227,-11.88142],[-77.0234,-11.88217],[-77.02368,-11.88322],[-77.02324,-11.88582],[-77.02334,-11.88682],[-77.02385,-11.88766],[-77.02591,-11.88942],[-77.02685,-11.89046],[-77.0281,-11.89234],[-77.02868,-11.89349],[-77.03033,-11.89943],[-77.03062,-11.90376],[-77.03202,-11.90691],[-77.03257,-11.90761],[-77.03314,-11.90802],[-77.03691,-11.90954],[-77.03743,-11.90996],[-77.03792,-11.91073],[-77.04048,-11.91537],[-77.04103,-11.91667],[-77.04217,-11.92254],[-77.04275,-11.92708],[-77.04312,-11.92834],[-77.04452,-11.93118],[-77.04686,-11.934],[-77.04946,-11.93776],[-77.04992,-11.93868],[-77.0502,-11.93979],[-77.05048,-11.94426],[-77.04933,-11.94895],[-77.04928,-11.94986],[-77.04955,-11.95035],[-77.05072,-11.95141],[-77.051,-11.95182],[-77.05573,-11.96577],[-77.05739,-11.96869],[-77.0575,-11.96916],[-77.05742,-11.9718],[-77.0576,-11.97302],[-77.05797,-11.97399],[-77.05921,-11.97612],[-77.0595,-11.97705],[-77.05947,-11.97838],[-77.05818,-11.98309],[-77.05686,-11.98881],[-77.05703,-11.98905],[-77.0632,-11.98998],[-77.06348,-11.99019],[-77.06358,-11.99052],[-77.0637,-11.99141],[-77.06172,-12.00409],[-77.06198,-12.00401],[-77.06223,-12.00413],[-77.06231,-12.00438],[-77.0622,-12.00462],[-77.06193,-12.00472],[-77.06169,-12.00461],[-77.06158,-12.00436],[-77.06172,-12.00409]],[[-77.10572,-12.02219],[-77.10571,-12.02195],[-77.10541,-12.02171],[-77.1014,-12.01979],[-77.10049,-12.01913],[-77.09943,-12.0182],[-77.09595,-12.01448],[-77.09484,-12.0135],[-77.09286,-12.01244],[-77.08999,-12.0117],[-77.08548,-12.0079],[-77.08411,-12.00708],[-77.08263,-12.00671],[-77.07673,-12.00639],[-77.07443,-12.00642],[-77.06222,-12.0046]],[[-77.0632,-12.08627],[-77.06415,-12.08547],[-77.06458,-12.08432],[-77.06521,-12.08375],[-77.07923,-12.07863],[-77.08056,-12.07826],[-77.0817,-12.07811],[-77.09061,-12.07793],[-77.09219,-12.0777],[-77.0933,-12.07734],[-77.09821,-12.07499],[-77.09869,-12.07447],[-77.09899,-12.0739],[-77.09905,-12.07289],[-77.09738,-12.06734],[-77.09709,-12.06252],[-77.09823,-12.0515],[-77.09829,-12.04861],[-77.09851,-12.04606],[-77.09865,-12.04527],[-77.09894,-12.04501],[-77.09903,-12.04475],[-77.09892,-12.0442],[-77.09905,-12.04252],[-77.09892,-12.04196],[-77.09918,-12.03907],[-77.09932,-12.03562],[-77.10006,-12.03339],[-77.10044,-12.03297],[-77.10303,-12.02776],[-77.1033,-12.02745],[-77.10508,-12.02427],[-77.1057,-12.02227]],[[-77.0431,-12.04663],[-77.04678,-12.05043],[-77.04983,-12.04973],[-77.05383,-12.049],[-77.05541,-12.05253],[-77.05762,-12.05544],[-77.05776,-12.05581],[-77.05656,-12.0558],[-77.04221,-12.06009],[-77.0421,-12.06014],[-77.04192,-12.06064],[-77.06313,-12.08632]],[[-77.04192,-12.06064],[-77.04161,-12.06078],[-77.04123,-12.06068],[-77.04101,-12.06036],[-77.04103,-12.06005],[-77.04128,-12.05976],[-77.04158,-12.0597],[-77.04188,-12.0598],[-77.0421,-12.06014]],[[-77.04304,-12.04608],[-77.04318,-12.0464],[-77.04304,-12.0467],[-77.04273,-12.0468],[-77.04245,-12.04668],[-77.04233,-12.04637],[-77.04246,-12.04609],[-77.04275,-12.04598],[-77.04304,-12.04608]]]}},{"type":"Feature","properties":{"id":"relation/5151266","nombre":"X-IM49-I","distrito":"Bellavista","tipo":"osm"},"geometry":{"type":"MultiLineString","coordinates":[[[-76.95553,-12.07359],[-76.95663,-12.07143],[-76.96112,-12.07348],[-76.96237,-12.07417],[-76.96383,-12.07564],[-76.96537,-12.07846],[-76.96705,-12.08103],[-76.96776,-12.0817],[-76.96941,-12.08279],[-76.97016,-12.0829],[-76.97075,-12.08339],[-76.98058,-12.08475],[-76.98511,-12.08501],[-76.987,-12.08561],[-76.98874,-12.08593],[-76.99477,-12.08664],[-76.9962,-12.08648],[-76.99697,-12.08656],[-76.99846,-12.0872],[-77.00166,-12.08764],[-77.00217,-12.08763],[-77.00297,-12.08739],[-77.00346,-12.08743],[-77.00422,-12.08755],[-77.00524,-12.08809],[-77.00571,-12.08821],[-77.01345,-12.08928],[-77.0144,-12.08874],[-77.01516,-12.08637],[-77.01544,-12.08603],[-77.01665,-12.08831],[-77.01805,-12.08976],[-77.0188,-12.09017],[-77.05067,-12.09461],[-77.06289,-12.08662],[-77.06417,-12.08558],[-77.06439,-12.08518],[-77.06448,-12.08451],[-77.06475,-12.08409],[-77.06558,-12.08358],[-77.08025,-12.07833],[-77.08183,-12.0781],[-77.09068,-12.07793],[-77.09274,-12.07753],[-77.10356,-12.07245],[-77.11581,-12.06764],[-77.11626,-12.06743],[-77.11877,-12.06549],[-77.11914,-12.06584],[-77.11975,-12.06561],[-77.11995,-12.06525],[-77.11989,-12.06502],[-77.11966,-12.06479],[-77.11944,-12.06476],[-77.11886,-12.06508],[-77.11879,-12.06476],[-77.11473,-12.0592],[-77.11459,-12.05827],[-77.11498,-12.05346],[-77.11981,-12.05391],[-77.12056,-12.05429],[-77.12195,-12.05549],[-77.12241,-12.0549],[-77.12536,-12.05249],[-77.12569,-12.05176],[-77.12565,-12.05111],[-77.12589,-12.05123],[-77.12615,-12.05116],[-77.12631,-12.05094],[-77.12627,-12.05064],[-77.12602,-12.05048],[-77.12578,-12.05049],[-77.12558,-12.05068],[-77.12557,-12.051],[-77.12514,-12.05082],[-77.10645,-12.04918]],[[-77.12565,-12.05111],[-77.12557,-12.051]],[[-77.11877,-12.06549],[-77.11886,-12.06508]],[[-76.90021,-12.08605],[-76.89084,-12.08622],[-76.88701,-12.08516],[-76.88576,-12.08547],[-76.88437,-12.08538],[-76.8816,-12.08504],[-76.87776,-12.08427],[-76.87586,-12.08498],[-76.86944,-12.08573],[-76.86808,-12.08638],[-76.86761,-12.08692],[-76.86704,-12.08711],[-76.86469,-12.0868],[-76.86239,-12.08773],[-76.86157,-12.08793],[-76.85389,-12.0892],[-76.8454,-12.09078],[-76.84408,-12.09091],[-76.84337,-12.09207],[-76.84384,-12.09325],[-76.84372,-12.09397],[-76.84387,-12.09441],[-76.84374,-12.09541],[-76.84239,-12.09631],[-76.84183,-12.09808],[-76.84089,-12.09813],[-76.84046,-12.09829],[-76.8374,-12.10052],[-76.83497,-12.10194],[-76.83427,-12.10264],[-76.83314,-12.10431],[-76.8328,-12.10462],[-76.82938,-12.10597],[-76.82823,-12.1068],[-76.82698,-12.10812],[-76.82322,-12.11064],[-76.82248,-12.11085],[-76.82034,-12.11106],[-76.8198,-12.11132],[-76.81842,-12.11283],[-76.81771,-12.11502],[-76.81751,-12.11527],[-76.81623,-12.11567],[-76.81579,-12.11598],[-76.8145,-12.11777],[-76.8141,-12.11855]],[[-76.86824,-12.08628],[-76.86947,-12.08567],[-76.87571,-12.08492],[-76.87735,-12.08428],[-76.8779,-12.08418],[-76.88157,-12.08494],[-76.88485,-12.08535],[-76.88573,-12.08538],[-76.88705,-12.08507],[-76.88927,-12.08577],[-76.89092,-12.08611],[-76.89799,-12.08591],[-76.90507,-12.08605],[-76.91517,-12.08586]],[[-76.9899,-12.08599],[-76.99043,-12.08608]],[[-76.97045,-12.0832],[-76.97033,-12.08364],[-76.97003,-12.08376],[-76.9698,-12.0837],[-76.96957,-12.08334],[-76.96984,-12.08292]],[[-76.95663,-12.07143],[-76.95841,-12.06772]],[[-76.95159,-12.07938],[-76.95105,-12.07962],[-76.95043,-12.07959],[-76.93962,-12.07603]],[[-76.93931,-12.07592],[-76.93834,-12.07563]],[[-76.95525,-12.07399],[-76.95531,-12.0737],[-76.95553,-12.07359],[-76.95579,-12.07368],[-76.95588,-12.07385],[-76.95566,-12.07421],[-76.95545,-12.07421],[-76.95525,-12.07399],[-76.95517,-12.07449],[-76.95384,-12.07721]],[[-76.93768,-12.07542],[-76.93655,-12.07536],[-76.93549,-12.07564],[-76.9347,-12.07608],[-76.93367,-12.07699],[-76.93302,-12.07739],[-76.93039,-12.07834],[-76.92992,-12.07889],[-76.92858,-12.08143]],[[-76.91352,-12.08602],[-76.91567,-12.08596],[-76.91922,-12.08526],[-76.92584,-12.08492],[-76.92678,-12.0847],[-76.92733,-12.08413],[-76.92828,-12.08183],[-76.93008,-12.0785],[-76.9305,-12.07818],[-76.93274,-12.07743],[-76.93421,-12.07643]],[[-76.75735,-12.06982],[-76.75645,-12.0726]],[[-76.81395,-12.1184],[-76.8137,-12.11827],[-76.80765,-12.10799],[-76.7992,-12.1027],[-76.79656,-12.10173],[-76.77847,-12.09591],[-76.77662,-12.09459],[-76.77322,-12.09397],[-76.77266,-12.0936],[-76.77218,-12.09266],[-76.772,-12.09057],[-76.77186,-12.09007],[-76.77106,-12.08904],[-76.77013,-12.08319],[-76.76961,-12.08186],[-76.76889,-12.08082],[-76.7663,-12.07938],[-76.76519,-12.07839],[-76.76056,-12.07503],[-76.76005,-12.07446],[-76.75968,-12.07381],[-76.75943,-12.07229],[-76.75823,-12.07013],[-76.7578,-12.06992],[-76.75686,-12.06977],[-76.75643,-12.0698],[-76.75606,-12.07003],[-76.75387,-12.07005],[-76.75316,-12.06963],[-76.75088,-12.06749],[-76.75025,-12.06713],[-76.7496,-12.0662],[-76.74882,-12.06535],[-76.74814,-12.06505],[-76.74782,-12.06467],[-76.74706,-12.06429],[-76.74607,-12.06322]],[[-76.81387,-12.11856],[-76.8137,-12.11827]],[[-76.81395,-12.1184],[-76.81431,-12.11806]]]}},{"type":"Feature","properties":{"id":"relation/5151299","nombre":"X-NO100-I","distrito":"Bellavista","tipo":"osm"},"geometry":{"type":"MultiLineString","coordinates":[[[-77.04345,-12.04312],[-77.04352,-12.04349],[-77.04333,-12.04376],[-77.04273,-12.04377],[-77.04249,-12.04355],[-77.04253,-12.04311],[-77.04297,-12.04294],[-77.0437,-12.04322],[-77.05085,-12.04391],[-77.05148,-12.04415],[-77.0523,-12.04425],[-77.09831,-12.04838]],[[-77.05451,-12.05299],[-77.05391,-12.05178],[-77.05481,-12.05134],[-77.05383,-12.049],[-77.05047,-12.0496],[-77.05102,-12.04395]],[[-77.01861,-12.05461],[-77.0266,-12.053],[-77.02885,-12.05171],[-77.03426,-12.04824],[-77.04246,-12.04326]],[[-77.01536,-12.06275],[-77.01555,-12.06133],[-77.01659,-12.05884],[-77.01713,-12.05826],[-77.01818,-12.05544],[-77.01861,-12.05461],[-77.01884,-12.05317]]]}},{"type":"Feature","properties":{"id":"relation/5156472","nombre":"X-CR35-I","distrito":"Bellavista","tipo":"osm"},"geometry":{"type":"MultiLineString","coordinates":[[[-77.04409,-12.04756],[-77.04418,-12.04654],[-77.05071,-12.04722],[-77.05098,-12.04437],[-77.04341,-12.04371]],[[-77.11533,-11.8419],[-77.11894,-11.84562],[-77.11983,-11.84771],[-77.12061,-11.84859],[-77.12311,-11.84954],[-77.12541,-11.84937],[-77.12653,-11.84963],[-77.12749,-11.85024],[-77.12921,-11.85202],[-77.12972,-11.85287],[-77.12995,-11.85357],[-77.13045,-11.85925],[-77.13031,-11.86018],[-77.12922,-11.86181],[-77.12901,-11.86235],[-77.12847,-11.8666],[-77.12681,-11.8757],[-77.12692,-11.87772],[-77.12646,-11.87989],[-77.12629,-11.88433],[-77.12638,-11.8845],[-77.12614,-11.88717],[-77.12626,-11.8885],[-77.12624,-11.89161],[-77.12705,-11.89761],[-77.12804,-11.90031],[-77.12828,-11.9014],[-77.12878,-11.90818],[-77.12864,-11.9131],[-77.13062,-11.9319],[-77.13186,-11.9486],[-77.13165,-11.94985],[-77.12653,-11.96525],[-77.12587,-11.96767],[-77.12524,-11.97147],[-77.12506,-11.97601],[-77.12577,-11.99239],[-77.12629,-11.99684],[-77.12578,-11.99749],[-77.12147,-11.99917],[-77.12089,-11.99922],[-77.1177,-12.00047],[-77.11677,-12.00115],[-77.11578,-12.00236],[-77.11546,-12.00345],[-77.11456,-12.00499],[-77.11217,-12.00983],[-77.11123,-12.01205],[-77.11111,-12.01292],[-77.11004,-12.01449],[-77.10885,-12.0168],[-77.10854,-12.0172],[-77.10765,-12.01897],[-77.10756,-12.01942],[-77.10675,-12.02092],[-77.10642,-12.02209],[-77.1056,-12.02312],[-77.10525,-12.02382],[-77.10516,-12.02446],[-77.10342,-12.02752],[-77.10307,-12.02789],[-77.09983,-12.03426],[-77.09946,-12.03547],[-77.09933,-12.03924],[-77.09904,-12.04197],[-77.09916,-12.04246],[-77.09902,-12.04421],[-77.09913,-12.04475],[-77.09873,-12.04544],[-77.09846,-12.04847],[-77.06587,-12.04561],[-77.06518,-12.04575],[-77.06444,-12.04549],[-77.05229,-12.04433],[-77.05098,-12.04437]],[[-77.05058,-12.08261],[-77.05063,-12.08368],[-77.0511,-12.08376],[-77.05163,-12.08406],[-77.0561,-12.08766],[-77.05772,-12.08997],[-77.06289,-12.08662],[-77.06407,-12.08568],[-77.06435,-12.0853],[-77.06448,-12.08451],[-77.06465,-12.08421],[-77.06558,-12.08358],[-77.08025,-12.07833],[-77.08183,-12.0781],[-77.09061,-12.07793],[-77.09219,-12.0777],[-77.0933,-12.07734],[-77.09821,-12.07499],[-77.09869,-12.07447],[-77.09899,-12.0739],[-77.09902,-12.07274],[-77.09738,-12.06734],[-77.09709,-12.06252],[-77.09823,-12.0515],[-77.09829,-12.04861],[-77.09851,-12.04606],[-77.09865,-12.04527],[-77.09894,-12.04501],[-77.09903,-12.04475],[-77.09892,-12.0442],[-77.09905,-12.04252],[-77.09892,-12.04196],[-77.09918,-12.03907],[-77.09932,-12.03562],[-77.09973,-12.03419],[-77.10006,-12.03339],[-77.10044,-12.03297],[-77.10303,-12.02776],[-77.1033,-12.02745],[-77.10508,-12.02427],[-77.10591,-12.02174],[-77.10612,-12.02144],[-77.10656,-12.02117],[-77.10746,-12.01948],[-77.10762,-12.01874],[-77.10839,-12.01713],[-77.10879,-12.01673],[-77.11032,-12.01359],[-77.11097,-12.01296],[-77.11121,-12.01179],[-77.11215,-12.0096],[-77.11315,-12.00775],[-77.11432,-12.00515],[-77.11538,-12.0034],[-77.11553,-12.00266],[-77.11605,-12.00172],[-77.11681,-12.00088],[-77.11812,-12.00006],[-77.11859,-11.99949],[-77.12458,-11.99744],[-77.12579,-11.99606],[-77.12593,-11.99566],[-77.12553,-11.99188],[-77.12488,-11.97568],[-77.12493,-11.97319],[-77.12521,-11.97035],[-77.12581,-11.96717],[-77.12637,-11.9652],[-77.13132,-11.95022],[-77.13168,-11.94837],[-77.13107,-11.93978],[-77.1307,-11.93687],[-77.1304,-11.93159],[-77.13002,-11.92848],[-77.12902,-11.9225],[-77.12875,-11.91888],[-77.1283,-11.91206],[-77.12863,-11.90771],[-77.12816,-11.90116],[-77.12697,-11.89762],[-77.12597,-11.8902],[-77.12602,-11.88826],[-77.12591,-11.88652],[-77.12619,-11.88464],[-77.1265,-11.87672],[-77.12731,-11.87221]],[[-77.1283,-11.85957],[-77.12495,-11.85951],[-77.12513,-11.85181],[-77.12797,-11.85188]],[[-77.12701,-11.87292],[-77.12811,-11.86684],[-77.1285,-11.85229]],[[-77.12717,-11.8721],[-77.12528,-11.87177]],[[-77.04405,-12.04765],[-77.04678,-12.05043],[-77.04983,-12.04973],[-77.05383,-12.049],[-77.05541,-12.05253],[-77.05709,-12.05465],[-77.05776,-12.05581],[-77.05656,-12.0558],[-77.0421,-12.06014],[-77.04192,-12.06064],[-77.04128,-12.06088],[-77.03935,-12.06447],[-77.03943,-12.06478],[-77.03911,-12.06502],[-77.03976,-12.06868],[-77.04201,-12.07366],[-77.04229,-12.07593],[-77.0424,-12.07969],[-77.04253,-12.08028],[-77.04288,-12.08095],[-77.0437,-12.0817],[-77.0457,-12.08239],[-77.04707,-12.08198],[-77.04815,-12.08186],[-77.04922,-12.082],[-77.05058,-12.08249]],[[-77.03918,-12.06492],[-77.03899,-12.0648],[-77.03896,-12.06461],[-77.03912,-12.06444],[-77.03935,-12.06447]],[[-77.04143,-12.06077],[-77.04111,-12.06057],[-77.041,-12.0602],[-77.04111,-12.05991],[-77.04142,-12.05971]],[[-77.04205,-12.06],[-77.0421,-12.06014]],[[-77.14634,-11.84957],[-77.14759,-11.85031],[-77.14862,-11.84997],[-77.15019,-11.84746]],[[-77.13383,-11.84748],[-77.13731,-11.84955],[-77.13812,-11.85092],[-77.1392,-11.85223],[-77.14,-11.8524],[-77.14042,-11.8528],[-77.14059,-11.85309],[-77.1406,-11.8538],[-77.14122,-11.85455],[-77.14527,-11.85134],[-77.1467,-11.84899]],[[-77.12674,-11.84971],[-77.12632,-11.84939],[-77.12624,-11.84914],[-77.12653,-11.84736],[-77.12507,-11.84641],[-77.12433,-11.84367],[-77.12555,-11.8443],[-77.12725,-11.84395],[-77.12772,-11.84402],[-77.13321,-11.84732],[-77.13345,-11.8473]],[[-77.13342,-11.84746],[-77.13321,-11.84732]],[[-77.13044,-11.85914],[-77.13031,-11.8592]]]}},{"type":"Feature","properties":{"id":"relation/5162783","nombre":"X-CR62-I","distrito":"Bellavista","tipo":"osm"},"geometry":{"type":"MultiLineString","coordinates":[[[-77.00357,-11.8544],[-77.0042,-11.85779],[-77.00441,-11.85836],[-77.00625,-11.86034],[-77.00697,-11.86203],[-77.00794,-11.86338],[-77.00916,-11.8646],[-77.01034,-11.86516],[-77.0111,-11.8658],[-77.01142,-11.86686],[-77.01386,-11.87037],[-77.01628,-11.87457],[-77.01772,-11.87758],[-77.0197,-11.87971],[-77.02065,-11.88033],[-77.02265,-11.88124],[-77.02348,-11.88209],[-77.02379,-11.8832],[-77.02334,-11.88592],[-77.02343,-11.88672],[-77.02395,-11.8876],[-77.02602,-11.88936],[-77.02699,-11.89045],[-77.02865,-11.89309],[-77.02913,-11.89437],[-77.03042,-11.89929],[-77.03061,-11.90099],[-77.03062,-11.90312],[-77.03091,-11.90425],[-77.03213,-11.90685],[-77.03271,-11.90757],[-77.03333,-11.90798],[-77.03708,-11.90951],[-77.03768,-11.91007],[-77.03845,-11.91142],[-77.04062,-11.91537],[-77.04136,-11.91735],[-77.04226,-11.92242],[-77.04283,-11.92674],[-77.04335,-11.92855],[-77.04463,-11.93112],[-77.04686,-11.9338],[-77.04942,-11.93749],[-77.04996,-11.93853],[-77.05028,-11.93969],[-77.05059,-11.94402],[-77.05054,-11.94463],[-77.04937,-11.94923],[-77.0494,-11.94988],[-77.04973,-11.9504],[-77.0508,-11.95136],[-77.05117,-11.95195],[-77.05583,-11.96579],[-77.05749,-11.96866],[-77.0576,-11.96915],[-77.05755,-11.97207],[-77.05793,-11.97363],[-77.05949,-11.97635],[-77.05991,-11.97652],[-77.06005,-11.97676],[-77.05951,-11.97928],[-77.05955,-11.97987],[-77.0588,-11.98345],[-77.05826,-11.98414],[-77.05712,-11.98883],[-77.05711,-11.98892],[-77.05981,-11.98932],[-77.05786,-12.00175],[-77.05772,-12.00326],[-77.05786,-12.00355],[-77.05811,-12.00372],[-77.06165,-12.00416]],[[-77.04529,-12.04889],[-77.04549,-12.04668],[-77.04338,-12.04647],[-77.04273,-12.0468],[-77.04238,-12.04657],[-77.04235,-12.04626],[-77.04268,-12.04581],[-77.04282,-12.044],[-77.04249,-12.04355],[-77.04248,-12.0432],[-77.04288,-12.04293],[-77.04345,-12.04312],[-77.04353,-12.04337],[-77.04341,-12.04371],[-77.04319,-12.0438],[-77.04267,-12.04374]],[[-77.0426,-12.04601],[-77.04283,-12.04598],[-77.04309,-12.04614],[-77.04313,-12.04658]],[[-77.1063,-12.02136],[-77.10656,-12.02158],[-77.10642,-12.02209],[-77.1056,-12.02312],[-77.10525,-12.02382],[-77.10516,-12.02446],[-77.10342,-12.02752],[-77.10307,-12.02789],[-77.10048,-12.03314],[-77.1001,-12.0336],[-77.09946,-12.03547],[-77.09933,-12.03924],[-77.09904,-12.04197],[-77.09916,-12.04246],[-77.09902,-12.04421],[-77.09913,-12.04475],[-77.09873,-12.04544],[-77.09847,-12.04822],[-77.09836,-12.05133],[-77.09792,-12.05488],[-77.09722,-12.06265],[-77.09741,-12.06655],[-77.0976,-12.06777],[-77.09915,-12.07271],[-77.10005,-12.07376],[-77.10008,-12.07427],[-77.09383,-12.07731],[-77.09246,-12.07779],[-77.09089,-12.07806],[-77.08185,-12.07828],[-77.08066,-12.07842],[-77.07887,-12.07895],[-77.06729,-12.08314],[-77.06928,-12.08845],[-77.06576,-12.08975],[-77.04178,-12.06073],[-77.04206,-12.06044],[-77.04205,-12.06],[-77.05155,-12.05716],[-77.05166,-12.05707],[-77.05111,-12.05523],[-77.05623,-12.05566],[-77.0574,-12.05549],[-77.05533,-12.05257],[-77.05374,-12.04913],[-77.04602,-12.05059],[-77.04249,-12.05084]],[[-77.04178,-12.06073],[-77.04135,-12.06074],[-77.04103,-12.06044],[-77.04106,-12.05998],[-77.04142,-12.05971]],[[-77.06228,-12.00423],[-77.0629,-12.00453],[-77.07412,-12.00623],[-77.07492,-12.00633],[-77.07686,-12.00624],[-77.08256,-12.00655],[-77.08417,-12.00694],[-77.08556,-12.00773],[-77.0896,-12.01115],[-77.09027,-12.0116],[-77.09303,-12.01228],[-77.09408,-12.01279],[-77.0952,-12.01353],[-77.0959,-12.01411],[-77.09987,-12.01839],[-77.10125,-12.01944],[-77.10568,-12.02163],[-77.10605,-12.02153]],[[-77.0622,-12.00411],[-77.06231,-12.00438],[-77.0622,-12.00462],[-77.06193,-12.00472],[-77.06169,-12.00461],[-77.06158,-12.00436],[-77.06169,-12.00411],[-77.06194,-12.00401],[-77.0622,-12.00411]]]}},{"type":"Feature","properties":{"id":"relation/5163394","nombre":"X-CR66-I","distrito":"Bellavista","tipo":"osm"},"geometry":{"type":"MultiLineString","coordinates":[[[-77.16348,-11.83215],[-77.16637,-11.83381],[-77.16871,-11.83081],[-77.17192,-11.83365]],[[-77.16113,-11.82841],[-77.14236,-11.83294],[-77.14217,-11.83307],[-77.13907,-11.83822]],[[-77.1283,-11.85957],[-77.12495,-11.85951],[-77.12513,-11.85181],[-77.12797,-11.85188],[-77.12807,-11.85169],[-77.12801,-11.85146],[-77.12736,-11.85054],[-77.12668,-11.85],[-77.12608,-11.84977],[-77.12525,-11.84967],[-77.12318,-11.84977],[-77.12099,-11.84904],[-77.12023,-11.84865],[-77.11946,-11.84785],[-77.11856,-11.84576],[-77.11795,-11.8448],[-77.11527,-11.84196],[-77.11705,-11.84039],[-77.1176,-11.84012],[-77.11819,-11.84011],[-77.11856,-11.84024],[-77.12084,-11.84158],[-77.12462,-11.84001],[-77.12649,-11.83939],[-77.12725,-11.84267],[-77.12767,-11.844]],[[-77.12075,-11.84153],[-77.12593,-11.83943]],[[-77.12692,-11.87307],[-77.12811,-11.86684],[-77.1285,-11.85229]],[[-77.12696,-11.87406],[-77.12688,-11.87351]],[[-77.12602,-11.9975],[-77.12549,-11.99719],[-77.12539,-11.99688],[-77.12546,-11.99645],[-77.12586,-11.99593],[-77.12593,-11.99552],[-77.12553,-11.99188],[-77.12488,-11.97568],[-77.12508,-11.97146],[-77.12559,-11.96816],[-77.12637,-11.9652],[-77.13132,-11.95022],[-77.13168,-11.94837],[-77.13107,-11.93978],[-77.1307,-11.93687],[-77.1304,-11.93159],[-77.13002,-11.92848],[-77.12902,-11.9225],[-77.12875,-11.91888],[-77.1283,-11.91206],[-77.12863,-11.90771],[-77.12816,-11.90116],[-77.12697,-11.89762],[-77.12597,-11.8902],[-77.12602,-11.88826],[-77.12591,-11.88652],[-77.12619,-11.88464],[-77.1265,-11.87672],[-77.12696,-11.8741]],[[-77.125,-11.99697],[-77.12546,-11.99645]],[[-77.12629,-11.99684],[-77.12694,-12.00246],[-77.12698,-12.00696],[-77.12927,-12.01847],[-77.12941,-12.02062]],[[-77.14294,-12.06098],[-77.14268,-12.05835],[-77.14228,-12.05604],[-77.13992,-12.05299],[-77.13914,-12.05287],[-77.13953,-12.05276],[-77.13976,-12.05243],[-77.13975,-12.05212],[-77.13949,-12.05181],[-77.1388,-12.05175],[-77.13845,-12.05213],[-77.13843,-12.0519],[-77.13828,-12.05181],[-77.13467,-12.05166],[-77.13432,-12.05194],[-77.13405,-12.05198],[-77.13347,-12.05157],[-77.12678,-12.05097],[-77.12623,-12.05109],[-77.12627,-12.05064],[-77.12602,-12.05048],[-77.1257,-12.05053],[-77.12592,-12.0501],[-77.12686,-12.03986],[-77.12694,-12.03865],[-77.12686,-12.03722],[-77.12715,-12.03478],[-77.12743,-12.03028],[-77.12909,-12.02208],[-77.12914,-12.01926],[-77.1268,-12.00726],[-77.12667,-12.00087],[-77.12631,-11.99772],[-77.12612,-11.99752],[-77.12578,-11.99749],[-77.12273,-11.99869]],[[-77.12623,-12.05109],[-77.126,-12.05122],[-77.12565,-12.05111],[-77.12554,-12.05082],[-77.1257,-12.05053]],[[-77.13372,-12.05172],[-77.13377,-12.05135],[-77.1341,-12.05117],[-77.13444,-12.05132],[-77.13452,-12.0517]],[[-77.13914,-12.05287],[-77.1386,-12.05271],[-77.13843,-12.05245],[-77.13845,-12.05213]],[[-77.1426,-12.06312],[-77.14276,-12.06207],[-77.13235,-12.06057],[-77.1317,-12.06059],[-77.12703,-12.05952],[-77.11994,-12.06474],[-77.11898,-12.06474],[-77.11518,-12.05965],[-77.11485,-12.05909],[-77.11474,-12.05854],[-77.11485,-12.05704],[-77.11769,-12.05761],[-77.11842,-12.04775]],[[-77.13214,-12.06055],[-77.13217,-12.06047]],[[-77.11966,-12.06479],[-77.11994,-12.06511],[-77.1199,-12.06542],[-77.11962,-12.06572],[-77.11914,-12.06584],[-77.11886,-12.06566],[-77.11876,-12.0653],[-77.1192,-12.0648]],[[-77.11824,-12.05022],[-77.11796,-12.0537]]]}},{"type":"Feature","properties":{"id":"relation/5163982","nombre":"X-IM56-I","distrito":"Bellavista","tipo":"osm"},"geometry":{"type":"MultiLineString","coordinates":[[[-77.01546,-11.99669],[-77.01501,-11.99563],[-77.01514,-11.99294],[-77.01493,-11.99189],[-77.01565,-11.98643],[-77.01539,-11.98512],[-77.01431,-11.98415],[-77.01322,-11.98261],[-77.01307,-11.98195],[-77.01168,-11.97978],[-77.00984,-11.98076],[-77.01073,-11.98325]],[[-77.01315,-12.0545],[-77.01283,-12.04948],[-77.01229,-12.04451],[-77.01178,-12.04413],[-77.00935,-12.04322],[-77.00473,-12.04173],[-77.0058,-12.03783],[-77.00693,-12.0365],[-77.00688,-12.03638],[-77.00618,-12.03589],[-76.99858,-12.03276],[-76.99971,-12.03014],[-76.99977,-12.02828],[-77.00083,-12.02342],[-77.00058,-12.02099],[-77.00025,-12.02027],[-77.00105,-12.01762],[-77.0022,-12.01796],[-77.00411,-12.01749],[-77.00538,-12.01732],[-77.00767,-12.01868],[-77.00847,-12.01814],[-77.0121,-12.01771],[-77.01082,-12.00787],[-77.01212,-12.00387],[-77.01431,-11.99861]],[[-77.02907,-12.06452],[-77.01536,-12.06275],[-77.01554,-12.06137],[-77.01605,-12.06011],[-77.01354,-12.05921],[-77.01462,-12.05666],[-77.01312,-12.05482]],[[-77.03632,-12.06431],[-77.03613,-12.06411],[-77.0324,-12.06361],[-77.03223,-12.06376],[-77.03207,-12.06491],[-77.0292,-12.06454]],[[-77.03902,-12.06484],[-77.03632,-12.0644]],[[-77.03945,-12.06473],[-77.03935,-12.06487],[-77.03912,-12.0649],[-77.03896,-12.06461],[-77.03924,-12.06442],[-77.03939,-12.06451],[-77.03945,-12.06473],[-77.03988,-12.06458],[-77.0442,-12.06516],[-77.0443,-12.06576],[-77.04785,-12.07003],[-77.05319,-12.06573],[-77.0472,-12.05858],[-77.05674,-12.05576],[-77.05769,-12.0558],[-77.06155,-12.05659],[-77.06187,-12.05501],[-77.0617,-12.0541],[-77.06639,-12.05248],[-77.0669,-12.0525]],[[-77.0442,-12.06516],[-77.04418,-12.06506]],[[-77.06639,-12.05248],[-77.06672,-12.05219],[-77.0669,-12.05182]],[[-77.06663,-12.05435],[-77.06684,-12.05249]],[[-77.06664,-12.05428],[-77.07075,-12.05472]],[[-77.07074,-12.05479],[-77.07132,-12.04933],[-77.07712,-12.04992],[-77.10117,-12.05414]],[[-77.10777,-12.05552],[-77.10186,-12.05427]],[[-77.1261,-12.05119],[-77.12545,-12.05258],[-77.12224,-12.05526],[-77.12197,-12.05588],[-77.12159,-12.05833],[-77.12024,-12.05816],[-77.1129,-12.05662]]]}},{"type":"Feature","properties":{"id":"relation/13924722","nombre":"Corredor Rojo 206 -> R\u00edo Amarillo","distrito":"Bellavista","tipo":"osm"},"geometry":{"type":"MultiLineString","coordinates":[[[-77.07985,-12.07492],[-77.08041,-12.07568],[-77.08107,-12.07702],[-77.08144,-12.07743],[-77.08176,-12.07828],[-77.08013,-12.07854],[-77.07887,-12.07895],[-77.0653,-12.0839],[-77.06475,-12.08435],[-77.06432,-12.08555],[-77.06295,-12.0867],[-77.05076,-12.09478],[-77.02375,-12.09098],[-77.01777,-12.09024],[-77.01408,-12.08963],[-77.01176,-12.08945],[-76.98974,-12.08635],[-76.98729,-12.08587],[-76.98488,-12.08513],[-76.98147,-12.085],[-76.97059,-12.08363],[-76.96991,-12.08375],[-76.96964,-12.08355],[-76.96931,-12.08291],[-76.96749,-12.08174],[-76.96692,-12.08117],[-76.96486,-12.07807],[-76.96364,-12.07567],[-76.96285,-12.07479],[-76.96165,-12.07394],[-76.9567,-12.07165],[-76.95586,-12.07337],[-76.95584,-12.07407],[-76.95539,-12.07444],[-76.95476,-12.07579],[-76.95445,-12.07701],[-76.95432,-12.07832],[-76.95466,-12.07937],[-76.95509,-12.08012],[-76.95683,-12.08172],[-76.95745,-12.08271],[-76.95776,-12.08405],[-76.95754,-12.08545],[-76.95693,-12.08648],[-76.95445,-12.08896],[-76.95288,-12.0924],[-76.95277,-12.09296],[-76.95281,-12.09392],[-76.95266,-12.09455],[-76.94915,-12.10259],[-76.94807,-12.104],[-76.9438,-12.10078],[-76.94332,-12.10094],[-76.94256,-12.10194],[-76.93817,-12.11124],[-76.93638,-12.1136],[-76.93648,-12.1139],[-76.93902,-12.11599],[-76.9392,-12.11602],[-76.93949,-12.11575]],[[-77.07895,-12.06172],[-77.07802,-12.06593],[-77.07794,-12.06931],[-77.0786,-12.07326],[-77.07894,-12.07389],[-77.07978,-12.07482]]]}},{"type":"Feature","properties":{"id":"relation/16812606","nombre":"Airport Express Lima","distrito":"Bellavista","tipo":"osm"},"geometry":{"type":"LineString","coordinates":[[-77.10619,-12.02305],[-77.10656,-12.0225],[-77.10631,-12.02234],[-77.1056,-12.02312],[-77.10525,-12.02382],[-77.10516,-12.02446],[-77.10342,-12.02752],[-77.10307,-12.02789],[-77.10048,-12.03314],[-77.1001,-12.0336],[-77.09968,-12.0347],[-77.09946,-12.03547],[-77.09933,-12.03924],[-77.09904,-12.04197],[-77.09916,-12.04246],[-77.09902,-12.04421],[-77.09913,-12.04475],[-77.09873,-12.04544],[-77.09847,-12.04839],[-77.10645,-12.04909],[-77.10612,-12.05268],[-77.10806,-12.05285],[-77.10781,-12.05527],[-77.10735,-12.05789],[-77.10888,-12.06181],[-77.1089,-12.06252],[-77.10854,-12.06451],[-77.10871,-12.06687],[-77.10919,-12.06915],[-77.1098,-12.07068],[-77.11014,-12.07116],[-77.11123,-12.07187],[-77.11176,-12.07244],[-77.11379,-12.07774],[-77.11399,-12.07798],[-77.11434,-12.07807],[-77.11469,-12.07798],[-77.11883,-12.07601],[-77.11901,-12.076],[-77.11903,-12.07612],[-77.11074,-12.07983],[-77.10481,-12.08358],[-77.10329,-12.08439],[-77.09845,-12.08606],[-77.09412,-12.08839],[-77.08809,-12.09057],[-77.08605,-12.0917],[-77.08361,-12.09237],[-77.08157,-12.09338],[-77.07975,-12.09452],[-77.07375,-12.09742],[-77.07253,-12.09824],[-77.07148,-12.09931],[-77.07062,-12.09989],[-77.06591,-12.10218],[-77.06475,-12.103],[-77.06358,-12.10424],[-77.06128,-12.10589],[-77.06036,-12.10714],[-77.05818,-12.10864],[-77.05626,-12.10967],[-77.055,-12.11106],[-77.05365,-12.1115],[-77.05146,-12.11298],[-77.05068,-12.11405],[-77.05034,-12.1153],[-77.04971,-12.11665],[-77.04875,-12.11753],[-77.04709,-12.11834],[-77.04606,-12.11918],[-77.04561,-12.11981],[-77.04518,-12.1211],[-77.04475,-12.12176],[-77.04345,-12.12279],[-77.04242,-12.12323],[-77.03974,-12.12476],[-77.03902,-12.12545],[-77.03534,-12.1302],[-77.03398,-12.13119],[-77.03296,-12.1315],[-77.03083,-12.13291],[-77.02998,-12.13396],[-77.02902,-12.1358],[-77.02799,-12.13881],[-77.0278,-12.13905],[-77.02741,-12.13913],[-77.02709,-12.13895],[-77.026,-12.13685],[-77.02567,-12.13641],[-77.02501,-12.13605],[-77.02346,-12.1357],[-77.02314,-12.13581],[-77.02291,-12.13614],[-77.02268,-12.13696],[-77.02242,-12.13899],[-77.02232,-12.13903],[-77.02275,-12.13585],[-77.02323,-12.13439],[-77.0234,-12.13222],[-77.02354,-12.13223],[-77.02346,-12.13452],[-77.02521,-12.13514],[-77.02986,-12.1315],[-77.02939,-12.12448],[-77.03072,-12.12424],[-77.03043,-12.12268],[-77.03148,-12.1224],[-77.03372,-12.12041],[-77.03372,-12.12018],[-77.0369,-12.12014],[-77.0369,-12.1191],[-77.03476,-12.11912],[-77.03482,-12.12122],[-77.0337,-12.12124],[-77.0318,-12.12293],[-77.03461,-12.1265],[-77.035,-12.1273],[-77.03621,-12.12759],[-77.03675,-12.12734],[-77.03715,-12.12674],[-77.03763,-12.12653],[-77.04003,-12.12442],[-77.04348,-12.12264],[-77.04439,-12.12192],[-77.04484,-12.12135],[-77.0452,-12.12013],[-77.04559,-12.11954],[-77.04694,-12.11831],[-77.04853,-12.11755],[-77.04935,-12.11688],[-77.04984,-12.11613],[-77.05027,-12.11457],[-77.05092,-12.11341],[-77.05397,-12.11063],[-77.05494,-12.11024],[-77.05614,-12.10925],[-77.05811,-12.10844],[-77.06012,-12.1072],[-77.06114,-12.10586],[-77.06356,-12.10411],[-77.06488,-12.10271],[-77.0668,-12.10153],[-77.07097,-12.09956],[-77.07305,-12.09762],[-77.07788,-12.0953],[-77.08433,-12.09182],[-77.0852,-12.09149],[-77.08523,-12.09131],[-77.08505,-12.09124],[-77.08378,-12.09185],[-77.08352,-12.0918],[-77.08359,-12.09155],[-77.08485,-12.09072],[-77.08427,-12.08976],[-77.08438,-12.08966],[-77.09137,-12.08645],[-77.09057,-12.08471],[-77.08983,-12.08402],[-77.08866,-12.08155],[-77.08775,-12.07997],[-77.08703,-12.07839],[-77.08699,-12.07799],[-77.09068,-12.07793],[-77.09219,-12.0777],[-77.09324,-12.07736],[-77.09821,-12.07499],[-77.09869,-12.07447],[-77.09899,-12.0739],[-77.09902,-12.07274],[-77.09738,-12.06734],[-77.09709,-12.06252],[-77.09823,-12.0515],[-77.09829,-12.04861],[-77.09851,-12.04606],[-77.09865,-12.04527],[-77.09894,-12.04501],[-77.09903,-12.04475],[-77.09892,-12.0442],[-77.09905,-12.04252],[-77.09892,-12.04196],[-77.09918,-12.03907],[-77.09932,-12.03562],[-77.10006,-12.03339],[-77.10044,-12.03297],[-77.10303,-12.02776],[-77.1033,-12.02745],[-77.10508,-12.02427],[-77.1058,-12.02196],[-77.10605,-12.02153],[-77.1063,-12.02136],[-77.10656,-12.02158],[-77.10642,-12.02209],[-77.10603,-12.02259],[-77.10596,-12.02292],[-77.10619,-12.02305]]}},{"type":"Feature","properties":{"id":"relation/19413426","nombre":"Ruta 1007","distrito":"Bellavista","tipo":"osm"},"geometry":{"type":"MultiLineString","coordinates":[[[-77.07144,-11.9417],[-77.07095,-11.94642],[-77.06785,-11.96638],[-77.06948,-11.96671],[-77.07022,-11.96706],[-77.07101,-11.96762],[-77.07208,-11.96895],[-77.07259,-11.97051],[-77.07265,-11.97153],[-77.07261,-11.97203],[-77.07247,-11.97201],[-77.07226,-11.97635],[-77.07219,-11.98352],[-77.072,-11.98457],[-77.07227,-11.98649],[-77.07143,-11.9922],[-77.07146,-11.99315],[-77.07205,-11.99412],[-77.07294,-11.99452],[-77.08387,-11.99613]],[[-77.08394,-11.99614],[-77.08443,-11.99642],[-77.08457,-11.9967],[-77.08455,-11.99704],[-77.08229,-12.00669],[-77.08385,-12.00698],[-77.08508,-12.00759],[-77.09011,-12.01178],[-77.0923,-12.01223],[-77.09354,-12.01273],[-77.09476,-12.01345],[-77.09595,-12.01448],[-77.09943,-12.0182],[-77.10072,-12.01932],[-77.1014,-12.01979],[-77.10571,-12.02195],[-77.10556,-12.02291],[-77.10517,-12.02376],[-77.10508,-12.02427],[-77.1033,-12.02745],[-77.10303,-12.02776],[-77.10044,-12.03297],[-77.10006,-12.03339],[-77.09933,-12.0355],[-77.09892,-12.04196],[-77.09905,-12.04252],[-77.09892,-12.0442],[-77.09903,-12.04475],[-77.09894,-12.04501],[-77.09868,-12.04523],[-77.09939,-12.04525],[-77.09928,-12.04522],[-77.09902,-12.04432],[-77.09916,-12.04246],[-77.09904,-12.04197],[-77.09933,-12.03924],[-77.09946,-12.03547],[-77.09968,-12.0347],[-77.1001,-12.0336],[-77.10048,-12.03314],[-77.10307,-12.02789],[-77.10342,-12.02752],[-77.10516,-12.02446],[-77.10525,-12.02382],[-77.1056,-12.02312],[-77.10642,-12.02209],[-77.10654,-12.02152],[-77.1063,-12.02136],[-77.10568,-12.02163],[-77.10125,-12.01944],[-77.09987,-12.01839],[-77.0959,-12.01411],[-77.09448,-12.01302],[-77.09246,-12.01208],[-77.09027,-12.0116],[-77.08517,-12.00746],[-77.08391,-12.00684],[-77.08256,-12.00655],[-77.08475,-11.99718],[-77.0847,-11.99607],[-77.07302,-11.99438],[-77.07235,-11.99412],[-77.07182,-11.99357],[-77.07159,-11.99299],[-77.07159,-11.9923],[-77.07247,-11.98645],[-77.07213,-11.98454],[-77.07236,-11.98372],[-77.07242,-11.97641],[-77.07261,-11.97203],[-77.07561,-11.9719],[-77.07458,-11.96739],[-77.07389,-11.96603],[-77.07307,-11.96505],[-77.0717,-11.96393],[-77.06959,-11.96282],[-77.06742,-11.96256],[-77.06705,-11.9628],[-77.06694,-11.96316],[-77.06709,-11.96355],[-77.06756,-11.9638],[-77.06794,-11.96367],[-77.06827,-11.96314],[-77.07081,-11.94639],[-77.07148,-11.93963],[-77.07111,-11.93959],[-77.07129,-11.93763],[-77.07169,-11.93754],[-77.07547,-11.93794],[-77.0764,-11.93836],[-77.07724,-11.93908],[-77.08006,-11.93699],[-77.08316,-11.93583],[-77.08364,-11.93597],[-77.086,-11.93815],[-77.08648,-11.93831],[-77.08841,-11.93774],[-77.0902,-11.93658],[-77.08996,-11.93615]],[[-77.08648,-11.93831],[-77.08608,-11.93834],[-77.08372,-11.93614],[-77.08328,-11.93594],[-77.08015,-11.93712],[-77.07721,-11.9393],[-77.07635,-11.93851],[-77.07543,-11.93809],[-77.0718,-11.9377],[-77.07144,-11.94168]],[[-77.12685,-12.06359],[-77.12136,-12.06577],[-77.12001,-12.06553],[-77.11914,-12.06584],[-77.11853,-12.06527],[-77.10716,-12.06331],[-77.10429,-12.06329],[-77.09828,-12.0627],[-77.09621,-12.06237],[-77.10569,-12.06325],[-77.10772,-12.06326],[-77.11865,-12.0652],[-77.1192,-12.0648],[-77.11955,-12.06477],[-77.11982,-12.06493],[-77.12011,-12.06542],[-77.12087,-12.06557],[-77.12165,-12.06549],[-77.12745,-12.06335],[-77.12715,-12.0625],[-77.13174,-12.06088],[-77.13188,-12.06058],[-77.13208,-12.06055],[-77.1326,-12.06062],[-77.1329,-12.06087],[-77.1414,-12.06308],[-77.1426,-12.06312],[-77.14294,-12.06086],[-77.14268,-12.05835],[-77.14228,-12.05604],[-77.13987,-12.05295],[-77.13887,-12.05285],[-77.13855,-12.05266],[-77.13837,-12.05185],[-77.13467,-12.05166],[-77.13412,-12.05199],[-77.13347,-12.05157],[-77.12678,-12.05097],[-77.126,-12.05122],[-77.1256,-12.05106],[-77.12555,-12.05075],[-77.12592,-12.0501],[-77.12666,-12.04208],[-77.12574,-12.04042],[-77.12136,-12.042],[-77.11556,-12.04272],[-77.10941,-12.04433],[-77.1097,-12.04542],[-77.10962,-12.04583],[-77.10734,-12.04557],[-77.10724,-12.04573],[-77.1041,-12.04544],[-77.09939,-12.04525]],[[-77.10716,-12.04568],[-77.10747,-12.04351],[-77.10925,-12.04374],[-77.10939,-12.04423],[-77.11557,-12.04262],[-77.12134,-12.04192],[-77.12575,-12.04029],[-77.12681,-12.04217],[-77.12603,-12.05021],[-77.12631,-12.0507],[-77.12678,-12.05088],[-77.13347,-12.05146],[-77.13417,-12.05118],[-77.13479,-12.05157],[-77.13933,-12.05175],[-77.13971,-12.05205],[-77.13997,-12.05281],[-77.14227,-12.05563],[-77.14254,-12.05651],[-77.14306,-12.06028],[-77.14306,-12.06117],[-77.14266,-12.06358],[-77.13357,-12.06119],[-77.12745,-12.06335]],[[-77.08506,-12.06122],[-77.08455,-12.06129],[-77.08208,-12.06102],[-77.07922,-12.06038],[-77.07832,-12.06426],[-77.07372,-12.06322],[-77.07252,-12.06348],[-77.07126,-12.06438],[-77.06974,-12.06274],[-77.06885,-12.06228],[-77.06783,-12.06208],[-77.06131,-12.06316],[-77.05979,-12.06361],[-77.05895,-12.06106],[-77.05842,-12.05866],[-77.05798,-12.05761],[-77.0574,-12.05549],[-77.05623,-12.05566],[-77.04926,-12.05508],[-77.04921,-12.05684],[-77.03942,-12.056],[-77.03958,-12.05428],[-77.04916,-12.05507],[-77.04935,-12.05401],[-77.05681,-12.05461],[-77.0574,-12.05549],[-77.0588,-12.05513],[-77.0617,-12.0541],[-77.06188,-12.05485],[-77.06159,-12.05642],[-77.06172,-12.05648],[-77.06476,-12.05717],[-77.0652,-12.05712],[-77.06632,-12.05731],[-77.07274,-12.05857],[-77.07313,-12.059],[-77.07653,-12.05978],[-77.07712,-12.05967],[-77.08218,-12.06084],[-77.08675,-12.06148],[-77.09621,-12.06237]],[[-77.04916,-12.05507],[-77.04926,-12.05508]]]}},{"type":"Feature","properties":{"id":"relation/19572753","nombre":"Ruta 1008","distrito":"Bellavista","tipo":"osm"},"geometry":{"type":"MultiLineString","coordinates":[[[-77.05451,-11.83338],[-77.05444,-11.83466],[-77.05371,-11.83635],[-77.05334,-11.83683],[-77.05107,-11.83828],[-77.05085,-11.8386],[-77.05048,-11.83866],[-77.04679,-11.84092],[-77.04416,-11.84229],[-77.04294,-11.84337],[-77.04186,-11.8447],[-77.04164,-11.84532],[-77.0416,-11.84488],[-77.04172,-11.84466],[-77.04285,-11.84327],[-77.04409,-11.84218],[-77.04711,-11.84055],[-77.0504,-11.83852],[-77.05058,-11.83823],[-77.05102,-11.83815],[-77.0533,-11.83669],[-77.05354,-11.83638],[-77.05427,-11.83469],[-77.05467,-11.83291],[-77.0549,-11.83271],[-77.05577,-11.83239],[-77.05714,-11.83149],[-77.05739,-11.83104],[-77.05743,-11.83038],[-77.05229,-11.82971],[-77.05038,-11.82963],[-77.04871,-11.82925],[-77.04318,-11.82861],[-77.0406,-11.82771]],[[-77.03715,-11.85422],[-77.03695,-11.85455],[-77.03524,-11.85619],[-77.03462,-11.85662],[-77.03383,-11.85684],[-77.0339,-11.85665],[-77.03453,-11.85653],[-77.03497,-11.85625],[-77.03715,-11.85422],[-77.03371,-11.85198],[-77.03418,-11.85123],[-77.0357,-11.84996],[-77.04145,-11.8457],[-77.04164,-11.84532]],[[-77.03183,-11.86215],[-77.03054,-11.86819],[-77.0306,-11.86729],[-77.03119,-11.86422],[-77.0325,-11.85936],[-77.03383,-11.85684]],[[-77.06004,-11.95532],[-77.06022,-11.95666],[-77.06105,-11.95959],[-77.06149,-11.96046],[-77.06208,-11.96105],[-77.06242,-11.96123],[-77.06279,-11.96119],[-77.06309,-11.96151],[-77.06342,-11.96163],[-77.06549,-11.96186],[-77.07037,-11.96293],[-77.07177,-11.96369],[-77.07277,-11.96446],[-77.07376,-11.96545],[-77.07429,-11.96621],[-77.07497,-11.96778],[-77.0768,-11.97574],[-77.07771,-11.97793],[-77.07877,-11.9844],[-77.08148,-11.98935],[-77.08303,-11.99122],[-77.08349,-11.99322],[-77.08475,-11.99623],[-77.0847,-11.99741],[-77.08235,-12.00744],[-77.08186,-12.00897],[-77.08041,-12.01178],[-77.08013,-12.01271],[-77.07956,-12.01336],[-77.07479,-12.02221],[-77.07455,-12.02296],[-77.07461,-12.02408],[-77.07766,-12.03184],[-77.07841,-12.03407],[-77.07834,-12.03478],[-77.07789,-12.03561],[-77.07788,-12.03587],[-77.0777,-12.03605],[-77.07676,-12.04635],[-77.07704,-12.04754],[-77.07817,-12.04957],[-77.0783,-12.05023],[-77.07802,-12.05019],[-77.07791,-12.04935],[-77.07688,-12.04752],[-77.07666,-12.04635],[-77.07754,-12.0358],[-77.07824,-12.03476],[-77.0783,-12.03401],[-77.07461,-12.02439],[-77.07444,-12.02373],[-77.07445,-12.02297],[-77.07468,-12.0222],[-77.07923,-12.01349],[-77.07949,-12.0127],[-77.08014,-12.01189],[-77.08181,-12.00845],[-77.08448,-11.99738],[-77.0845,-11.9962],[-77.08325,-11.9934],[-77.08177,-11.99147],[-77.08121,-11.98939],[-77.07854,-11.98436],[-77.0778,-11.98108],[-77.0768,-11.97813],[-77.07662,-11.97591],[-77.07474,-11.96789],[-77.07389,-11.96603],[-77.07307,-11.96505],[-77.0722,-11.9643],[-77.06982,-11.9629],[-77.06319,-11.96179],[-77.06248,-11.96193],[-77.06152,-11.96091],[-77.06093,-11.95995],[-77.05996,-11.95668],[-77.05979,-11.95554],[-77.05991,-11.95076],[-77.06041,-11.94705],[-77.06036,-11.94604],[-77.06061,-11.94503],[-77.06045,-11.94335],[-77.0599,-11.94156],[-77.05256,-11.92826],[-77.05214,-11.92691],[-77.05133,-11.92223],[-77.05054,-11.92013],[-77.03762,-11.89708],[-77.03605,-11.89492],[-77.03521,-11.89288],[-77.0333,-11.88934],[-77.02605,-11.87774],[-77.02689,-11.877],[-77.02739,-11.87482],[-77.02953,-11.87079],[-77.03029,-11.86908],[-77.03054,-11.86819]],[[-77.07956,-12.07482],[-77.07858,-12.07361],[-77.07835,-12.07294],[-77.07824,-12.07175],[-77.07764,-12.06944],[-77.07778,-12.06938],[-77.07779,-12.06676],[-77.07836,-12.06324],[-77.0798,-12.05737],[-77.08015,-12.05667],[-77.08084,-12.05601],[-77.08088,-12.05581],[-77.0782,-12.05173],[-77.07802,-12.05019],[-77.07659,-12.05001],[-77.07661,-12.05123],[-77.07819,-12.05575],[-77.07817,-12.05669],[-77.07746,-12.05965],[-77.07926,-12.06014],[-77.07821,-12.06479],[-77.07794,-12.06697],[-77.07794,-12.06939],[-77.07848,-12.07282],[-77.07894,-12.07389],[-77.08034,-12.07557],[-77.08157,-12.07772],[-77.08184,-12.07857],[-77.08177,-12.07915],[-77.08296,-12.08468],[-77.08383,-12.08689],[-77.07658,-12.09058],[-77.07644,-12.09031],[-77.07075,-12.09237],[-77.07114,-12.09338],[-77.07671,-12.09136],[-77.07702,-12.09139],[-77.08343,-12.08813],[-77.08268,-12.08637],[-77.0833,-12.08609],[-77.08269,-12.08414],[-77.08184,-12.0799],[-77.08104,-12.0781],[-77.08082,-12.07707],[-77.08021,-12.07574],[-77.07959,-12.07485]],[[-77.04005,-11.90093],[-77.05085,-11.92018],[-77.05152,-11.92194],[-77.05237,-11.92683],[-77.05282,-11.92823],[-77.05809,-11.93786],[-77.05987,-11.94087],[-77.06035,-11.94201],[-77.06078,-11.94374],[-77.06088,-11.94563],[-77.0602,-11.95049],[-77.06003,-11.95525]],[[-77.03016,-11.86935],[-77.02962,-11.87083],[-77.02889,-11.87216],[-77.02885,-11.87255],[-77.02752,-11.87481],[-77.027,-11.87707],[-77.02626,-11.87768],[-77.03349,-11.88922],[-77.03546,-11.8928],[-77.0369,-11.89458],[-77.03784,-11.8969],[-77.03997,-11.9008]]]}},{"type":"Feature","properties":{"id":"relation/19575841","nombre":"Ruta 1019","distrito":"Bellavista","tipo":"osm"},"geometry":{"type":"MultiLineString","coordinates":[[[-77.04527,-11.85867],[-77.06149,-11.86397],[-77.06085,-11.8639],[-77.05065,-11.86055],[-77.04269,-11.85777],[-77.03715,-11.85422],[-77.03497,-11.85625],[-77.03453,-11.85653],[-77.03386,-11.85668],[-77.0325,-11.85936],[-77.03119,-11.86422],[-77.03033,-11.86893],[-77.02953,-11.87079],[-77.02839,-11.87287],[-77.02853,-11.87298],[-77.02882,-11.87259],[-77.02891,-11.87266],[-77.03207,-11.87629],[-77.03004,-11.87801],[-77.0323,-11.88067],[-77.03607,-11.88791],[-77.03464,-11.88864],[-77.03437,-11.8889],[-77.0333,-11.88934],[-77.03521,-11.89288],[-77.03605,-11.89492],[-77.03762,-11.89708],[-77.05054,-11.92013],[-77.05133,-11.92223],[-77.05214,-11.92691],[-77.05256,-11.92826],[-77.05997,-11.94174],[-77.06045,-11.94335],[-77.06061,-11.94503],[-77.06036,-11.94604],[-77.06041,-11.94705],[-77.05991,-11.95076],[-77.05979,-11.95554],[-77.05996,-11.95668],[-77.06093,-11.95995],[-77.06152,-11.96091],[-77.06248,-11.96193],[-77.06319,-11.96179],[-77.06982,-11.9629],[-77.0722,-11.9643],[-77.07307,-11.96505],[-77.07389,-11.96603],[-77.07474,-11.96789],[-77.07662,-11.97591],[-77.0768,-11.97813],[-77.0778,-11.98108],[-77.07854,-11.98436],[-77.08121,-11.98939],[-77.08177,-11.99147],[-77.08325,-11.9934],[-77.08445,-11.99603],[-77.08457,-11.99657],[-77.08448,-11.99738],[-77.08181,-12.00845],[-77.08014,-12.01189],[-77.07949,-12.0127],[-77.07923,-12.01349],[-77.07468,-12.0222],[-77.07445,-12.02297],[-77.07452,-12.02412],[-77.07642,-12.02889],[-77.07832,-12.03413],[-77.07824,-12.03476],[-77.07754,-12.0358],[-77.07666,-12.04635],[-77.07688,-12.04752],[-77.07798,-12.04951],[-77.07803,-12.05062]],[[-77.07322,-11.86454],[-77.07088,-11.86381],[-77.07027,-11.86374],[-77.06383,-11.86413],[-77.06149,-11.86397]],[[-77.06302,-11.86404],[-77.07017,-11.86359],[-77.07138,-11.86377],[-77.07329,-11.8644]],[[-77.03364,-11.88927],[-77.03356,-11.88936],[-77.03546,-11.8928],[-77.03698,-11.89473],[-77.03813,-11.89745],[-77.05085,-11.92018],[-77.05152,-11.92194],[-77.05237,-11.92683],[-77.05282,-11.92823],[-77.05809,-11.93786],[-77.05987,-11.94087],[-77.06035,-11.94201],[-77.06078,-11.94374],[-77.06088,-11.94563],[-77.0602,-11.95049],[-77.06003,-11.95545],[-77.06022,-11.95666],[-77.06115,-11.95985],[-77.06149,-11.96046],[-77.06208,-11.96105],[-77.06242,-11.96123],[-77.06279,-11.96119],[-77.06317,-11.96157],[-77.06549,-11.96186],[-77.06722,-11.96231],[-77.06953,-11.96267],[-77.0707,-11.96308],[-77.07186,-11.96376],[-77.07277,-11.96446],[-77.07415,-11.96598],[-77.07497,-11.96778],[-77.0768,-11.97574],[-77.07771,-11.97793],[-77.07877,-11.9844],[-77.08148,-11.98935],[-77.08303,-11.99122],[-77.08349,-11.99322],[-77.0847,-11.99607],[-77.08475,-11.99718],[-77.08196,-12.00871],[-77.08041,-12.01178],[-77.08013,-12.01271],[-77.07956,-12.01336],[-77.07479,-12.02221],[-77.07452,-12.02324],[-77.07461,-12.02408],[-77.07766,-12.03184],[-77.07841,-12.03407],[-77.07834,-12.03478],[-77.07789,-12.03561],[-77.07788,-12.03587],[-77.0777,-12.03605],[-77.07676,-12.04635],[-77.07704,-12.04754],[-77.07817,-12.04957],[-77.0783,-12.05023],[-77.07659,-12.05001],[-77.07654,-12.05071],[-77.07666,-12.05138],[-77.07819,-12.05575],[-77.07817,-12.05669],[-77.07746,-12.05965],[-77.07911,-12.06002],[-77.07985,-12.05723],[-77.08015,-12.05667],[-77.08088,-12.05585],[-77.0782,-12.05173],[-77.07803,-12.05069]],[[-77.07905,-12.06034],[-77.07911,-12.06002],[-77.07919,-12.06005],[-77.0791,-12.0611],[-77.07811,-12.06529],[-77.07791,-12.06748],[-77.07794,-12.06939],[-77.07848,-12.07282],[-77.07894,-12.07389],[-77.08034,-12.07557],[-77.08157,-12.07772],[-77.08184,-12.07857],[-77.08177,-12.07915],[-77.08296,-12.08468],[-77.08383,-12.08689],[-77.07658,-12.09058],[-77.07644,-12.09031],[-77.07281,-12.09162],[-77.07318,-12.09264],[-77.07671,-12.09136],[-77.07702,-12.09139],[-77.08343,-12.08813],[-77.08268,-12.08637],[-77.0833,-12.08609],[-77.08269,-12.08414],[-77.08184,-12.0799],[-77.08161,-12.07921],[-77.08126,-12.07867],[-77.08082,-12.07707],[-77.08021,-12.07574],[-77.07887,-12.07405],[-77.07847,-12.07335],[-77.07785,-12.07001],[-77.07769,-12.06994],[-77.07787,-12.06592],[-77.07905,-12.06034]],[[-77.03016,-11.86935],[-77.02962,-11.87083],[-77.02889,-11.87216],[-77.02886,-11.87246],[-77.03226,-11.8763],[-77.03022,-11.87803],[-77.0324,-11.88059],[-77.03625,-11.88797],[-77.03437,-11.8889]],[[-77.03183,-11.86215],[-77.03054,-11.86819]],[[-77.03715,-11.85422],[-77.03695,-11.85455],[-77.03524,-11.85619],[-77.03462,-11.85662],[-77.03383,-11.85684]]]}},{"type":"Feature","properties":{"id":"relation/19597970","nombre":"Ruta 1021","distrito":"Bellavista","tipo":"osm"},"geometry":{"type":"MultiLineString","coordinates":[[[-77.07956,-12.07482],[-77.07887,-12.07405],[-77.07847,-12.07335],[-77.07819,-12.07154],[-77.07764,-12.06944],[-77.07778,-12.06938],[-77.07777,-12.06696],[-77.07799,-12.06513],[-77.07911,-12.06002],[-77.07926,-12.06014],[-77.0791,-12.0611],[-77.07802,-12.06593],[-77.07789,-12.06832],[-77.078,-12.06987],[-77.0786,-12.07326],[-77.07894,-12.07389],[-77.08034,-12.07557],[-77.08107,-12.07702],[-77.08144,-12.07743],[-77.08176,-12.07828]],[[-77.07746,-12.05965],[-77.07911,-12.06002],[-77.07985,-12.05723],[-77.08015,-12.05667],[-77.08088,-12.05585],[-77.0782,-12.05173],[-77.07807,-12.05127],[-77.07798,-12.04951],[-77.07688,-12.04752],[-77.07668,-12.04656],[-77.07754,-12.0358],[-77.07815,-12.03495],[-77.07833,-12.03424],[-77.07642,-12.02889],[-77.07452,-12.02412],[-77.07445,-12.02297],[-77.07468,-12.0222],[-77.07923,-12.01349],[-77.07949,-12.0127],[-77.08014,-12.01189],[-77.08166,-12.00883],[-77.08226,-12.00683],[-77.08448,-11.99738],[-77.08457,-11.99657],[-77.08434,-11.99573],[-77.08333,-11.99353],[-77.08177,-11.99147],[-77.08121,-11.98939],[-77.07854,-11.98436],[-77.0778,-11.98108],[-77.0768,-11.97813],[-77.07662,-11.97591],[-77.07458,-11.96739],[-77.07389,-11.96603],[-77.07307,-11.96505],[-77.0718,-11.964],[-77.07003,-11.96298],[-77.0693,-11.96276],[-77.06319,-11.96179],[-77.06255,-11.96195],[-77.06126,-11.96056],[-77.06074,-11.95944],[-77.05996,-11.95668],[-77.05979,-11.95554],[-77.05991,-11.95076],[-77.06041,-11.94705],[-77.06036,-11.94604],[-77.06061,-11.94503],[-77.0605,-11.94361],[-77.06022,-11.94244],[-77.05968,-11.94107],[-77.05793,-11.93811],[-77.05256,-11.92826],[-77.05214,-11.92691],[-77.05133,-11.92223],[-77.05054,-11.92013],[-77.03762,-11.89708],[-77.03613,-11.89503],[-77.03105,-11.89932],[-77.03069,-11.89941],[-77.03034,-11.89922],[-77.02895,-11.89424],[-77.0281,-11.89234],[-77.02648,-11.89003],[-77.0257,-11.88922],[-77.02399,-11.88781],[-77.02343,-11.88707],[-77.02322,-11.88597],[-77.02368,-11.88322],[-77.0234,-11.88217],[-77.0227,-11.88142],[-77.01979,-11.87994],[-77.01772,-11.87779],[-77.01616,-11.87463],[-77.01403,-11.87092],[-77.01157,-11.86722],[-77.01114,-11.86586],[-77.01034,-11.86516],[-77.00916,-11.8646],[-77.00731,-11.86259],[-77.00687,-11.86184],[-77.00631,-11.86044],[-77.00434,-11.85823],[-77.00386,-11.85607],[-77.00434,-11.85823],[-77.00631,-11.86044],[-77.00687,-11.86184],[-77.00731,-11.86259],[-77.00916,-11.8646],[-77.01034,-11.86516],[-77.01114,-11.86586],[-77.01142,-11.86686],[-77.01386,-11.87037],[-77.01628,-11.87457],[-77.01772,-11.87758],[-77.0197,-11.87971],[-77.02065,-11.88033],[-77.02265,-11.88124],[-77.02344,-11.88201],[-77.02371,-11.88264],[-77.02379,-11.8832],[-77.02334,-11.88592],[-77.02352,-11.88696],[-77.02395,-11.8876],[-77.02602,-11.88936],[-77.02677,-11.89019],[-77.02831,-11.89245],[-77.02904,-11.8941],[-77.0304,-11.89895],[-77.0308,-11.89916],[-77.03114,-11.89906],[-77.03675,-11.89434],[-77.03698,-11.89473],[-77.03813,-11.89745],[-77.05085,-11.92018],[-77.05152,-11.92194],[-77.05237,-11.92683],[-77.05282,-11.92823],[-77.05809,-11.93786],[-77.05987,-11.94087],[-77.06035,-11.94201],[-77.06078,-11.94374],[-77.06088,-11.94563],[-77.0602,-11.95049],[-77.06005,-11.95576],[-77.06105,-11.95959],[-77.06137,-11.96027],[-77.06208,-11.96105],[-77.06242,-11.96123],[-77.06279,-11.96119],[-77.06317,-11.96157],[-77.06549,-11.96186],[-77.06722,-11.96231],[-77.06953,-11.96267],[-77.0707,-11.96308],[-77.07186,-11.96376],[-77.07305,-11.96471],[-77.07399,-11.96575],[-77.07475,-11.96715],[-77.07601,-11.972],[-77.0768,-11.97574],[-77.07773,-11.97803],[-77.07877,-11.9844],[-77.08148,-11.98935],[-77.08303,-11.99122],[-77.08349,-11.99322],[-77.08461,-11.99579],[-77.08479,-11.99667],[-77.08235,-12.00744],[-77.08186,-12.00897],[-77.08041,-12.01178],[-77.08013,-12.01271],[-77.07956,-12.01336],[-77.07479,-12.02221],[-77.07455,-12.02296],[-77.07461,-12.02408],[-77.07766,-12.03184],[-77.07843,-12.03425],[-77.07834,-12.03478],[-77.07789,-12.03561],[-77.07788,-12.03587],[-77.0777,-12.03605],[-77.07676,-12.04635],[-77.07704,-12.04754],[-77.07817,-12.04957],[-77.0783,-12.05023],[-77.07659,-12.05001],[-77.07654,-12.0505],[-77.07661,-12.05123],[-77.07819,-12.05575],[-77.07817,-12.05669],[-77.07746,-12.05965]],[[-77.00357,-11.8544],[-77.00386,-11.85607],[-77.00317,-11.85333],[-77.00231,-11.8511],[-77.00226,-11.84964],[-77.00208,-11.84877],[-77.00074,-11.84548],[-77.00086,-11.84545],[-77.0022,-11.84875],[-77.00239,-11.84962],[-77.00242,-11.85103],[-77.0033,-11.8533],[-77.00357,-11.8544]],[[-77.08178,-12.07832],[-77.08177,-12.07915],[-77.08282,-12.08413],[-77.08313,-12.08522],[-77.08383,-12.08689],[-77.08306,-12.08725],[-77.08268,-12.08637],[-77.0833,-12.08609],[-77.08269,-12.08414],[-77.08184,-12.0799],[-77.08104,-12.0781],[-77.08082,-12.07707],[-77.08021,-12.07574],[-77.07959,-12.07485]],[[-77.08343,-12.08813],[-77.08306,-12.08725],[-77.07658,-12.09058],[-77.07644,-12.09031],[-77.07281,-12.09162],[-77.07318,-12.09264],[-77.07671,-12.09136],[-77.07702,-12.09139],[-77.08343,-12.08813]]]}},{"type":"Feature","properties":{"id":"relation/19615026","nombre":"Ruta 1023","distrito":"Bellavista","tipo":"osm"},"geometry":{"type":"MultiLineString","coordinates":[[[-76.94907,-11.78391],[-76.95315,-11.78623],[-76.95467,-11.78642],[-76.97004,-11.78673],[-76.97228,-11.7869],[-76.97513,-11.78693],[-76.97615,-11.78681],[-76.98305,-11.78696],[-76.98286,-11.7898],[-76.98313,-11.7912],[-76.98311,-11.79245],[-76.98337,-11.79351],[-76.98188,-11.79508],[-76.98166,-11.79585],[-76.98171,-11.79643],[-76.98187,-11.79684],[-76.98259,-11.79778],[-76.98322,-11.79922],[-76.98414,-11.80038],[-76.98535,-11.80127],[-76.9855,-11.80156],[-76.98555,-11.80249],[-76.98716,-11.80414],[-76.9881,-11.80838],[-76.98845,-11.8106],[-76.98946,-11.81176],[-76.99029,-11.81328],[-76.99153,-11.81507],[-76.99175,-11.81661],[-76.99191,-11.81699],[-76.99315,-11.81795],[-76.99361,-11.81887],[-76.99379,-11.81963],[-76.99376,-11.82006],[-76.99359,-11.82033],[-76.99279,-11.82075],[-76.99258,-11.82105],[-76.9929,-11.8227],[-76.9931,-11.82294],[-76.99392,-11.82313],[-76.99422,-11.82339],[-76.99462,-11.82445],[-76.99631,-11.82694],[-76.99647,-11.82746],[-76.99642,-11.82818],[-76.99653,-11.82865],[-76.99782,-11.83014],[-76.99824,-11.83213],[-76.9994,-11.83357],[-76.99963,-11.83405],[-76.99968,-11.8348],[-76.99908,-11.8367],[-76.99886,-11.83803],[-76.99925,-11.83995],[-76.99894,-11.84151],[-77.0007,-11.84505],[-77.0022,-11.84875],[-77.00239,-11.84962],[-77.00242,-11.85103],[-77.00343,-11.85375],[-77.00428,-11.85809],[-77.0046,-11.85863],[-77.00631,-11.86044],[-77.00697,-11.86203],[-77.00794,-11.86338],[-77.00916,-11.8646],[-77.01034,-11.86516],[-77.0111,-11.8658],[-77.01142,-11.86686],[-77.01386,-11.87037],[-77.01628,-11.87457],[-77.01783,-11.87772],[-77.0199,-11.87987],[-77.02265,-11.88124],[-77.02344,-11.88201],[-77.02371,-11.88264],[-77.02379,-11.8832],[-77.02334,-11.88592],[-77.02343,-11.88672],[-77.02395,-11.8876],[-77.02602,-11.88936],[-77.02699,-11.89045],[-77.02865,-11.89309],[-77.02913,-11.89437],[-77.03044,-11.89942],[-77.0307,-11.9036],[-77.03208,-11.90676],[-77.03249,-11.90735],[-77.03312,-11.90787],[-77.03679,-11.90934],[-77.03748,-11.90984],[-77.04077,-11.91568],[-77.04144,-11.91772],[-77.04226,-11.92242],[-77.04283,-11.92674],[-77.04314,-11.92803],[-77.04463,-11.93112],[-77.0468,-11.93372],[-77.04893,-11.93677],[-77.04968,-11.93793],[-77.05019,-11.93921],[-77.05058,-11.94418],[-77.04937,-11.94923],[-77.0494,-11.94988],[-77.04973,-11.9504],[-77.0508,-11.95136],[-77.05117,-11.95195],[-77.05583,-11.96579],[-77.05749,-11.96866],[-77.0576,-11.96915],[-77.05755,-11.97207],[-77.05772,-11.973],[-77.05809,-11.97397],[-77.05964,-11.97649],[-77.06495,-11.97731],[-77.06521,-11.97724],[-77.06566,-11.97683],[-77.06614,-11.97675],[-77.06657,-11.97694],[-77.06714,-11.97763],[-77.07241,-11.97845],[-77.07236,-11.98372],[-77.07213,-11.98454],[-77.07246,-11.98654],[-77.07157,-11.99254],[-77.07173,-11.99342],[-77.07215,-11.99397],[-77.07312,-11.9944],[-77.0847,-11.99607],[-77.08475,-11.99718],[-77.08196,-12.00871],[-77.08041,-12.01178],[-77.08018,-12.01261],[-77.07956,-12.01336],[-77.07479,-12.02221],[-77.07455,-12.02296],[-77.07461,-12.02408],[-77.07766,-12.03184],[-77.07841,-12.03407],[-77.07834,-12.03478],[-77.07789,-12.03561],[-77.07788,-12.03587],[-77.0777,-12.03605],[-77.07676,-12.04635],[-77.07704,-12.04754],[-77.07817,-12.04957],[-77.0783,-12.05023],[-77.07204,-12.04956],[-77.07132,-12.04933],[-77.05945,-12.0481],[-77.05948,-12.04873],[-77.05936,-12.04873],[-77.06159,-12.05414],[-77.05853,-12.05521],[-77.05665,-12.05565],[-77.05111,-12.05523],[-77.0514,-12.05614],[-77.04508,-12.05563],[-77.04516,-12.0565],[-77.04603,-12.05657],[-77.04584,-12.0585],[-77.04261,-12.05814],[-77.04231,-12.05873],[-77.04274,-12.05985],[-77.04205,-12.06],[-77.04181,-12.05976],[-77.04151,-12.0597],[-77.04111,-12.05991],[-77.041,-12.06028],[-77.04121,-12.06079],[-77.03935,-12.06428],[-77.03902,-12.06451],[-77.03888,-12.06485],[-77.03948,-12.06855],[-77.04175,-12.07363],[-77.04205,-12.07565],[-77.04212,-12.07779],[-77.04217,-12.07958],[-77.03859,-12.08007],[-77.03834,-12.08183],[-77.03932,-12.08198],[-77.03958,-12.08003],[-77.0424,-12.07969],[-77.04229,-12.07593],[-77.04201,-12.07366],[-77.03976,-12.06868],[-77.03911,-12.06505],[-77.03943,-12.06478],[-77.03935,-12.06447],[-77.04128,-12.06088],[-77.04178,-12.06073],[-77.04203,-12.06052],[-77.04205,-12.06]],[[-77.01148,-11.86696],[-77.01375,-11.87043],[-77.01554,-11.87353],[-77.01772,-11.87779],[-77.01979,-11.87994],[-77.0227,-11.88142],[-77.02347,-11.88229],[-77.02368,-11.88322],[-77.02324,-11.88582],[-77.02334,-11.88682],[-77.02385,-11.88766],[-77.02591,-11.88942],[-77.02685,-11.89046],[-77.0281,-11.89234],[-77.02868,-11.89349],[-77.03033,-11.89943],[-77.03062,-11.90376],[-77.0321,-11.90705],[-77.03257,-11.90761],[-77.03314,-11.90802],[-77.03666,-11.90941],[-77.03743,-11.90996],[-77.04067,-11.91574],[-77.04134,-11.91783],[-77.04217,-11.92254],[-77.04275,-11.92708],[-77.04312,-11.92834],[-77.04452,-11.93118],[-77.04686,-11.934],[-77.04946,-11.93776],[-77.05005,-11.93904],[-77.05026,-11.94044],[-77.05048,-11.94426],[-77.04933,-11.94895],[-77.04928,-11.94986],[-77.04955,-11.95035],[-77.05072,-11.95141],[-77.051,-11.95182],[-77.05573,-11.96577],[-77.05739,-11.96869],[-77.0575,-11.96916],[-77.05742,-11.9718],[-77.0576,-11.97302],[-77.05797,-11.97399],[-77.05921,-11.97612],[-77.0595,-11.97705],[-77.06034,-11.97674],[-77.0648,-11.97742],[-77.06514,-11.97759],[-77.06546,-11.97812],[-77.06592,-11.97833],[-77.06642,-11.97824],[-77.06682,-11.97786],[-77.0671,-11.97777],[-77.07224,-11.97854],[-77.07219,-11.98352],[-77.072,-11.98457],[-77.07227,-11.98649],[-77.0714,-11.9926],[-77.07146,-11.99315],[-77.07179,-11.99381],[-77.07235,-11.99433],[-77.07294,-11.99452],[-77.08353,-11.99606],[-77.08423,-11.99624],[-77.08457,-11.9967],[-77.08226,-12.00683],[-77.08166,-12.00883],[-77.08014,-12.01189],[-77.07949,-12.0127],[-77.07923,-12.01349],[-77.07468,-12.0222],[-77.07445,-12.02297],[-77.07452,-12.02412],[-77.07642,-12.02889],[-77.07832,-12.03413],[-77.07824,-12.03476],[-77.07754,-12.0358],[-77.07666,-12.04619],[-77.07688,-12.04752],[-77.07782,-12.04919],[-77.07775,-12.04958],[-77.07741,-12.04976],[-77.05935,-12.048],[-77.05936,-12.04873],[-77.05498,-12.04897],[-77.05091,-12.04961],[-77.04602,-12.05059],[-77.04249,-12.05084],[-77.04173,-12.05972]],[[-77.00386,-11.85607],[-77.00317,-11.85333],[-77.00231,-11.8511],[-77.00226,-11.84964],[-77.00208,-11.84877],[-77.00059,-11.84511],[-76.99903,-11.84179]],[[-76.97215,-11.7869],[-76.95484,-11.78641]]]}},{"type":"Feature","properties":{"id":"relation/19701773","nombre":"AeroDirecto Centro","distrito":"Bellavista","tipo":"osm"},"geometry":{"type":"LineString","coordinates":[[-77.11277,-12.03894],[-77.11266,-12.03931],[-77.1127,-12.03974],[-77.11248,-12.03999],[-77.10946,-12.04064],[-77.10828,-12.04058],[-77.10809,-12.04068],[-77.10807,-12.04096],[-77.10874,-12.0419],[-77.11079,-12.04161],[-77.11569,-12.04036],[-77.11605,-12.04028],[-77.11604,-12.04039],[-77.10976,-12.04195],[-77.10886,-12.04207],[-77.10255,-12.04131],[-77.10038,-12.04069],[-77.0992,-12.04065],[-77.09904,-12.04197],[-77.09916,-12.04246],[-77.09902,-12.04421],[-77.09913,-12.04475],[-77.09873,-12.04544],[-77.09847,-12.04822],[-77.09836,-12.05133],[-77.09804,-12.05375],[-77.09814,-12.05414],[-77.09837,-12.05425],[-77.09877,-12.05404],[-77.09874,-12.05378],[-77.08104,-12.0506],[-77.07204,-12.04956],[-77.07132,-12.04933],[-77.04344,-12.04647],[-77.04289,-12.04678],[-77.04233,-12.04672],[-77.03531,-12.05126],[-77.0352,-12.05151],[-77.03541,-12.05181],[-77.03443,-12.05243],[-77.03378,-12.05152],[-77.03477,-12.05087],[-77.03498,-12.0512],[-77.03516,-12.05126],[-77.04226,-12.04666],[-77.0424,-12.04617],[-77.04275,-12.04598],[-77.04337,-12.04638],[-77.07055,-12.04913],[-77.07093,-12.04906],[-77.07603,-12.04956],[-77.08637,-12.05144],[-77.0866,-12.05025],[-77.08726,-12.04901],[-77.08738,-12.04741],[-77.09831,-12.04838],[-77.09861,-12.04539],[-77.09903,-12.04475],[-77.09892,-12.0442],[-77.09905,-12.04252],[-77.09892,-12.04196],[-77.09918,-12.03907],[-77.09915,-12.03714],[-77.099,-12.03617],[-77.09777,-12.03589],[-77.09727,-12.03559],[-77.09737,-12.03549],[-77.09807,-12.03583],[-77.0995,-12.03589],[-77.09975,-12.03611],[-77.09934,-12.04],[-77.09953,-12.04026],[-77.1025,-12.04118],[-77.10712,-12.04173],[-77.10814,-12.04049],[-77.10936,-12.04058],[-77.11156,-12.04012],[-77.11191,-12.03997],[-77.11211,-12.03961],[-77.11265,-12.03919],[-77.11294,-12.03814],[-77.11292,-12.03779],[-77.11267,-12.0375],[-77.11151,-12.0369],[-77.11134,-12.03635],[-77.11299,-12.0335],[-77.1134,-12.03336],[-77.11374,-12.03268],[-77.11389,-12.03262],[-77.11576,-12.03353],[-77.11589,-12.03389],[-77.11462,-12.03706],[-77.11455,-12.0379],[-77.11395,-12.03788],[-77.11332,-12.03758],[-77.113,-12.03759],[-77.11288,-12.03773]]}},{"type":"Feature","properties":{"id":"relation/20137585","nombre":"Ruta 1009","distrito":"Bellavista","tipo":"osm"},"geometry":{"type":"MultiLineString","coordinates":[[[-77.07956,-12.07482],[-77.07887,-12.07405],[-77.0784,-12.07314],[-77.07819,-12.07154],[-77.07785,-12.07001],[-77.07769,-12.06994],[-77.07764,-12.06941],[-77.07778,-12.06938]],[[-77.07775,-12.06895],[-77.07779,-12.06676],[-77.07799,-12.06513],[-77.07911,-12.06002],[-77.07746,-12.05965],[-77.07817,-12.05669],[-77.07819,-12.05575],[-77.07666,-12.05138],[-77.07654,-12.05071],[-77.07659,-12.05001],[-77.0783,-12.05023],[-77.07817,-12.04957],[-77.07704,-12.04754],[-77.07676,-12.04635],[-77.0777,-12.03605],[-77.07788,-12.03587],[-77.07789,-12.03561],[-77.07834,-12.03478],[-77.07843,-12.03425],[-77.07766,-12.03184],[-77.07461,-12.02408],[-77.07455,-12.02296],[-77.07479,-12.02221],[-77.07956,-12.01336],[-77.08013,-12.01271],[-77.08041,-12.01178],[-77.08186,-12.00897],[-77.08235,-12.00744],[-77.0847,-11.99741],[-77.08475,-11.99623],[-77.08349,-11.99322],[-77.08303,-11.99122],[-77.08148,-11.98935],[-77.07877,-11.9844],[-77.07771,-11.97793],[-77.0768,-11.97574],[-77.07497,-11.96778],[-77.07415,-11.96598],[-77.07277,-11.96446],[-77.07186,-11.96376],[-77.0707,-11.96308],[-77.06953,-11.96267],[-77.06722,-11.96231],[-77.06549,-11.96186],[-77.06317,-11.96157],[-77.06279,-11.96119],[-77.06242,-11.96123],[-77.06208,-11.96105],[-77.06149,-11.96046],[-77.06115,-11.95985],[-77.06022,-11.95666],[-77.06003,-11.95545],[-77.0602,-11.95049],[-77.06081,-11.94614]],[[-77.07803,-12.05069],[-77.0782,-12.05173],[-77.08088,-12.05585],[-77.08015,-12.05667],[-77.07985,-12.05723],[-77.07913,-12.05995],[-77.07926,-12.06014],[-77.0791,-12.0611],[-77.07802,-12.06593],[-77.07789,-12.06832],[-77.078,-12.06987],[-77.0786,-12.07326],[-77.07894,-12.07389],[-77.08034,-12.07557],[-77.08107,-12.07702],[-77.08144,-12.07743],[-77.08176,-12.07828],[-77.08113,-12.07833],[-77.08082,-12.07707],[-77.08021,-12.07574],[-77.07959,-12.07485]],[[-77.07803,-12.05062],[-77.07798,-12.04951],[-77.07688,-12.04752],[-77.07666,-12.04635],[-77.07754,-12.0358],[-77.07824,-12.03476],[-77.07832,-12.03413],[-77.07642,-12.02889],[-77.07452,-12.02412],[-77.07445,-12.02297],[-77.07468,-12.0222],[-77.07923,-12.01349],[-77.07949,-12.0127],[-77.08014,-12.01189],[-77.08166,-12.00883],[-77.08226,-12.00683],[-77.08448,-11.99738],[-77.08457,-11.99657],[-77.08434,-11.99573],[-77.08333,-11.99353],[-77.08177,-11.99147],[-77.08121,-11.98939],[-77.07854,-11.98436],[-77.0778,-11.98108],[-77.0768,-11.97813],[-77.07662,-11.97591],[-77.07458,-11.96739],[-77.07389,-11.96603],[-77.07307,-11.96505],[-77.0718,-11.964],[-77.07003,-11.96298],[-77.0693,-11.96276],[-77.06319,-11.96179],[-77.06255,-11.96195],[-77.06171,-11.96114],[-77.06116,-11.9604],[-77.06081,-11.95966],[-77.0602,-11.95756],[-77.05979,-11.95554],[-77.05991,-11.95076],[-77.06041,-11.94705],[-77.06036,-11.94604],[-77.06061,-11.94503],[-77.0605,-11.94361],[-77.06022,-11.94244],[-77.05968,-11.94107],[-77.05793,-11.93811],[-77.05256,-11.92826],[-77.05214,-11.92691],[-77.05133,-11.92223],[-77.05054,-11.92013],[-77.03762,-11.89708],[-77.03613,-11.89503],[-77.03105,-11.89932],[-77.03059,-11.89939],[-77.03027,-11.89911],[-77.02895,-11.89424],[-77.0281,-11.89234],[-77.02648,-11.89003],[-77.0257,-11.88922],[-77.02399,-11.88781],[-77.02343,-11.88707],[-77.02322,-11.88597],[-77.02368,-11.88322],[-77.0234,-11.88217],[-77.0227,-11.88142],[-77.01979,-11.87994],[-77.01772,-11.87779],[-77.01616,-11.87463],[-77.01375,-11.87043],[-77.01277,-11.86896],[-77.01305,-11.86879],[-77.01239,-11.86784],[-77.01399,-11.86671],[-77.01588,-11.86448],[-77.01282,-11.86076],[-77.00944,-11.85706],[-77.00911,-11.8572],[-77.00858,-11.85686],[-77.00757,-11.85663],[-77.00651,-11.85585],[-77.00702,-11.8553]],[[-77.01572,-11.86462],[-77.01273,-11.86099],[-77.00927,-11.85719]],[[-77.01287,-11.8689],[-77.01386,-11.87037],[-77.01628,-11.87457],[-77.01783,-11.87772],[-77.0199,-11.87987],[-77.02265,-11.88124],[-77.02348,-11.88209],[-77.02379,-11.8832],[-77.02334,-11.88592],[-77.02352,-11.88696],[-77.02395,-11.8876],[-77.02602,-11.88936],[-77.02677,-11.89019],[-77.02831,-11.89245],[-77.02904,-11.8941],[-77.03031,-11.89882],[-77.03047,-11.89901],[-77.0308,-11.89916],[-77.03114,-11.89906],[-77.03675,-11.89434],[-77.0369,-11.89458],[-77.03813,-11.89745],[-77.05097,-11.92043],[-77.05163,-11.92243],[-77.05237,-11.92683],[-77.05269,-11.92793],[-77.05734,-11.93651],[-77.05997,-11.94108],[-77.06051,-11.94249],[-77.06078,-11.94374],[-77.06082,-11.94607]]]}},{"type":"Feature","properties":{"id":"relation/20206557","nombre":"Ruta 1011","distrito":"Bellavista","tipo":"osm"},"geometry":{"type":"MultiLineString","coordinates":[[[-77.00731,-11.86259],[-77.00916,-11.8646],[-77.01034,-11.86516],[-77.0111,-11.8658],[-77.01157,-11.86722],[-77.01403,-11.87092],[-77.01616,-11.87463],[-77.01772,-11.87779],[-77.01979,-11.87994],[-77.0227,-11.88142],[-77.0234,-11.88217],[-77.02368,-11.88322],[-77.02322,-11.88597],[-77.02343,-11.88707],[-77.02399,-11.88781],[-77.0257,-11.88922],[-77.02648,-11.89003],[-77.0281,-11.89234],[-77.02895,-11.89424],[-77.03034,-11.89922],[-77.03069,-11.89941],[-77.03105,-11.89932],[-77.03613,-11.89503],[-77.03762,-11.89708],[-77.05054,-11.92013],[-77.05133,-11.92223],[-77.05214,-11.92691],[-77.05256,-11.92826],[-77.05997,-11.94174],[-77.06045,-11.94335],[-77.06061,-11.94503],[-77.06036,-11.94604],[-77.06041,-11.94705],[-77.05991,-11.95076],[-77.05979,-11.95554],[-77.05996,-11.95668],[-77.06093,-11.95995],[-77.06152,-11.96091],[-77.06248,-11.96193],[-77.06319,-11.96179],[-77.06982,-11.9629],[-77.0722,-11.9643],[-77.07307,-11.96505],[-77.07389,-11.96603],[-77.07474,-11.96789],[-77.07662,-11.97591],[-77.0768,-11.97813],[-77.0778,-11.98108],[-77.07854,-11.98436],[-77.08121,-11.98939],[-77.08177,-11.99147],[-77.08325,-11.9934],[-77.08445,-11.99603],[-77.08457,-11.99657],[-77.08448,-11.99738],[-77.08181,-12.00845],[-77.08014,-12.01189],[-77.07953,-12.01263],[-77.07923,-12.01349],[-77.07468,-12.0222],[-77.07442,-12.02325],[-77.07461,-12.02439],[-77.07642,-12.02889],[-77.07833,-12.03424],[-77.07815,-12.03495],[-77.07754,-12.0358],[-77.07668,-12.04656],[-77.07688,-12.04752],[-77.07798,-12.04951],[-77.07807,-12.05127],[-77.0782,-12.05173],[-77.08088,-12.05585],[-77.08015,-12.05667],[-77.07985,-12.05723],[-77.07913,-12.05995],[-77.07926,-12.06014],[-77.0791,-12.0611],[-77.07802,-12.06593],[-77.07789,-12.06832],[-77.078,-12.06987],[-77.0786,-12.07326],[-77.07894,-12.07389],[-77.08034,-12.07557],[-77.08107,-12.07702],[-77.08144,-12.07743],[-77.08176,-12.07828],[-77.08113,-12.07833],[-77.08082,-12.07707],[-77.08021,-12.07574],[-77.07959,-12.07485]],[[-77.07956,-12.07482],[-77.07887,-12.07405],[-77.07847,-12.07335],[-77.07819,-12.07154],[-77.07764,-12.06944],[-77.07778,-12.06938],[-77.07777,-12.06696],[-77.07799,-12.06513],[-77.07911,-12.06002],[-77.07746,-12.05965],[-77.07817,-12.05669],[-77.07819,-12.05575],[-77.07661,-12.05123],[-77.07658,-12.05006]],[[-77.01148,-11.86696],[-77.01386,-11.87037],[-77.01628,-11.87457],[-77.01783,-11.87772],[-77.0199,-11.87987],[-77.02265,-11.88124],[-77.02348,-11.88209],[-77.02379,-11.8832],[-77.02334,-11.88592],[-77.02352,-11.88696],[-77.02395,-11.8876],[-77.02602,-11.88936],[-77.02677,-11.89019],[-77.02831,-11.89245],[-77.02904,-11.8941],[-77.0304,-11.89895],[-77.0308,-11.89916],[-77.03114,-11.89906],[-77.03675,-11.89434],[-77.03715,-11.89507],[-77.03784,-11.8969],[-77.03862,-11.89836],[-77.05073,-11.91994],[-77.05152,-11.92194],[-77.05237,-11.92683],[-77.05282,-11.92823],[-77.05809,-11.93786],[-77.05987,-11.94087],[-77.06051,-11.94249],[-77.06083,-11.94414],[-77.06088,-11.94563],[-77.0602,-11.95049],[-77.06005,-11.95576],[-77.06105,-11.95959],[-77.06137,-11.96027],[-77.06208,-11.96105],[-77.06242,-11.96123],[-77.06279,-11.96119],[-77.06317,-11.96157],[-77.06549,-11.96186],[-77.06722,-11.96231],[-77.06953,-11.96267],[-77.0707,-11.96308],[-77.07186,-11.96376],[-77.07305,-11.96471],[-77.07399,-11.96575],[-77.07475,-11.96715],[-77.07601,-11.972],[-77.0768,-11.97574],[-77.07773,-11.97803],[-77.07877,-11.9844],[-77.08148,-11.98935],[-77.08303,-11.99122],[-77.08349,-11.99322],[-77.08461,-11.99579],[-77.08479,-11.99667],[-77.08235,-12.00744],[-77.08186,-12.00897],[-77.08041,-12.01178],[-77.08013,-12.01271],[-77.07956,-12.01336],[-77.07479,-12.02221],[-77.07455,-12.02296],[-77.07461,-12.02408],[-77.07766,-12.03184],[-77.07843,-12.03425],[-77.07834,-12.03478],[-77.07789,-12.03561],[-77.07788,-12.03587],[-77.0777,-12.03605],[-77.07676,-12.04635],[-77.07704,-12.04754],[-77.07817,-12.04957],[-77.0783,-12.05023],[-77.07659,-12.05001]]]}},{"type":"Feature","properties":{"id":"relation/20592235","nombre":"Ruta 1013","distrito":"Bellavista","tipo":"osm"},"geometry":{"type":"MultiLineString","coordinates":[[[-77.00687,-11.86184],[-77.00771,-11.8631],[-77.00904,-11.8645],[-77.01034,-11.86516],[-77.0111,-11.8658],[-77.01157,-11.86722],[-77.01403,-11.87092],[-77.01616,-11.87463],[-77.01772,-11.87779],[-77.01979,-11.87994],[-77.0227,-11.88142],[-77.0234,-11.88217],[-77.02368,-11.88322],[-77.02322,-11.88597],[-77.02343,-11.88707],[-77.02399,-11.88781],[-77.0257,-11.88922],[-77.02648,-11.89003],[-77.0281,-11.89234],[-77.02895,-11.89424],[-77.03034,-11.89922],[-77.03069,-11.89941],[-77.03105,-11.89932],[-77.03613,-11.89503],[-77.03762,-11.89708],[-77.05054,-11.92013],[-77.05133,-11.92223],[-77.05214,-11.92691],[-77.05256,-11.92826],[-77.05997,-11.94174],[-77.06045,-11.94335],[-77.06061,-11.94503],[-77.06036,-11.94604],[-77.06041,-11.94705],[-77.05991,-11.95076],[-77.05979,-11.95554],[-77.05996,-11.95668],[-77.06093,-11.95995],[-77.06152,-11.96091],[-77.06248,-11.96193],[-77.06319,-11.96179],[-77.06982,-11.9629],[-77.0722,-11.9643],[-77.07307,-11.96505],[-77.07389,-11.96603],[-77.07474,-11.96789],[-77.07662,-11.97591],[-77.0768,-11.97813],[-77.0778,-11.98108],[-77.07854,-11.98436],[-77.08121,-11.98939],[-77.08177,-11.99147],[-77.08333,-11.99353],[-77.08434,-11.99573],[-77.08455,-11.99646],[-77.08448,-11.99738],[-77.08181,-12.00845],[-77.08014,-12.01189],[-77.07953,-12.01263],[-77.07923,-12.01349],[-77.07468,-12.0222],[-77.07442,-12.02325],[-77.07461,-12.02439],[-77.07642,-12.02889],[-77.07833,-12.03424],[-77.07815,-12.03495],[-77.07754,-12.0358],[-77.07668,-12.04656],[-77.07688,-12.04752],[-77.07798,-12.04951],[-77.07807,-12.05127],[-77.0782,-12.05173],[-77.08088,-12.05585],[-77.08015,-12.05667],[-77.07985,-12.05723],[-77.07913,-12.05995],[-77.07926,-12.06014],[-77.0791,-12.0611],[-77.07802,-12.06593],[-77.07789,-12.06832],[-77.07802,-12.07036],[-77.07109,-12.07194],[-77.06739,-12.07244],[-77.06622,-12.07243],[-77.0642,-12.07216],[-77.06172,-12.07163],[-77.06042,-12.07161],[-77.05958,-12.07176],[-77.05798,-12.07221],[-77.05711,-12.07264],[-77.05396,-12.07511],[-77.05381,-12.07512],[-77.04564,-12.06535],[-77.03988,-12.06458],[-77.03955,-12.06464],[-77.03924,-12.06492],[-77.03897,-12.06476],[-77.03912,-12.06444],[-77.03965,-12.06446],[-77.04575,-12.06529],[-77.05389,-12.07501],[-77.05706,-12.07254],[-77.05787,-12.07213],[-77.05979,-12.0716],[-77.06037,-12.0715],[-77.06169,-12.07153],[-77.0653,-12.07221],[-77.06738,-12.07234],[-77.07054,-12.07195],[-77.07771,-12.07039],[-77.07788,-12.07023],[-77.07785,-12.07001],[-77.07769,-12.06994],[-77.07764,-12.06944],[-77.07778,-12.06938],[-77.07773,-12.06796],[-77.07787,-12.06592],[-77.07911,-12.06002],[-77.07746,-12.05965],[-77.0782,-12.05642],[-77.07815,-12.05555],[-77.07778,-12.05445]],[[-77.06004,-11.95532],[-77.06022,-11.95666],[-77.06105,-11.95959],[-77.06149,-11.96046],[-77.06208,-11.96105],[-77.06242,-11.96123],[-77.06279,-11.96119],[-77.06309,-11.96151],[-77.06342,-11.96163],[-77.06549,-11.96186],[-77.07037,-11.96293],[-77.07177,-11.96369],[-77.07277,-11.96446],[-77.07376,-11.96545],[-77.07429,-11.96621],[-77.07497,-11.96778],[-77.0768,-11.97574],[-77.07771,-11.97793],[-77.07877,-11.9844],[-77.08148,-11.98935],[-77.08303,-11.99122],[-77.08349,-11.99322],[-77.08475,-11.99623],[-77.0847,-11.99741],[-77.08235,-12.00744],[-77.08186,-12.00897],[-77.08041,-12.01178],[-77.08013,-12.01271],[-77.07956,-12.01336],[-77.07479,-12.02221],[-77.07455,-12.02296],[-77.07461,-12.02408],[-77.07766,-12.03184],[-77.07841,-12.03407],[-77.07834,-12.03478],[-77.07789,-12.03561],[-77.07788,-12.03587],[-77.0777,-12.03605],[-77.07676,-12.04635],[-77.07704,-12.04754],[-77.07817,-12.04957],[-77.0783,-12.05023],[-77.07659,-12.05001],[-77.07654,-12.0505],[-77.07661,-12.05123],[-77.07773,-12.05433]],[[-77.07801,-12.04987],[-77.07782,-12.04919]],[[-77.01148,-11.86696],[-77.01386,-11.87037],[-77.01628,-11.87457],[-77.01783,-11.87772],[-77.0199,-11.87987],[-77.02265,-11.88124],[-77.02348,-11.88209],[-77.02379,-11.8832],[-77.02334,-11.88592],[-77.02352,-11.88696],[-77.02395,-11.8876],[-77.02602,-11.88936],[-77.02677,-11.89019],[-77.02831,-11.89245],[-77.02904,-11.8941],[-77.0304,-11.89895],[-77.0308,-11.89916],[-77.03114,-11.89906],[-77.03675,-11.89434],[-77.03698,-11.89473],[-77.03813,-11.89745],[-77.05085,-11.92018],[-77.05152,-11.92194],[-77.05237,-11.92683],[-77.05282,-11.92823],[-77.05809,-11.93786],[-77.05987,-11.94087],[-77.06035,-11.94201],[-77.06078,-11.94374],[-77.06088,-11.94563],[-77.0602,-11.95049],[-77.06003,-11.95525]]]}},{"type":"Feature","properties":{"id":"relation/21027488","nombre":"Ruta 1015","distrito":"Bellavista","tipo":"osm"},"geometry":{"type":"MultiLineString","coordinates":[[[-77.00386,-11.85607],[-77.00336,-11.8535],[-77.00242,-11.85103],[-77.00239,-11.84962],[-77.0022,-11.84875],[-77.00086,-11.84545],[-77.00074,-11.84548],[-77.00208,-11.84877],[-77.00226,-11.84964],[-77.00231,-11.8511],[-77.00323,-11.85351],[-77.00441,-11.85836],[-77.00625,-11.86034],[-77.00697,-11.86203],[-77.00794,-11.86338],[-77.00916,-11.8646],[-77.01034,-11.86516],[-77.0111,-11.8658],[-77.01142,-11.86686],[-77.01386,-11.87037],[-77.01628,-11.87457],[-77.01783,-11.87772],[-77.0199,-11.87987],[-77.02265,-11.88124],[-77.02344,-11.88201],[-77.02371,-11.88264],[-77.02379,-11.8832],[-77.02334,-11.88592],[-77.02352,-11.88696],[-77.02395,-11.8876],[-77.02602,-11.88936],[-77.02677,-11.89019],[-77.02831,-11.89245],[-77.02904,-11.8941],[-77.0304,-11.89895],[-77.0308,-11.89916],[-77.03114,-11.89906],[-77.03675,-11.89434],[-77.03698,-11.89473],[-77.03813,-11.89745],[-77.05085,-11.92018],[-77.05152,-11.92194],[-77.05237,-11.92683],[-77.05282,-11.92823],[-77.05997,-11.94108],[-77.06069,-11.94325],[-77.06088,-11.94546],[-77.06017,-11.95086],[-77.06003,-11.95545],[-77.06022,-11.95666],[-77.06115,-11.95985],[-77.06182,-11.96081],[-77.06242,-11.96123],[-77.06289,-11.96124],[-77.06317,-11.96157],[-77.06521,-11.9619]],[[-77.07801,-12.04987],[-77.07791,-12.04935],[-77.07688,-12.04752],[-77.07666,-12.04635],[-77.07754,-12.0358],[-77.07824,-12.03476],[-77.07832,-12.03413],[-77.07642,-12.02889],[-77.07452,-12.02412],[-77.07445,-12.02297],[-77.07468,-12.0222],[-77.07923,-12.01349],[-77.07949,-12.0127],[-77.08014,-12.01189],[-77.08166,-12.00883],[-77.08226,-12.00683],[-77.08448,-11.99738],[-77.08457,-11.99657],[-77.08434,-11.99573],[-77.08333,-11.99353],[-77.08177,-11.99147],[-77.08121,-11.98939],[-77.07854,-11.98436],[-77.0778,-11.98108],[-77.0768,-11.97813],[-77.07662,-11.97591],[-77.07458,-11.96739],[-77.07389,-11.96603],[-77.07307,-11.96505],[-77.0718,-11.964],[-77.07003,-11.96298],[-77.0693,-11.96276],[-77.06319,-11.96179],[-77.06255,-11.96195],[-77.06171,-11.96114],[-77.06116,-11.9604],[-77.06081,-11.95966],[-77.0602,-11.95756],[-77.05979,-11.95554],[-77.05991,-11.95076],[-77.06041,-11.94705],[-77.06036,-11.94604],[-77.06061,-11.94503],[-77.0605,-11.94361],[-77.06022,-11.94244],[-77.05968,-11.94107],[-77.05793,-11.93811],[-77.05256,-11.92826],[-77.05214,-11.92691],[-77.05133,-11.92223],[-77.05054,-11.92013],[-77.03762,-11.89708],[-77.03613,-11.89503],[-77.03105,-11.89932],[-77.03069,-11.89941],[-77.03034,-11.89922],[-77.02895,-11.89424],[-77.0281,-11.89234],[-77.02648,-11.89003],[-77.0257,-11.88922],[-77.02399,-11.88781],[-77.02343,-11.88707],[-77.02322,-11.88597],[-77.02368,-11.88322],[-77.0234,-11.88217],[-77.0227,-11.88142],[-77.01979,-11.87994],[-77.01772,-11.87779],[-77.01554,-11.87353],[-77.01375,-11.87043],[-77.01148,-11.86696]],[[-77.06666,-11.96219],[-77.06976,-11.96272],[-77.0707,-11.96308],[-77.07186,-11.96376],[-77.07277,-11.96446],[-77.07376,-11.96545],[-77.07429,-11.96621],[-77.07497,-11.96778],[-77.0768,-11.97574],[-77.07771,-11.97793],[-77.07877,-11.9844],[-77.08148,-11.98935],[-77.08303,-11.99122],[-77.08349,-11.99322],[-77.08461,-11.99579],[-77.08477,-11.99639],[-77.0847,-11.99741],[-77.08235,-12.00744],[-77.08186,-12.00897],[-77.08041,-12.01178],[-77.08013,-12.01271],[-77.07956,-12.01336],[-77.07479,-12.02221],[-77.07455,-12.02296],[-77.07461,-12.02408],[-77.07766,-12.03184],[-77.07843,-12.03425],[-77.07834,-12.03478],[-77.07789,-12.03561],[-77.07788,-12.03587],[-77.0777,-12.03605],[-77.07676,-12.04635],[-77.07704,-12.04754],[-77.07817,-12.04957],[-77.0783,-12.05023],[-77.07659,-12.05001]],[[-77.07658,-12.05006],[-77.07661,-12.05123],[-77.07819,-12.05575],[-77.07817,-12.05669],[-77.07746,-12.05965],[-77.07911,-12.06002],[-77.07985,-12.05723],[-77.08015,-12.05667],[-77.08088,-12.05585],[-77.0782,-12.05173],[-77.07803,-12.05062]],[[-77.07926,-12.06014],[-77.07802,-12.06593],[-77.07789,-12.06832],[-77.07799,-12.07039],[-77.07014,-12.07211],[-77.06705,-12.07246],[-77.0642,-12.07216]],[[-77.05889,-12.07192],[-77.05798,-12.07221],[-77.0569,-12.07276],[-77.05396,-12.07511],[-77.05371,-12.07514],[-77.05273,-12.07592],[-77.04947,-12.072],[-77.04721,-12.07388],[-77.0476,-12.07504],[-77.04772,-12.07502],[-77.05138,-12.0721],[-77.05389,-12.07501],[-77.05706,-12.07254],[-77.05787,-12.07213],[-77.05979,-12.0716],[-77.06037,-12.0715],[-77.06169,-12.07153],[-77.0653,-12.07221],[-77.06738,-12.07234],[-77.07083,-12.07189],[-77.07783,-12.07035],[-77.07785,-12.07001],[-77.07769,-12.06994],[-77.07764,-12.06944],[-77.07778,-12.06938],[-77.07773,-12.06796],[-77.07787,-12.06592],[-77.07911,-12.06002]],[[-77.04419,-12.07504],[-77.0476,-12.07504],[-77.04763,-12.07516],[-77.04429,-12.07523],[-77.04395,-12.07548],[-77.04304,-12.07549],[-77.04263,-12.07523],[-77.03979,-12.07508],[-77.03709,-12.07471],[-77.03558,-12.0848],[-77.03333,-12.08447],[-77.03484,-12.0743],[-77.03914,-12.0749],[-77.04264,-12.0751],[-77.04298,-12.07483],[-77.04388,-12.07482],[-77.04419,-12.07504]],[[-77.06411,-12.07215],[-77.06172,-12.07163],[-77.06042,-12.07161],[-77.05903,-12.07188]]]}},{"type":"Feature","properties":{"id":"relation/21038208","nombre":"Ruta 1022","distrito":"Bellavista","tipo":"osm"},"geometry":{"type":"MultiLineString","coordinates":[[[-77.0033,-11.8533],[-77.00386,-11.85607],[-77.00317,-11.85333],[-77.00231,-11.8511],[-77.00226,-11.84964],[-77.00208,-11.84877],[-77.00074,-11.84548],[-77.00086,-11.84545],[-77.0022,-11.84875],[-77.00239,-11.84962],[-77.00242,-11.85103],[-77.0033,-11.8533]],[[-77.00386,-11.85607],[-77.00434,-11.85823],[-77.00631,-11.86044],[-77.00687,-11.86184],[-77.00731,-11.86259],[-77.00916,-11.8646],[-77.01034,-11.86516],[-77.01114,-11.86586],[-77.01142,-11.86686],[-77.01386,-11.87037],[-77.01628,-11.87457],[-77.01772,-11.87758],[-77.0197,-11.87971],[-77.02065,-11.88033],[-77.02265,-11.88124],[-77.02344,-11.88201],[-77.02371,-11.88264],[-77.02379,-11.8832],[-77.02334,-11.88592],[-77.02352,-11.88696],[-77.02395,-11.8876],[-77.02602,-11.88936],[-77.02677,-11.89019],[-77.02831,-11.89245],[-77.02904,-11.8941],[-77.03031,-11.89882],[-77.03047,-11.89901],[-77.03088,-11.89916],[-77.03128,-11.89895],[-77.04026,-11.89149],[-77.0431,-11.8905],[-77.04354,-11.89008],[-77.04381,-11.89001],[-77.04402,-11.89012],[-77.04579,-11.89214],[-77.04678,-11.8936],[-77.06563,-11.92724],[-77.06702,-11.92875],[-77.06871,-11.92978],[-77.07018,-11.93022],[-77.07249,-11.93048],[-77.07144,-11.94168]],[[-77.07144,-11.9417],[-77.07095,-11.94642],[-77.06881,-11.96011],[-77.06897,-11.96061],[-77.06972,-11.96147],[-77.0705,-11.96292],[-77.07186,-11.96376],[-77.07305,-11.96471],[-77.07399,-11.96575],[-77.07465,-11.9669],[-77.07497,-11.96778],[-77.07601,-11.972],[-77.0768,-11.97574],[-77.07773,-11.97803],[-77.07877,-11.9844],[-77.08148,-11.98935],[-77.08303,-11.99122],[-77.08349,-11.99322],[-77.08461,-11.99579],[-77.08478,-11.99656],[-77.08475,-11.99718],[-77.08256,-12.00655],[-77.08186,-12.00897],[-77.08041,-12.01178],[-77.08013,-12.01271],[-77.07956,-12.01336],[-77.07479,-12.02221],[-77.07455,-12.02296],[-77.07461,-12.02408],[-77.07766,-12.03184],[-77.07841,-12.03407],[-77.07834,-12.03478],[-77.07789,-12.03561],[-77.07788,-12.03587],[-77.0777,-12.03605],[-77.07676,-12.04635],[-77.07704,-12.04754],[-77.07817,-12.04957],[-77.0783,-12.05023],[-77.07802,-12.05019],[-77.07791,-12.04935],[-77.07688,-12.04752],[-77.07666,-12.04635],[-77.07754,-12.0358],[-77.07824,-12.03476],[-77.0783,-12.03401],[-77.07461,-12.02439],[-77.07444,-12.02373],[-77.07445,-12.02297],[-77.07468,-12.0222],[-77.07923,-12.01349],[-77.07949,-12.0127],[-77.08014,-12.01189],[-77.08166,-12.00883],[-77.08226,-12.00683],[-77.08448,-11.99738],[-77.08457,-11.99657],[-77.08434,-11.99573],[-77.08333,-11.99353],[-77.08177,-11.99147],[-77.08121,-11.98939],[-77.07854,-11.98436],[-77.0778,-11.98108],[-77.0768,-11.97813],[-77.0766,-11.97584],[-77.07474,-11.96789],[-77.07438,-11.96692],[-77.07371,-11.96579],[-77.07288,-11.96487],[-77.0718,-11.964],[-77.07003,-11.96298],[-77.0693,-11.96276],[-77.06758,-11.96254],[-77.06705,-11.9628],[-77.06696,-11.9633],[-77.06719,-11.96365],[-77.06769,-11.96379],[-77.06805,-11.96357],[-77.06827,-11.96314],[-77.07081,-11.94639],[-77.07148,-11.93963],[-77.07111,-11.93959],[-77.07129,-11.93763],[-77.07169,-11.93754],[-77.07223,-11.93123],[-77.07195,-11.93084],[-77.07154,-11.93062],[-77.06977,-11.93036],[-77.06809,-11.92971],[-77.06654,-11.92861],[-77.06546,-11.92735],[-77.04689,-11.89424],[-77.04592,-11.89268],[-77.04473,-11.89132],[-77.04382,-11.89086],[-77.04284,-11.89078],[-77.04018,-11.89168],[-77.03105,-11.89932],[-77.03069,-11.89941],[-77.03034,-11.89922],[-77.02895,-11.89424],[-77.0281,-11.89234],[-77.02648,-11.89003],[-77.0257,-11.88922],[-77.02399,-11.88781],[-77.02343,-11.88707],[-77.02322,-11.88597],[-77.02368,-11.88322],[-77.0234,-11.88217],[-77.0227,-11.88142],[-77.01979,-11.87994],[-77.01772,-11.87779],[-77.01554,-11.87353],[-77.01375,-11.87043],[-77.01148,-11.86696]],[[-77.08178,-12.07832],[-77.08177,-12.07915],[-77.08296,-12.08468],[-77.08383,-12.08689],[-77.08563,-12.09064],[-77.08465,-12.09073],[-77.07732,-12.0945],[-77.07224,-12.09634],[-77.07245,-12.09692],[-77.07344,-12.09654],[-77.07286,-12.09501],[-77.07719,-12.09348],[-77.08427,-12.08976],[-77.08268,-12.08637],[-77.0833,-12.08609],[-77.08269,-12.08414],[-77.08184,-12.0799],[-77.08104,-12.0781],[-77.08082,-12.07707],[-77.08021,-12.07574],[-77.07959,-12.07485]],[[-77.07956,-12.07482],[-77.07858,-12.07361],[-77.07835,-12.07294],[-77.07824,-12.07175],[-77.07764,-12.06944],[-77.07778,-12.06938],[-77.07779,-12.06676],[-77.07836,-12.06324],[-77.0798,-12.05737],[-77.08015,-12.05667],[-77.08084,-12.05601],[-77.08088,-12.05581],[-77.0782,-12.05173],[-77.07802,-12.05019],[-77.07659,-12.05001]],[[-77.07658,-12.05006],[-77.07661,-12.05123],[-77.07819,-12.05575],[-77.07817,-12.05669],[-77.07746,-12.05965],[-77.07926,-12.06014],[-77.07821,-12.06479],[-77.07794,-12.06697],[-77.07794,-12.06939],[-77.07848,-12.07282],[-77.07894,-12.07389],[-77.08041,-12.07568],[-77.08107,-12.07702],[-77.08144,-12.07743],[-77.08176,-12.07828]],[[-77.07176,-12.09715],[-77.06097,-12.101],[-77.05962,-12.1017],[-77.0527,-12.10906],[-77.0436,-12.11821],[-77.04303,-12.1188],[-77.04308,-12.11903],[-77.04293,-12.11923],[-77.04267,-12.11923],[-77.04251,-12.11906],[-77.04041,-12.11908],[-77.0401,-12.11932],[-77.03979,-12.11909],[-77.03706,-12.11909],[-77.02939,-12.11918],[-77.02926,-12.1192],[-77.02912,-12.1195],[-77.02891,-12.11937],[-77.02889,-12.1191],[-77.02903,-12.11896],[-77.03978,-12.11895],[-77.04011,-12.1187],[-77.04041,-12.11895],[-77.0425,-12.11892],[-77.0427,-12.1187],[-77.04298,-12.11875],[-77.04839,-12.11323],[-77.04839,-12.11302],[-77.04861,-12.11299],[-77.0537,-12.10786],[-77.05955,-12.10159],[-77.06029,-12.10115],[-77.06248,-12.10033],[-77.07245,-12.09692]]]}},{"type":"Feature","properties":{"id":"relation/21054330","nombre":"Ruta 1028","distrito":"Bellavista","tipo":"osm"},"geometry":{"type":"MultiLineString","coordinates":[[[-77.08103,-12.03137],[-77.08011,-12.02904],[-77.07668,-12.02927],[-77.07461,-12.02408],[-77.07452,-12.02324],[-77.07461,-12.02268],[-77.07956,-12.01336],[-77.08013,-12.01271],[-77.08041,-12.01178],[-77.08186,-12.00897],[-77.08256,-12.00655],[-77.08475,-11.99718],[-77.08478,-11.99656],[-77.08516,-11.99631],[-77.08723,-11.99681],[-77.08936,-11.9983],[-77.09003,-11.99914],[-77.09114,-12.0012],[-77.09175,-11.99964],[-77.09306,-11.9983],[-77.09342,-11.99223],[-77.09315,-11.99137],[-77.09303,-11.99138],[-77.0933,-11.99222],[-77.09293,-11.99817],[-77.09279,-11.99846],[-77.09164,-11.99961],[-77.0911,-12.00077],[-77.08963,-11.9983],[-77.08747,-11.99671],[-77.08445,-11.99603],[-77.08457,-11.99657],[-77.08448,-11.99738],[-77.08181,-12.00845],[-77.08014,-12.01189],[-77.07949,-12.0127],[-77.07923,-12.01349],[-77.07468,-12.0222],[-77.07445,-12.02297],[-77.07452,-12.02412],[-77.07748,-12.03175],[-77.06778,-12.03169],[-77.06481,-12.03207],[-77.06512,-12.03413],[-77.06572,-12.03538],[-77.06483,-12.03556],[-77.06587,-12.03547],[-77.0652,-12.03412],[-77.06493,-12.03227],[-77.06777,-12.03192],[-77.07521,-12.03198],[-77.07736,-12.03191],[-77.0811,-12.03155]],[[-77.08109,-12.03152],[-77.08104,-12.0314]],[[-77.04758,-12.0386],[-77.04705,-12.04408],[-77.04354,-12.0437],[-77.04288,-12.04379],[-77.04259,-12.04368],[-77.04248,-12.0432],[-77.04288,-12.04293],[-77.04358,-12.04317],[-77.04582,-12.04338],[-77.04632,-12.03908],[-77.04726,-12.0388],[-77.04919,-12.03765],[-77.0558,-12.03688],[-77.05737,-12.03684],[-77.06109,-12.03596],[-77.06483,-12.03556]]]}},{"type":"Feature","properties":{"id":"relation/21058483","nombre":"Ruta 1030","distrito":"Bellavista","tipo":"osm"},"geometry":{"type":"MultiLineString","coordinates":[[[-77.10341,-12.08102],[-77.08427,-12.08976],[-77.08306,-12.08725],[-77.07658,-12.09058],[-77.07644,-12.09031],[-77.06864,-12.09312],[-77.04194,-12.06076],[-77.04135,-12.06074],[-77.04101,-12.06036],[-77.04111,-12.05991],[-77.04151,-12.0597],[-77.04159,-12.0595],[-77.04162,-12.05808],[-77.04256,-12.04693],[-77.04233,-12.04637],[-77.04268,-12.04581],[-77.04282,-12.044],[-77.04245,-12.04334],[-77.04258,-12.04305],[-77.04292,-12.04281],[-77.04355,-12.03606],[-77.04336,-12.03579],[-77.04305,-12.03571],[-77.04226,-12.03619],[-77.04229,-12.03651],[-77.0426,-12.03663],[-77.04454,-12.0361],[-77.04691,-12.03573],[-77.04966,-12.03488],[-77.05372,-12.03317],[-77.0551,-12.03226],[-77.05612,-12.0313],[-77.0573,-12.02944],[-77.05748,-12.02844],[-77.05793,-12.02791],[-77.05806,-12.02746],[-77.05884,-12.02255],[-77.05908,-12.02173],[-77.05979,-12.01646],[-77.05996,-12.01604],[-77.06039,-12.01334],[-77.06048,-12.01151],[-77.06096,-12.00885],[-77.06082,-12.00845],[-77.06126,-12.00783],[-77.06147,-12.00654],[-77.06168,-12.00495],[-77.06159,-12.00432],[-77.06172,-12.00409],[-77.06306,-11.99543],[-77.06302,-11.99519],[-77.06374,-11.99112],[-77.06358,-11.98996],[-77.06407,-11.98886],[-77.06434,-11.98701],[-77.06466,-11.98601],[-77.06721,-11.96964],[-77.06726,-11.96855],[-77.06747,-11.96802],[-77.06813,-11.96405],[-77.07056,-11.9482],[-77.07148,-11.93963],[-77.07111,-11.93959],[-77.07129,-11.93763],[-77.07182,-11.93755],[-77.07225,-11.93275],[-77.07251,-11.93277],[-77.07378,-11.93346],[-77.07466,-11.93359],[-77.07424,-11.93777],[-77.07182,-11.93755],[-77.07144,-11.94168]],[[-77.07144,-11.9417],[-77.07095,-11.94642],[-77.06747,-11.96873],[-77.06747,-11.96955],[-77.06727,-11.96998],[-77.06468,-11.98663],[-77.06479,-11.98831],[-77.0646,-11.98952],[-77.06472,-11.9901],[-77.0644,-11.9907],[-77.06398,-11.99367],[-77.06372,-11.99428],[-77.06377,-11.99499],[-77.06347,-11.9969],[-77.06295,-11.99768],[-77.06217,-12.00329],[-77.06231,-12.00442],[-77.06215,-12.00466],[-77.06159,-12.00829],[-77.06166,-12.00861],[-77.06118,-12.00944],[-77.06067,-12.0118],[-77.05882,-12.02409],[-77.05892,-12.02506],[-77.05841,-12.02763],[-77.05845,-12.02868],[-77.0583,-12.02895],[-77.05777,-12.02939],[-77.05665,-12.03102],[-77.05509,-12.0324],[-77.05421,-12.03301],[-77.05255,-12.03384],[-77.04927,-12.03515],[-77.04711,-12.03578],[-77.0437,-12.03783],[-77.04324,-12.04284],[-77.04353,-12.04337],[-77.04312,-12.04422],[-77.04298,-12.04591],[-77.04318,-12.0464],[-77.04287,-12.04693],[-77.04167,-12.05961],[-77.04208,-12.06007],[-77.04198,-12.06073],[-77.06941,-12.09398],[-77.07671,-12.09136],[-77.07702,-12.09139],[-77.08287,-12.08841],[-77.08377,-12.0901],[-77.08427,-12.08976],[-77.08485,-12.0907],[-77.08563,-12.09064],[-77.08503,-12.08935]],[[-77.07466,-11.93359],[-77.07683,-11.93391],[-77.07758,-11.93423],[-77.0785,-11.93487],[-77.07724,-11.93643],[-77.07817,-11.93707],[-77.0789,-11.9378],[-77.07967,-11.93722],[-77.08077,-11.93664],[-77.08223,-11.93616],[-77.08239,-11.93631],[-77.08279,-11.93619],[-77.08503,-11.93817],[-77.08683,-11.94113],[-77.0894,-11.9434],[-77.08751,-11.94537],[-77.08831,-11.9461],[-77.08743,-11.94702],[-77.08743,-11.94714],[-77.08854,-11.94872],[-77.09162,-11.94547],[-77.09328,-11.94694],[-77.09356,-11.94759],[-77.09386,-11.94985],[-77.09379,-11.95035],[-77.09143,-11.95324]],[[-77.07724,-11.93643],[-77.07584,-11.93588],[-77.07443,-11.93571]],[[-77.0789,-11.9378],[-77.07901,-11.93793],[-77.08054,-11.93691],[-77.08228,-11.93627]],[[-77.08751,-11.94537],[-77.08745,-11.94529],[-77.08928,-11.94341],[-77.08681,-11.94122],[-77.08497,-11.93818],[-77.08362,-11.9369],[-77.08334,-11.93682],[-77.08291,-11.93691],[-77.08259,-11.93625]],[[-77.08854,-11.94872],[-77.0875,-11.94954],[-77.08698,-11.94962],[-77.08602,-11.94948],[-77.08577,-11.94965],[-77.08361,-11.96462],[-77.08354,-11.96572],[-77.08384,-11.96805],[-77.0842,-11.96902],[-77.08483,-11.97018],[-77.0871,-11.97305],[-77.08814,-11.97334],[-77.08847,-11.97395],[-77.08916,-11.97458],[-77.09185,-11.97686],[-77.10703,-11.99049],[-77.11148,-11.99538],[-77.11692,-12.00101],[-77.11596,-12.00216],[-77.11619,-12.00203],[-77.11692,-12.00115],[-77.11757,-12.00071],[-77.12129,-11.9993]],[[-77.08602,-11.94948],[-77.08713,-11.94954],[-77.08773,-11.9493],[-77.0891,-11.94811],[-77.0916,-11.94535],[-77.09325,-11.94682],[-77.09354,-11.94726],[-77.09393,-11.94985],[-77.09379,-11.95035]],[[-77.11596,-12.00216],[-77.11567,-12.00258],[-77.11546,-12.00345],[-77.11456,-12.00499],[-77.11217,-12.00983],[-77.11123,-12.01205],[-77.11111,-12.01292],[-77.11004,-12.01449],[-77.10885,-12.0168],[-77.10854,-12.0172],[-77.10765,-12.01897],[-77.10756,-12.01942],[-77.10675,-12.02092],[-77.10642,-12.02209],[-77.1056,-12.02312],[-77.10525,-12.02382],[-77.10516,-12.02446],[-77.10342,-12.02752],[-77.10307,-12.02789],[-77.10048,-12.03314],[-77.1001,-12.0336],[-77.09946,-12.03547],[-77.09933,-12.03924],[-77.09904,-12.04197],[-77.09916,-12.04246],[-77.09902,-12.04421],[-77.09913,-12.04475],[-77.09873,-12.04544],[-77.09847,-12.04822],[-77.09836,-12.05133],[-77.09792,-12.05488],[-77.09725,-12.06241],[-77.10474,-12.06316],[-77.10413,-12.06632],[-77.10418,-12.06847],[-77.10482,-12.07116],[-77.10635,-12.07483],[-77.10758,-12.07731],[-77.10749,-12.07736],[-77.10639,-12.07517],[-77.10473,-12.07137],[-77.10415,-12.06888],[-77.10399,-12.06787],[-77.10399,-12.06638],[-77.10459,-12.06329],[-77.09828,-12.0627],[-77.09724,-12.06255],[-77.0971,-12.06239],[-77.09823,-12.0515],[-77.09829,-12.04861],[-77.09851,-12.04606],[-77.09865,-12.04527],[-77.09894,-12.04501],[-77.09903,-12.04475],[-77.09892,-12.0442],[-77.09905,-12.04252],[-77.09892,-12.04196],[-77.09918,-12.03907],[-77.09932,-12.03562],[-77.10006,-12.03339],[-77.10044,-12.03297],[-77.10303,-12.02776],[-77.1033,-12.02745],[-77.10508,-12.02427],[-77.10591,-12.02174],[-77.10612,-12.02144],[-77.10656,-12.02117],[-77.10746,-12.01948],[-77.10762,-12.01874],[-77.10839,-12.01713],[-77.10879,-12.01673],[-77.11032,-12.01359],[-77.11097,-12.01296],[-77.11124,-12.01171],[-77.11243,-12.009],[-77.11315,-12.00775],[-77.11432,-12.00515],[-77.1155,-12.00316],[-77.11553,-12.00266],[-77.1157,-12.00231],[-77.11664,-12.00102],[-77.11257,-11.99681],[-77.10612,-11.98984],[-77.09119,-11.97667],[-77.08849,-11.9745],[-77.08751,-11.97408],[-77.08728,-11.97357],[-77.08535,-11.97135],[-77.08457,-11.97026],[-77.08401,-11.96919],[-77.08365,-11.96814],[-77.08338,-11.96684],[-77.08328,-11.96538],[-77.08542,-11.95083],[-77.08568,-11.9502]],[[-77.10749,-12.07736],[-77.10721,-12.07752],[-77.10788,-12.07866],[-77.10347,-12.08099]],[[-77.10758,-12.07731],[-77.10805,-12.07705],[-77.10873,-12.07818],[-77.10788,-12.07866]]]}},{"type":"Feature","properties":{"id":"relation/21058569","nombre":"Ruta 1031","distrito":"Bellavista","tipo":"osm"},"geometry":{"type":"MultiLineString","coordinates":[[[-77.07658,-12.05006],[-77.07661,-12.05123],[-77.07819,-12.05575],[-77.07817,-12.05669],[-77.07746,-12.05965],[-77.07926,-12.06014],[-77.07802,-12.06593],[-77.07789,-12.06832],[-77.07804,-12.07025],[-77.07794,-12.07041],[-77.07085,-12.07199],[-77.06739,-12.07244],[-77.06622,-12.07243],[-77.0642,-12.07216],[-77.06172,-12.07163],[-77.06042,-12.07161],[-77.05903,-12.07188],[-77.05798,-12.07221],[-77.0569,-12.07276],[-77.05396,-12.07511],[-77.05371,-12.07514],[-77.05273,-12.07592],[-77.0443,-12.06576],[-77.0442,-12.06516],[-77.03988,-12.06458],[-77.03955,-12.06464],[-77.03924,-12.06492],[-77.03897,-12.06476],[-77.03912,-12.06444],[-77.03965,-12.06446],[-77.04587,-12.0653],[-77.04821,-12.06814],[-77.0492,-12.06734],[-77.04839,-12.06634],[-77.04725,-12.06727],[-77.04564,-12.06535],[-77.04441,-12.06627],[-77.04508,-12.06828],[-77.04951,-12.07359],[-77.05138,-12.0721],[-77.05389,-12.07501],[-77.05706,-12.07254],[-77.05787,-12.07213],[-77.05979,-12.0716],[-77.06037,-12.0715],[-77.06169,-12.07153],[-77.0653,-12.07221],[-77.06738,-12.07234],[-77.07083,-12.07189],[-77.07781,-12.07036],[-77.07788,-12.07018],[-77.07785,-12.07001],[-77.07769,-12.06994],[-77.07764,-12.06944],[-77.07778,-12.06938],[-77.07779,-12.06676],[-77.07836,-12.06324],[-77.0798,-12.05737],[-77.08015,-12.05667],[-77.08088,-12.05585],[-77.0782,-12.05173],[-77.07802,-12.05019],[-77.0783,-12.05023],[-77.07827,-12.04982],[-77.07704,-12.04754],[-77.07776,-12.04882]],[[-77.07659,-12.05001],[-77.07802,-12.05019],[-77.07798,-12.04951],[-77.07688,-12.04752],[-77.07666,-12.04635],[-77.07754,-12.0358],[-77.07815,-12.03495],[-77.07833,-12.03424],[-77.07444,-12.02373],[-77.07445,-12.02297],[-77.07468,-12.0222],[-77.07619,-12.01931],[-77.07442,-12.01842],[-77.07336,-12.01774],[-77.07055,-12.01396],[-77.07002,-12.013],[-77.06998,-12.01231],[-77.07027,-12.01137],[-77.07004,-12.01091],[-77.06482,-12.00915],[-77.06229,-12.00874],[-77.06119,-12.00895],[-77.0609,-12.00879],[-77.06082,-12.00851],[-77.0613,-12.00769],[-77.06168,-12.00495],[-77.06159,-12.00432],[-77.06172,-12.00409],[-77.06306,-11.99543],[-77.06302,-11.99519],[-77.06374,-11.99112],[-77.06358,-11.98996],[-77.06381,-11.98959],[-77.06441,-11.98958],[-77.06499,-11.9901],[-77.07504,-11.99161],[-77.08023,-11.99139]],[[-77.07759,-12.04879],[-77.07687,-12.04767],[-77.07684,-12.04736]],[[-77.08046,-11.99137],[-77.0912,-11.99082],[-77.1146,-11.98785],[-77.11439,-11.98831],[-77.11421,-11.99303],[-77.11408,-11.99303],[-77.11438,-11.988],[-77.09157,-11.99091],[-77.07549,-11.99179],[-77.06487,-11.99027],[-77.06451,-11.99045],[-77.06398,-11.99367],[-77.06372,-11.99428],[-77.06377,-11.99499],[-77.06347,-11.9969],[-77.06295,-11.99768],[-77.06243,-12.00091],[-77.06217,-12.00329],[-77.06217,-12.00397],[-77.06231,-12.00438],[-77.06215,-12.00466],[-77.06173,-12.00789],[-77.06192,-12.0083],[-77.0623,-12.00855],[-77.06485,-12.00901],[-77.07056,-12.0109],[-77.07013,-12.01225],[-77.07011,-12.0127],[-77.07019,-12.0131],[-77.07067,-12.01387],[-77.07366,-12.01782],[-77.07639,-12.01925],[-77.07476,-12.02226],[-77.07452,-12.02324],[-77.07461,-12.02408],[-77.07766,-12.03184],[-77.07841,-12.03407],[-77.07834,-12.03478],[-77.07789,-12.03561],[-77.07788,-12.03587],[-77.0777,-12.03605],[-77.07677,-12.04618],[-77.07704,-12.04754]]]}}]}